Site,SubSite,CaptureDate,Species,IndividualID,Sex,Age,SVLmm,MassG,SwabID,BdSample,SwabLost,BdResult,TargetCopies/swab,HgSampleID,Notes,potential_injury_effect,flagged,reason,dead
JonesPond,1,7/21/2021,RALU,900111880425384,F,,82,65.3,,N,,,,,TAKEN TO LAB,0,0,,
JonesPond,1,7/21/2021,RALU,900111880426858,F,,81,53.1,,N,,,,,TAKEN TO LAB,0,0,,
JonesPond,1,7/21/2021,RALU,900111880425735,F,,80,51.3,,N,,,,,"TAKEN TO LAB, RR2, RR3 DAMAGED",0,0,,
JonesPond,1,7/21/2021,RALU,900111880425386,F,,78,44.1,,N,,,,,"TAKEN TO LAB, SPLIT LR2",0,0,,
JonesPond,1,7/21/2021,RALU,900111880425558,F,,80,44,,N,,,,,TAKEN TO LAB,0,0,,
JonesPond,1,7/21/2021,RALU,900111880425550,F,,77,43.1,,N,,,,,TAKEN TO LAB,0,0,,
JonesPond,1,7/21/2021,RALU,900219000112277,F,,73,41.7,,N,,,,,TAKEN TO LAB,0,0,,
JonesPond,1,7/21/2021,RALU,900111880425712,F,,74,39.2,,N,,,,,TAKEN TO LAB,0,0,,
JonesPond,1,7/21/2021,RALU,900219000112240,F,,71,36.4,,N,,,,,TAKEN TO LAB,0,0,,
JonesPond,1,7/21/2021,RALU,900111880425681,F,,75,35.5,,N,,,,,TAKEN TO LAB,0,0,,
JonesPond,1,7/21/2021,RALU,900219000112289,F,,72,31.2,,N,,,,,TAKEN TO LAB,0,0,,
JonesPond,1,7/21/2021,RALU,900219000112235,F,,64,25.8,,N,,,,,TAKEN TO LAB,0,0,,
JonesPond,1,7/21/2021,RALU,900219000112270,F,,53,12.5,,N,,,,,TAKEN TO LAB,0,0,,
JonesPond,1,7/22/2019,RALU,900111880426860,F,,79,93.2,1902400183,Y,0,pos,675.74,,,0,0,,
JonesPond,1,7/23/2019,RALU,900111880426860,F,,79,93.2,,N,,,,,,0,0,,
JonesPond,1,7/24/2019,RALU,900111880426860,F,,79,93.2,,N,,,,,,0,0,,
JonesPond,1,7/25/2019,RALU,900111880426860,F,,79,93.2,,N,,,,,,0,0,,
JonesPond,1,8/19/2020,RALU,900111880425666,F,,85,76.8,2001900105,Y,0,pos,35539.47,,,0,0,,
JonesPond,1,8/20/2020,RALU,900111880425738,F,,84,76.8,2001900157,Y,0,pos,2405.02,,,0,0,,
JonesPond,1,7/23/2019,RALU,900111880426419,F,,89,75.4,,N,,,,,,0,0,,
JonesPond,1,7/24/2019,RALU,900111880426419,F,,89,75.4,,N,,,,,,0,0,,
JonesPond,1,7/25/2019,RALU,900111880426419,F,,89,75.4,,N,,,,,,0,0,,
JonesPond,1,7/22/2019,RALU,900111880426419,F,,89,75.04,1902400185,Y,0,pos,3593.3,,,0,0,,
JonesPond,1,8/23/2021,RALU,900111880425384,F,,83,74.9,,N,,,,,,0,0,,
JonesPond,1,7/22/2019,RALU,900111880426732,F,,81,74.3,1902400173,Y,0,pos,11698.24,,,0,0,,
JonesPond,1,7/23/2019,RALU,900111880426732,F,,81,74.3,,N,,,,,,0,0,,
JonesPond,1,7/25/2019,RALU,900111880426732,F,,81,74.3,,N,,,,,,0,0,,
JonesPond,1,8/16/2021,RALU,900111880425384,F,,86,71.5,2100500267,Y,0,pos,30726.1466563479,,,0,0,,
JonesPond,1,7/23/2019,RALU,900111880425396,F,,84,69.8,1903900040,Y,0,pos,578.06,19ARMI1818,"MISSING BOTH TOES TOOK LEFT MIDDE INSTEAD, MAYBE OURS LAST YEAR, CARROL THIS YEAR OR DROPPED TAG?",0,0,,
JonesPond,1,7/24/2019,RALU,900111880425396,F,,84,69.8,,N,,,,,,0,0,,
JonesPond,1,7/25/2019,RALU,900111880425396,F,,84,69.8,,N,,,,,,0,0,,
JonesPond,1,7/22/2019,RALU,900111880425327,F,,92,69.4,1602000353,Y,0,pos,26058.99,19ARMI1826,,0,0,,
JonesPond,1,7/23/2019,RALU,900111880425327,F,,92,69.4,,N,,,,,,0,0,,
JonesPond,1,7/24/2019,RALU,900111880425327,F,,92,69.4,,N,,,,,,0,0,,
JonesPond,1,7/25/2019,RALU,900111880425327,F,,92,69.4,,N,,,,,,0,0,,
JonesPond,1,7/13/2020,RALU,900111880426856,F,,85,69.2,2001900235,Y,0,pos,1663.18,,,0,0,,
JonesPond,1,7/16/2020,RALU,900111880425856,F,,89,67.7,,N,,,,,,0,0,,
JonesPond,1,7/15/2018,RALU,900111880426860,F,,82,67.5,1800200252,Y,0,pos,98.16,18ARMI0602,,0,0,,
JonesPond,1,7/19/2021,RALU,900111880425384,F,,82,66.4,2100400226,Y,0,pos,4624.6133307259,,,0,0,,
JonesPond,1,7/13/2020,RALU,900111880425334,F,,84,66.3,2001900279,Y,0,pos,330.25,,,0,0,,
JonesPond,1,6/21/2021,RALU,900111880425384,F,,86,66.2,2100400129,Y,0,pos,367822.018434261,,,0,0,,
JonesPond,1,6/23/2020,RALU,900111880425396,F,,89,65.9,,N,,,,,CAPT 6/22,0,0,,
JonesPond,1,6/22/2021,RALU,900111880425384,F,,86,65.5,,N,,,,,,0,0,,
JonesPond,1,7/23/2019,RALU,900111880426858,F,,84,65.2,1903900043,Y,0,pos,78.38,,,0,0,,
JonesPond,1,7/25/2019,RALU,900111880426858,F,,84,65.2,,N,,,,,,0,0,,
JonesPond,1,7/22/2019,RALU,900111880425384,F,,74,65,1902400175,Y,0,pos,979.3,19ARMI1808,,0,0,,
JonesPond,1,7/23/2019,RALU,900111880425384,F,,74,65,,N,,,,,,0,0,,
JonesPond,1,7/24/2019,RALU,900111880425384,F,,74,65,,N,,,,,,0,0,,
JonesPond,1,7/15/2020,RALU,900111880425334,F,,85,64.8,,N,,,,,,0,0,,
JonesPond,1,7/22/2019,RALU,900111880426857,F,,72,64.8,1902400178,Y,0,pos,7204.74,,,0,0,,
JonesPond,1,7/23/2019,RALU,900111880426857,F,,72,64.8,,N,,,,,,0,0,,
JonesPond,1,7/25/2019,RALU,900111880426857,F,,72,64.8,,N,,,,,,0,0,,
JonesPond,1,7/22/2019,RALU,900111880426735,F,,83,64.7,1902400184,Y,0,pos,793.83,,DARK MARKS ON CHEST,1,0,,
JonesPond,1,7/23/2019,RALU,900111880426735,F,,83,64.7,,N,,,,,,0,0,,
JonesPond,1,7/24/2019,RALU,900111880426735,F,,83,64.7,,N,,,,,,0,0,,
JonesPond,1,6/23/2021,RALU,900111880425384,F,,86,64.3,,N,,,,,,0,0,,
JonesPond,1,7/22/2019,RALU,900111880426928,F,,82,63,1902400170,Y,0,pos,4504.48,,,0,0,,
JonesPond,1,7/23/2019,RALU,900111880426928,F,,82,63,,N,,,,,,0,0,,
JonesPond,1,7/24/2019,RALU,900111880426928,F,,82,63,,N,,,,,,0,0,,
JonesPond,1,7/25/2019,RALU,900111880426928,F,,82,63,,N,,,,,,0,0,,
JonesPond,1,7/13/2020,RALU,900111880425738,F,,84,62.9,2001900262,Y,0,pos,50864.7,20ARMI0558,,0,0,,
JonesPond,1,7/25/2019,RALU,900111880426937,F,,75,62.9,,N,,,,,,0,0,,
JonesPond,1,7/23/2019,RALU,900111880426921,F,,85,62.2,1903900042,Y,0,pos,3963.63,,,0,0,,
JonesPond,1,7/24/2019,RALU,900111880426921,F,,85,62.2,,N,,,,,,0,0,,
JonesPond,1,7/25/2019,RALU,900111880426921,F,,85,62.2,,N,,,,,,0,0,,
JonesPond,1,7/14/2020,RALU,900111880425384,F,,81,62.2,2001900194,Y,0,pos,127275.08,,,0,0,,
JonesPond,1,7/15/2018,RALU,900111880426756,F,,85,62.1,1602000287,Y,0,pos,334.17,18ARMI0532,,0,0,,
JonesPond,1,8/20/2020,RALU,900111880426858,F,,85,62.1,,N,,,,,RR FOOT DAMAGED,1,0,,
JonesPond,1,8/24/2021,RALU,900111880426540,F,,80,62,2100500212,Y,0,neg,0,,,0,0,,
JonesPond,1,7/13/2020,RALU,900111880425378,F,,81,61.4,2001900283,Y,0,pos,960.69,,,0,0,,
JonesPond,1,7/23/2019,RALU,900111880426939,F,,77,60.9,1903900054,Y,0,pos,25824.13,,,0,0,,
JonesPond,1,7/24/2019,RALU,900111880426939,F,,77,60.9,,N,,,,,,0,0,,
JonesPond,1,8/19/2020,RALU,900111880426858,F,,85,60.8,2001900102,Y,0,pos,1016.7,,"RR FOOT HAS SEVERED DIGIT WITH BONE CUT, BLEEDING FROM VENT",1,0,,
JonesPond,1,8/24/2021,RALU,900111880425517,F,,84,60.8,,N,,,,,,0,0,,
JonesPond,1,7/22/2019,RALU,900111880425422,F,,85,60.6,1902400167,Y,0,neg,0,19ARMI1807,,0,0,,
JonesPond,1,7/24/2019,RALU,900111880425422,F,,85,60.6,,N,,,,,,0,0,,
JonesPond,1,7/25/2019,RALU,900111880425422,F,,85,60.6,,N,,,,,,0,0,,
JonesPond,1,7/16/2018,RALU,900111880426742,F,,80,60.6,1602000309,Y,0,pos,6462.63,18ARMI0535,,0,0,,
JonesPond,1,7/15/2020,RALU,900111880425738,F,,80,60.5,,N,,,,,,0,0,,
JonesPond,1,8/20/2021,RALU,900111880425517,F,,82,60.4,2100500234,Y,0,pos,63142.6117110277,,,0,0,,
JonesPond,1,6/22/2020,RALU,900111880425396,F,,85,60.3,2001800244,Y,0,pos,6809.76,,,0,0,,
JonesPond,1,7/14/2020,RALU,900111880425422,F,,82,60.2,2001900255,Y,0,neg,0,,,0,0,,
JonesPond,1,7/17/2018,RALU,900111880426734,F,,81,60.1,1602000330,Y,0,pos,1988.98,18ARMI0588,,0,0,,
JonesPond,1,7/16/2020,RALU,900111880425738,F,,79,60,,N,,,,,,0,0,,
JonesPond,1,7/16/2018,RALU,900111880426747,F,,81,59.7,1602000325,Y,0,pos,810.33,18ARMI0623,,0,0,,
JonesPond,1,8/21/2020,RALU,900111880426858,F,,84,59.6,,N,,,,,RR FOOT HAS SEVERED TOES,0,0,,
JonesPond,1,7/14/2020,RALU,900111880425738,F,,81,59.6,,N,,,,,,0,0,,
JonesPond,1,7/22/2019,RALU,900111880425378,F,,77,59.5,1602000355,Y,0,pos,5602.62,19ARMI1804,,0,0,,
JonesPond,1,7/24/2019,RALU,900111880425378,F,,77,59.5,,N,,,,,,0,0,,
JonesPond,1,7/25/2019,RALU,900111880425378,F,,77,59.5,,N,,,,,,0,0,,
JonesPond,1,7/22/2019,RALU,900111880426922,F,,66,59.3,1903900037,Y,0,pos,688207.78,,,0,0,,
JonesPond,1,7/23/2019,RALU,900111880426922,F,,66,59.3,,N,,,,,,0,0,,
JonesPond,1,7/23/2019,RALU,900111880425334,F,,80,59.2,1903900046,Y,0,pos,808.28,19ARMI1802,,0,0,,
JonesPond,1,7/24/2019,RALU,900111880425334,F,,80,59.2,,N,,,,,,0,0,,
JonesPond,1,7/22/2019,RALU,900111880426842,F,,86,59.1,1902400172,Y,0,pos,7656.34,,,0,0,,
JonesPond,1,7/23/2019,RALU,900111880426842,F,,86,59.1,,N,,,,,,0,0,,
JonesPond,1,7/24/2019,RALU,900111880426842,F,,86,59.1,,N,,,,,,0,0,,
JonesPond,1,7/25/2019,RALU,900111880426842,F,,86,59.1,,N,,,,,,0,0,,
JonesPond,1,7/15/2018,RALU,900111880426754,F,,77,59.1,1602000299,Y,0,pos,28094.35,18ARMI0561,,0,0,,
JonesPond,1,7/23/2019,RALU,900111880425392,F,,76,58.5,1903900044,Y,0,neg,0,19ARMI1848,,0,0,,
JonesPond,1,7/24/2019,RALU,900111880425392,F,,76,58.5,,N,,,,,,0,0,,
JonesPond,1,7/25/2019,RALU,900111880425392,F,,76,58.5,,N,,,,,,0,0,,
JonesPond,1,7/13/2020,RALU,900111880426858,F,,83,58.4,2001900281,Y,0,pos,314.73,,,0,0,,
JonesPond,1,7/17/2018,RALU,900111880426723,F,,75,58.4,1602000335,Y,0,pos,843.65,18ARMI0589,,0,0,,
JonesPond,1,7/15/2018,RALU,900111880426419,F,,78,58,1602000271,Y,0,pos,1412.06,18ARMI0630,,0,0,,
JonesPond,1,7/22/2019,RALU,900111880426401,F,,75,57.7,1903900036,Y,0,pos,1616.4,,,0,0,,
JonesPond,1,7/23/2019,RALU,900111880426401,F,,75,57.7,,N,,,,,,0,0,,
JonesPond,1,7/24/2019,RALU,900111880426401,F,,75,57.7,,N,,,,,,0,0,,
JonesPond,1,7/25/2019,RALU,900111880426401,F,,75,57.7,,N,,,,,,0,0,,
JonesPond,1,8/24/2021,RALU,900111880426858,F,,83,57.1,,N,,,,,MISSING HALF OF LR FOOT,1,0,,
JonesPond,1,7/16/2020,RALU,900111880425378,F,,82,57,,N,,,,,,0,0,,
JonesPond,1,7/16/2018,RALU,900111880426939,F,,79,56.5,1602000312,Y,0,pos,187,18ARMI0597,,0,0,,
JonesPond,1,7/16/2018,RALU,900111880426758,F,,76,56.1,1602000303,Y,0,pos,6135.52,18ARMI0610,may have lost tag from previous night (so may be a recap),0,0,,
JonesPond,1,8/23/2021,RALU,900111880425558,F,,81,56,2100500357,Y,0,pos,3518.85411977829,,,0,0,,
JonesPond,1,7/15/2018,RALU,900111880426852,F,,83,55.9,1602000277,Y,0,neg,0,18ARMI0533,,0,0,,
JonesPond,1,7/23/2019,RALU,900111880425379,F,,79,55.8,1903900052,Y,0,pos,3048.37,19ARMI1821,,0,0,,
JonesPond,1,7/24/2019,RALU,900111880425379,F,,79,55.8,,N,,,,,,0,0,,
JonesPond,1,7/25/2019,RALU,900111880425379,F,,79,55.8,,N,,,,,,0,0,,
JonesPond,1,7/15/2018,RALU,900111880426750,F,,76,55.6,1602000292,Y,0,pos,5288.49,18ARMI0601,,0,0,,
JonesPond,1,8/20/2021,RALU,900111880426858,F,,82,55.3,,N,,,,,MISSING HALF OF LR FOOT,1,0,,
JonesPond,1,8/24/2021,RALU,900111880425558,F,,82,54.9,,N,,,,,,0,0,,
JonesPond,1,7/22/2019,RALU,900111880425366,F,,81,54.8,1902400179,Y,0,pos,3004.55,19ARMI1796,,0,0,,
JonesPond,1,7/15/2020,RALU,900111880425327,F,,81,54.8,2001900175,Y,0,pos,40695.06,20ARMI0588,,0,0,,
JonesPond,1,7/23/2019,RALU,900111880425366,F,,81,54.8,,N,,,,,,0,0,,
JonesPond,1,7/25/2019,RALU,900111880425366,F,,81,54.8,,N,,,,,,0,0,,
JonesPond,1,7/15/2018,RALU,900111880426856,F,,76,54.8,1800200254,Y,0,neg,0,18ARMI0606,,0,0,,
JonesPond,1,6/22/2020,RALU,900111880425334,F,,82,54.4,2001800243,Y,0,pos,3443.66,,,0,0,,
JonesPond,1,8/23/2021,RALU,900111880425735,F,,76,54.2,,N,,,,,DEFORMED REAR FEET,1,0,,
JonesPond,1,8/20/2020,RALU,900111880426928,F,,81,54.1,,N,,,,,,0,0,,
JonesPond,1,7/19/2021,RALU,900111880426858,F,,80,54.1,2100500286,Y,0,pos,7456.46964991221,,,0,0,,
JonesPond,1,8/16/2021,RALU,900111880426858,F,,84,54,2100500261,Y,0,pos,961.437247112417,,MISSING HALF OF LR FOOT,1,0,,
JonesPond,1,7/15/2018,RALU,900111880426406,F,,80,54,1800200240,Y,0,pos,52.68,18ARMI0622,,0,0,,
JonesPond,1,7/20/2021,RALU,900111880426858,F,,85,53.8,,N,,,,,,0,0,,
JonesPond,1,7/13/2020,RALU,900111880425417,F,,77,53.8,2001900253,Y,0,pos,11293.09,,,0,0,,
JonesPond,1,7/15/2018,RALU,900111880426858,F,,76,53.8,1602000052,Y,0,pos,124.27,18ARMI0616,,0,0,,
JonesPond,1,8/20/2020,RALU,900111880425520,F,,78,53.7,2001900162,Y,0,pos,2042.37,20ARMI0422,,0,0,,
JonesPond,1,7/14/2020,RALU,900111880425417,F,,80,53.5,,N,,,,,,0,0,,
JonesPond,1,7/14/2020,RALU,900111880426858,F,,83,53.4,2001900182,Y,0,pos,2558.67,,,0,0,,
JonesPond,1,6/22/2020,RALU,900111880425666,F,,76,53.4,2001800240,Y,0,pos,3389.27,,,0,0,,
JonesPond,1,8/20/2021,RALU,900111880425735,F,,78,53.2,2100500222,Y,0,pos,2710.5293774888,,DEFORMED REAR FEET,1,0,,
JonesPond,1,8/20/2020,RALU,900111880425507,F,,75,53.2,2001900155,Y,0,neg,0,20ARMI0559,,0,0,,
JonesPond,1,7/23/2019,RALU,900111880426936,F,,67,53,1903900206,Y,0,pos,25380.75,,,0,0,,
JonesPond,1,6/22/2021,RALU,900111880426858,F,,83,52.9,,N,,,,,,0,0,,
JonesPond,1,6/23/2021,RALU,900111880426858,F,,82,52.8,,N,,,,,,0,0,,
JonesPond,1,6/23/2020,RALU,900111880425666,F,,77,52.6,,N,,,,,CAPT 6/22,0,0,,
JonesPond,1,7/15/2018,RALU,900111880426416,F,,74,52.6,1602000053,Y,0,pos,1290.42,18ARMI0612,,0,0,,
JonesPond,1,6/23/2020,RALU,900111880425334,F,,82,52.5,,N,,,,,CAPT 6/22,0,0,,
JonesPond,1,6/22/2020,RALU,900111880425327,F,,81,52.5,2001800234,Y,0,pos,300484.43,,,0,0,,
JonesPond,1,7/22/2019,RALU,900111880426755,F,,76,52.5,1902400169,Y,0,pos,19527.23,,,0,0,,
JonesPond,1,7/23/2019,RALU,900111880426755,F,,76,52.5,,N,,,,,,0,0,,
JonesPond,1,7/24/2019,RALU,900111880426755,F,,76,52.5,,N,,,,,,0,0,,
JonesPond,1,7/15/2018,RALU,900111880426746,F,,77,52.4,1602000297,Y,0,neg,0,18ARMI0529,,0,0,,
JonesPond,1,7/23/2019,RALU,900111880425424,F,,72,52.4,1903900049,Y,0,pos,69437.98,19ARMI1841,,0,0,,
JonesPond,1,7/24/2019,RALU,900111880425424,F,,72,52.4,,N,,,,,,0,0,,
JonesPond,1,6/24/2020,RALU,900111880425666,F,,80,52.3,,N,,,,,CAPT 6/23,0,0,,
JonesPond,1,7/22/2019,RALU,900111880425417,F,,74,51.9,1602000350,Y,0,neg,0,19ARMI1847,,0,0,,
JonesPond,1,7/23/2019,RALU,900111880425417,F,,74,51.9,,N,,,,,,0,0,,
JonesPond,1,7/24/2019,RALU,900111880425417,F,,74,51.9,,N,,,,,,0,0,,
JonesPond,1,7/25/2019,RALU,900111880425417,F,,74,51.9,,N,,,,,,0,0,,
JonesPond,1,7/17/2018,RALU,900111880426735,F,,80,51.7,1602000341,Y,0,pos,2609.17,18ARMI0663,,0,0,,
JonesPond,1,7/16/2020,RALU,900111880426314,F,,80,51.7,,N,,,,,,0,0,,
JonesPond,1,7/16/2018,RALU,900111880426937,F,,78,51.7,1602000319,Y,0,pos,5735.13,18ARMI0591,,0,0,,
JonesPond,1,7/20/2021,RALU,900111880425735,F,,78,51.7,2100500282,Y,0,pos,1080.99473088769,,"RR2, RR3 DAMAGED",0,0,,
JonesPond,1,7/16/2018,RALU,900111880426749,F,,75,51.6,1602000300,Y,0,pos,128.38,18ARMI0564,,0,0,,
JonesPond,1,7/22/2019,RALU,900111880425429,F,,82,51.5,1602000351,Y,0,pos,3241.95,19ARMI1836,,0,0,,
JonesPond,1,7/23/2019,RALU,900111880425429,F,,82,51.5,,N,,,,,,0,0,,
JonesPond,1,7/24/2019,RALU,900111880425429,F,,82,51.5,,N,,,,,,0,0,,
JonesPond,1,7/25/2019,RALU,900111880425429,F,,82,51.5,,N,,,,,,0,0,,
JonesPond,1,7/14/2020,RALU,900111880426328,F,,79,51.5,2001900179,Y,0,pos,1243.7,,,0,0,,
JonesPond,1,7/15/2018,RALU,900111880426850,F,,78,51.5,1602000066,Y,0,neg,0,18ARMI0547,,0,0,,
JonesPond,1,7/17/2018,RALU,900111880426732,F,,77,51.5,1602000329,Y,0,pos,138.43,18ARMI0655,,0,0,,
JonesPond,1,8/20/2020,RALU,900111880426735,F,,82,51.3,2001900154,Y,0,pos,19589.46,,,0,0,,
JonesPond,1,8/19/2020,RALU,900111880426928,F,,79,51.2,2001900064,Y,0,neg,0,,EXTRA TUBERCLE ON RF3,0,0,,
JonesPond,1,6/22/2020,RALU,900111880425378,F,,81,51.1,2001800246,Y,0,pos,1470.34,,,0,0,,
JonesPond,1,6/25/2020,RALU,900111880425327,F,,84,51,,N,,,,,CAPT 6/22,0,0,,
JonesPond,1,7/15/2020,RALU,900111880425417,F,,80,51,,N,,,,,,0,0,,
JonesPond,1,6/25/2020,RALU,900111880425666,F,,78,50.9,,N,,,,,CAPT 6/22,0,0,,
JonesPond,1,7/16/2020,RALU,900111880425366,F,,80,50.6,,N,,,,,,0,0,,
JonesPond,1,7/17/2018,RALU,900111880426740,F,,76,50.6,1602000339,Y,0,pos,125074.85,18ARMI0661,,0,0,,
JonesPond,1,6/24/2020,RALU,900111880425378,F,,82,50.5,,N,,,,,CAPT 6/23,0,0,,
JonesPond,1,7/17/2018,RALU,900111880426722,F,,77,50.5,1602000331,Y,0,neg,0,18ARMI0676,,0,0,,
JonesPond,1,7/13/2020,RALU,900111880425792,F,,79,50.4,2001900257,Y,0,pos,16128.1,20ARMI0467,,0,0,,
JonesPond,1,7/15/2018,RALU,900111880426857,F,,77,50.4,1602000276,Y,0,pos,69.21,18ARMI0558,,0,0,,
JonesPond,1,6/22/2021,RALU,900111880426928,F,,79,50.2,2100400060,Y,0,pos,1666.28390268815,,,0,0,,
JonesPond,1,8/21/2020,RALU,900111880425520,F,,78,50.2,,N,,,,,,0,0,,
JonesPond,1,8/19/2020,RALU,900111880426735,F,,84,50.1,2001900098,Y,0,pos,34817.77,,,0,0,,
JonesPond,1,6/24/2020,RALU,900111880425327,F,,83,50.1,,N,,,,,CAPT 6/22,0,0,,
JonesPond,1,7/16/2020,RALU,900111880425417,F,,78,50.1,,N,,,,,,0,0,,
JonesPond,1,7/16/2018,RALU,900111880426848,F,,75,49.8,1602000304,Y,0,pos,170.51,18ARMI0539,,0,0,,
JonesPond,1,7/13/2020,RALU,900111880426735,F,,83,49.7,2001900269,Y,0,pos,6268.64,,,0,0,,
JonesPond,1,6/24/2021,RALU,900111880426928,F,,78,49.6,,N,,,,,SCAR ON L ABDOMEN,1,0,,
JonesPond,1,8/20/2021,RALU,900111880425386,F,,76,49.6,2100500343,Y,0,pos,996.795473332127,,SPLIT RR2,0,0,,
JonesPond,1,7/23/2019,RALU,900111880426934,F,,66,49.6,1903900053,Y,0,neg,0,,,0,0,,
JonesPond,1,7/24/2019,RALU,900111880426934,F,,66,49.6,,N,,,,,,0,0,,
JonesPond,1,6/24/2020,RALU,900111880425417,F,,80,49.5,,N,,,,,CAPT 6/23,0,0,,
JonesPond,1,7/15/2020,RALU,900111880425366,F,,79,49.4,2001900150,Y,0,pos,751.89,20ARMI0596,SHOULD NOT HAVE BEEN CLIPPED,0,0,,
JonesPond,1,8/20/2021,RALU,900111880425550,F,,78,49.4,2100500217,Y,0,pos,7231.28877297756,,,0,0,,
JonesPond,1,7/17/2018,RALU,900111880426730,F,,76,49.2,1602000343,Y,0,pos,2259.92,18ARMI0638,,0,0,,
JonesPond,1,7/16/2020,RALU,900111880426328,F,,78,49.1,,N,,,,,,0,0,,
JonesPond,1,7/16/2018,RALU,900111880426928,F,,73,49.1,1602000314,Y,0,pos,389.45,18ARMI0555,,0,0,,
JonesPond,1,6/21/2021,RALU,900111880426858,F,,84,49,2100400058,Y,0,pos,30831.0153056366,,,0,0,,
JonesPond,1,6/23/2020,RALU,900111880425417,F,,79,48.9,2001800182,Y,0,pos,4209.39,,,0,0,,
JonesPond,1,8/21/2020,RALU,900111880425507,F,,75,48.9,,N,,,,,BRIGHT YELLOW SPOT ON L ABDOMEN,1,0,,
JonesPond,1,7/16/2018,RALU,900111880426926,F,,74,48.8,1602000326,Y,0,neg,0,18ARMI0594,,0,0,,
JonesPond,1,6/23/2020,RALU,900111880425378,F,,83,48.7,,N,,,,,CAPT 6/22,0,0,,
JonesPond,1,8/20/2020,RALU,900111880426757,F,,81,48.7,,N,,,,,,0,0,,
JonesPond,1,7/14/2020,RALU,900111880425792,F,,79,48.7,,N,,,,,,0,0,,
JonesPond,1,7/13/2020,RALU,900111880426510,F,,78,48.6,2001900259,Y,0,pos,1177.49,,,0,0,,
JonesPond,1,7/22/2019,RALU,900111880425408,F,,76,48.5,1602000354,Y,0,pos,18296.19,19ARMI1850,,0,0,,
JonesPond,1,7/24/2019,RALU,900111880425408,F,,76,48.5,,N,,,,,,0,0,,
JonesPond,1,7/25/2019,RALU,900111880425408,F,,76,48.5,,N,,,,,,0,0,,
JonesPond,1,7/24/2019,RALU,900111880426540,F,,83,48.4,1903900208,Y,0,pos,69.58,19ARMI1710,,0,0,,
JonesPond,1,7/25/2019,RALU,900111880426540,F,,83,48.4,,N,,,,,,0,0,,
JonesPond,1,7/16/2018,RALU,900111880426922,F,,75,48.3,1602000321,Y,0,pos,29122.93,18ARMI0579,,0,0,,
JonesPond,1,6/24/2021,RALU,900111880426858,F,,79,48.2,,N,,,,,,0,0,,
JonesPond,1,7/14/2020,RALU,900111880426735,F,,83,48,,N,,,,,,0,0,,
JonesPond,1,8/20/2021,RALU,900219000112297,F,,74,47.9,2100500219,Y,0,pos,7826.09991614199,,,0,0,,
JonesPond,1,7/23/2019,RALU,900111880425425,F,,72,47.9,1903900207,Y,0,pos,1951.49,19ARMI1820,POSSIBLE CAROL FROG? Missing toe,0,0,,
JonesPond,1,7/24/2019,RALU,900111880425425,F,,72,47.9,,N,,,,,,0,0,,
JonesPond,1,7/25/2019,RALU,900111880425425,F,,72,47.9,,N,,,,,,0,0,,
JonesPond,1,7/22/2019,RALU,900111880426923,F,,79,47.8,1902400181,Y,0,pos,54965.49,,,0,0,,
JonesPond,1,6/24/2021,RALU,900111880425408,F,,79,47.8,,N,,,,,,0,0,,
JonesPond,1,7/23/2019,RALU,900111880426923,F,,79,47.8,,N,,,,,,0,0,,
JonesPond,1,7/25/2019,RALU,900111880426923,F,,79,47.8,,N,,,,,,0,0,,
JonesPond,1,7/14/2020,RALU,900111880425432,F,,76,47.8,2001900173,Y,0,pos,1995.94,,,0,0,,
JonesPond,1,8/21/2020,RALU,900111880426757,F,,81,47.7,,N,,,,,,0,0,,
JonesPond,1,7/15/2018,RALU,900111880426412,F,,76,47.7,1602000281,Y,0,pos,49331.88,18ARMI0618,,0,0,,
JonesPond,1,8/23/2021,RALU,900111880425681,F,,76,47.7,2100500348,Y,0,pos,517.495338163638,,,0,0,,
JonesPond,1,8/19/2020,RALU,900111880426757,F,,81,47.6,2001900097,Y,0,neg,0,,,0,0,,
JonesPond,1,7/22/2019,RALU,900111880426752,F,,78,47.6,1902400171,Y,0,pos,3049.25,,,0,0,,
JonesPond,1,7/23/2019,RALU,900111880426757,F,,78,47.6,,N,,,,,,0,0,,
JonesPond,1,7/24/2019,RALU,900111880426757,F,,78,47.6,,N,,,,,,0,0,,
JonesPond,1,7/25/2019,RALU,900111880426757,F,,78,47.6,,N,,,,,,0,0,,
JonesPond,1,7/15/2018,RALU,900111880426841,F,,75,47.4,1800200255,Y,0,neg,0,18ARMI0538,,0,0,,
JonesPond,1,7/15/2020,RALU,900111880426328,F,,81,47.3,,N,,,,,,0,0,,
JonesPond,1,6/24/2021,RALU,900111880426540,F,,78,47.3,2100500353,Y,0,neg,0,,,0,0,,
JonesPond,1,7/15/2018,RALU,900111880426843,F,,74,47.3,1602000291,Y,0,pos,16728.85,18ARMI0552,,0,0,,
JonesPond,1,6/23/2020,RALU,900111880426937,F,,83,47.2,2001900018,Y,0,pos,199145.21,,,0,0,,
JonesPond,1,7/16/2020,RALU,900111880426510,F,,75,47.2,,N,,,,,,0,0,,
JonesPond,1,7/15/2018,RALU,900111880426401,F,,73,47.2,1602000047,Y,0,pos,1747.72,18ARMI0621,,0,0,,
JonesPond,1,7/16/2020,RALU,900111880426735,F,,82,47,,N,,,,,,0,0,,
JonesPond,1,7/15/2018,RALU,900111880426745,F,,76,46.7,1602000293,Y,0,pos,2351.94,18ARMI0526,,0,0,,
JonesPond,1,8/16/2021,RALU,900111880425712,F,,78,46.6,2100500257,Y,0,pos,14343.0323738049,,,0,0,,
JonesPond,1,6/21/2021,RALU,900111880425709,F,,76,46.6,2100400087,Y,0,pos,62372.8403383726,,,0,0,,
JonesPond,1,8/21/2020,RALU,900111880425704,F,,79,46.5,2001900158,Y,0,pos,22.08,,SWOLLEN KNUCKLE ON RR1,0,0,,
JonesPond,1,6/24/2021,RALU,900111880425709,F,,79,46.5,,N,,,,,,0,0,,
JonesPond,1,7/13/2020,RALU,900111880426314,F,,81,46.4,2001900239,Y,0,pos,7982.71,,,0,0,,
JonesPond,1,7/19/2021,RALU,900111880425558,F,,81,46.4,2100400228,Y,0,pos,2191.38713796701,,,0,0,,
JonesPond,1,8/21/2020,RALU,900111880425408,F,,77,46.4,,N,,,,,,0,0,,
JonesPond,1,6/23/2020,RALU,900111880426328,F,,77,46.3,,N,,,,,CAPT 6/22,0,0,,
JonesPond,1,7/15/2020,RALU,900111880425328,F,,80,46.2,,N,,,,,,0,0,,
JonesPond,1,8/19/2020,RALU,900111880425407,F,,77,45.7,2001900145,Y,0,pos,2172.02,,,0,0,,
JonesPond,1,7/13/2020,RALU,900111880426757,F,,76,45.7,2001900217,Y,0,neg,0,,,0,0,,
JonesPond,1,6/22/2021,RALU,900111880425408,F,,81,45.5,2100400052,Y,0,pos,45963.3756603923,,,0,0,,
JonesPond,1,8/19/2020,RALU,900111880425408,F,,80,45.5,2001900104,Y,0,pos,2436.47,,,0,0,,
JonesPond,1,8/20/2021,RALU,900219000112102,F,,72,45.5,2100500223,Y,0,pos,4512.54335066444,21ARMI1165,EXTRA TOE ON RF FOOT,0,0,,
JonesPond,1,8/21/2020,RALU,900111880425407,F,,81,45.4,,N,,,,,,0,0,,
JonesPond,1,7/24/2019,RALU,900111880426510,F,,81,45.3,1903900211,Y,0,pos,3534.58,19ARMI1713,,0,0,,
JonesPond,1,6/23/2021,RALU,900111880425709,F,,77,45.3,,N,,,,,,0,0,,
JonesPond,1,8/20/2020,RALU,900111880425407,F,,81,45.2,,N,,,,,,0,0,,
JonesPond,1,6/24/2020,RALU,900111880426328,F,,77,45.2,,N,,,,,CAPT 6/23,0,0,,
JonesPond,1,6/22/2020,RALU,900111880426328,F,,74,45.2,2001800249,Y,0,neg,0,,,0,0,,
JonesPond,1,8/20/2020,RALU,900111880426842,F,,81,45,2001900159,Y,0,pos,1156.98,,RR2 CROOKED,0,0,,
JonesPond,1,7/13/2020,RALU,900111880425407,F,,75,45,2001900264,Y,0,pos,2077.9,,,0,0,,
JonesPond,1,7/15/2018,RALU,900111880426842,F,,76,44.9,1602000278,Y,0,pos,3538.23,18ARMI0587,,0,0,,
JonesPond,1,7/19/2021,RALU,900111880425386,F,,76,44.8,2100500288,Y,0,neg,0,,SPLIT LR2,0,0,,
JonesPond,1,7/22/2019,RALU,900111880425415,F,,72,44.8,1602000357,Y,0,pos,24174.72,19ARMI1827,,0,0,,
JonesPond,1,7/23/2019,RALU,900111880425415,F,,72,44.8,,N,,,,,,0,0,,
JonesPond,1,7/24/2019,RALU,900111880425415,F,,72,44.8,,N,,,,,,0,0,,
JonesPond,1,6/22/2021,RALU,900111880425709,F,,78,44.7,,N,,,,,,0,0,,
JonesPond,1,8/20/2020,RALU,900111880425408,F,,77,44.7,,N,,,,,,0,0,,
JonesPond,1,7/15/2020,RALU,900111880425432,F,,76,44.7,,N,,,,,,0,0,,
JonesPond,1,7/15/2020,RALU,900111880426510,F,,76,44.7,,N,,,,,,0,0,,
JonesPond,1,7/20/2021,RALU,900111880425386,F,,74,44.7,,N,,,,,SPLIT LR2,0,0,,
JonesPond,1,8/21/2020,RALU,900111880426842,F,,83,44.5,,N,,,,,RR2 CROOKED,0,0,,
JonesPond,1,7/17/2018,RALU,900111880426737,F,,74,44.5,1602000333,Y,0,pos,829.27,18ARMI0608,,0,0,,
JonesPond,1,6/24/2021,RALU,900111880425386,F,,74,44.4,,N,,,,,,0,0,,
JonesPond,1,6/22/2021,RALU,900111880425558,F,,81,44.3,,N,,,,,,0,0,,
JonesPond,1,6/23/2021,RALU,900111880425735,F,,75,44.3,2100400043,Y,0,pos,80643.0588055185,,NO CLIP,0,0,,
JonesPond,1,7/15/2018,RALU,900111880426759,F,,70,44.3,1602000295,Y,0,pos,2607.51,18ARMI0627,,0,0,,
JonesPond,1,6/22/2021,RALU,900111880425517,F,,80,44.2,,N,,,,,,0,0,,
JonesPond,1,7/20/2021,RALU,900111880425550,F,,77,44.1,2100500271,Y,0,pos,945.841248952193,,,0,0,,
JonesPond,1,8/24/2021,RALU,900219000112102,F,,77,44.1,,N,,,,,,0,0,,
JonesPond,1,6/22/2021,RALU,900111880425386,F,,78,43.9,,N,,,,,SPLIT LR2 AND RR2,0,0,,
JonesPond,1,6/22/2021,RALU,900111880425407,F,,82,43.8,2100400022,Y,0,pos,2311.01551370342,,,0,0,,
JonesPond,1,6/24/2021,RALU,900111880425558,F,,80,43.8,,N,,,,,,0,0,,
JonesPond,1,7/14/2020,RALU,900111880425407,F,,80,43.8,,N,,,,,,0,0,,
JonesPond,1,8/19/2020,RALU,900111880425514,F,,73,43.8,2001900095,Y,0,pos,93533.79,20ARMI0441,,0,0,,
JonesPond,1,6/24/2021,RALU,900111880425407,F,,81,43.5,,N,,,,,,0,0,,
JonesPond,1,7/13/2020,RALU,900111880425328,F,,77,43.5,2001900229,Y,0,pos,4045.25,20ARMI0420,,0,0,,
JonesPond,1,7/16/2020,RALU,900111880425432,F,,77,43.5,,N,,,,,,0,0,,
JonesPond,1,6/21/2021,RALU,900111880425386,F,,79,43.4,2100400092,Y,0,neg,0,,SPLIT LR2,0,0,,
JonesPond,1,7/23/2019,RALU,900111880425335,F,,64,43.4,1903900051,Y,0,neg,0,19ARMI1844,WEIRD DOT ON TUMMY,1,0,,
JonesPond,1,7/24/2019,RALU,900111880425335,F,,64,43.4,,N,,,,,,0,0,,
JonesPond,1,7/25/2019,RALU,900111880425335,F,,64,43.4,,N,,,,,,0,0,,
JonesPond,1,7/16/2018,RALU,900111880426931,F,,70,43.2,1602000316,Y,0,pos,346.42,18ARMI0537,,0,0,,
JonesPond,1,6/23/2021,RALU,900111880425517,F,,78,43.1,,N,,,,,,0,0,,
JonesPond,1,6/24/2020,RALU,900111880425366,F,,79,43,,N,,,,,CAPT 6/23,0,0,,
JonesPond,1,7/21/2021,RALU,900111880425709,F,,78,43,2100500274,Y,0,pos,44182.1733352362,,"TAKEN TO LAB, HALF OF LF FOOT IS MISSING; LR1 DAMAGED",1,0,,
JonesPond,1,6/21/2021,RALU,900111880425558,F,,82,42.9,2100400094,Y,0,pos,565.816109682961,21ARMI1248,,0,0,,
JonesPond,1,6/21/2021,RALU,900111880425517,F,,80,42.9,2100400127,Y,0,pos,61361.0564636719,,,0,0,,
JonesPond,1,7/16/2018,RALU,900111880426930,F,,74,42.9,1602000310,Y,0,neg,0,18ARMI0542,,0,0,,
JonesPond,1,7/15/2018,RALU,900111880426748,F,,71,42.9,1602000288,Y,0,pos,46.87,18ARMI0585,,0,0,,
JonesPond,1,6/23/2021,RALU,900111880425407,F,,81,42.8,,N,,,,,,0,0,,
JonesPond,1,6/23/2020,RALU,900111880425366,F,,78,42.8,2001800191,Y,0,pos,1916.68,,,0,0,,
JonesPond,1,6/25/2020,RALU,900111880426328,F,,78,42.8,,N,,,,,CAPT 6/22,0,0,,
JonesPond,1,6/23/2020,RALU,900111880426735,F,,81,42.7,2001800181,Y,0,pos,17866.72,,,0,0,,
JonesPond,1,7/16/2018,RALU,900111880426936,F,,72,42.7,1602000306,Y,0,pos,4247.43,18ARMI0615,,0,0,,
JonesPond,1,7/15/2018,RALU,900111880426845,F,,73,42.5,1602000064,Y,0,pos,2962.33,18ARMI0629,,0,0,,
JonesPond,1,7/17/2018,RALU,900111880426739,F,,71,42.5,1602000342,Y,0,pos,14.33,,"Both rear long-tes cut, appears to be a recapture but no tag. Marked with new tag. No Hg sample taken",0,0,,
JonesPond,1,6/23/2021,RALU,900111880425386,F,,77,42.3,,N,,,,,,0,0,,
JonesPond,1,7/22/2019,RALU,900111880425364,F,,62,42.3,1602000356,Y,0,pos,84.29,19ARMI1817,,0,0,,
JonesPond,1,7/24/2019,RALU,900111880425364,F,,62,42.3,,N,,,,,,0,0,,
JonesPond,1,7/25/2019,RALU,900111880425364,F,,62,42.3,,N,,,,,,0,0,,
JonesPond,1,6/23/2021,RALU,900111880425558,F,,79,42.2,,N,,,,,,0,0,,
JonesPond,1,7/16/2020,RALU,900111880425408,F,,75,42.2,,N,,,,,,0,0,,
JonesPond,1,6/22/2020,RALU,900111880425432,F,,74,42.2,2001800235,Y,0,pos,331731.37,,,0,0,,
JonesPond,1,7/22/2019,RALU,900111880426859,F,,64,42.2,1902400182,Y,0,pos,8301.04,,,0,0,,
JonesPond,1,7/23/2019,RALU,900111880426859,F,,64,42.2,,N,,,,,,0,0,,
JonesPond,1,7/24/2019,RALU,900111880426859,F,,64,42.2,,N,,,,,,0,0,,
JonesPond,1,7/25/2019,RALU,900111880426859,F,,64,42.2,,N,,,,,,0,0,,
JonesPond,1,7/25/2019,RALU,900111880426520,F,,63,42.2,1903900065,Y,0,pos,77372.78,19ARMI1791,MISSING RIGHT BIG TOE - CARROL?,0,0,,
JonesPond,1,7/16/2018,RALU,900111880426934,F,,73,42.1,1602000315,Y,0,pos,218.68,18ARMI0578,,0,0,,
JonesPond,1,7/16/2020,RALU,900111880425407,F,,77,42,,N,,,,,,0,0,,
JonesPond,1,7/16/2018,RALU,900111880426938,F,,71,42,1602000305,Y,0,pos,207871.68,18ARMI0596,,0,0,,
JonesPond,1,7/14/2020,RALU,900111880425408,F,,77,41.9,,N,,,,,,0,0,,
JonesPond,1,7/13/2020,RALU,900111880426928,F,,78,41.8,2001900254,Y,0,neg,0,,,0,0,,
JonesPond,1,7/15/2020,RALU,900111880425408,F,,79,41.6,,N,,,,,,0,0,,
JonesPond,1,7/15/2020,RALU,900111880425407,F,,78,41.6,,N,,,,,,0,0,,
JonesPond,1,6/23/2020,RALU,900111880426510,F,,77,41.6,2001800190,Y,0,pos,1657.12,,,0,0,,
JonesPond,1,7/16/2018,RALU,900111880426935,F,,72,41.6,1602000324,Y,0,neg,0,18ARMI0557,,0,0,,
JonesPond,1,6/24/2020,RALU,900111880426735,F,,83,41.5,,N,,,,,CAPT 6/23,0,0,,
JonesPond,1,6/22/2020,RALU,900111880426314,F,,76,41.5,2001800241,Y,0,pos,10069.32,,,0,0,,
JonesPond,1,7/20/2021,RALU,900219000112277,F,,76,41.5,2100500275,Y,0,pos,14689.2314147768,,,0,0,,
JonesPond,1,7/21/2021,RALU,900219000112297,F,,75,41.5,2100500283,Y,0,pos,3871.093304717,,TAKEN TO LAB,0,0,,
JonesPond,1,7/23/2019,RALU,900111880425377,F,,77,41.4,1903900045,Y,0,pos,40.01,19ARMI1799,,0,0,,
JonesPond,1,7/24/2019,RALU,900111880425377,F,,77,41.4,,N,,,,,,0,0,,
JonesPond,1,7/25/2019,RALU,900111880425377,F,,77,41.4,,N,,,,,,0,0,,
JonesPond,1,7/16/2018,RALU,900111880426924,F,,68,41.4,1602000307,Y,0,pos,561.76,18ARMI0624,Bone sticking out of back,1,0,,
JonesPond,1,7/13/2020,RALU,900111880425408,F,,76,41.1,2001900234,Y,0,pos,1504.18,,,0,0,,
JonesPond,1,6/23/2020,RALU,900111880426314,F,,77,40.9,,N,,,,,CAPT 6/22,0,0,,
JonesPond,1,8/23/2021,RALU,900111880425702,F,,75,40.6,,N,,,,,,0,0,,
JonesPond,1,8/23/2021,RALU,900219000112275,F,,72,40.6,,N,,,,,,0,0,,
JonesPond,1,7/23/2019,RALU,900111880425371,F,,67,40.6,1903900047,Y,0,pos,4860.91,19ARMI1846,,0,0,,
JonesPond,1,7/24/2019,RALU,900111880425371,F,,67,40.6,,N,,,,,,0,0,,
JonesPond,1,7/25/2019,RALU,900111880425371,F,,67,40.6,,N,,,,,,0,0,,
JonesPond,1,6/24/2020,RALU,900111880426314,F,,79,40.4,,N,,,,,CAPT 6/22,0,0,,
JonesPond,1,8/24/2021,RALU,900219000112275,F,,74,40.2,,N,,,,,,0,0,,
JonesPond,1,7/22/2019,RALU,900111880425407,F,,72,40.2,1902400174,Y,0,pos,3216.53,19ARMI1806,,0,0,,
JonesPond,1,7/23/2019,RALU,900111880425407,F,,72,40.2,,N,,,,,,0,0,,
JonesPond,1,7/24/2019,RALU,900111880425407,F,,72,40.2,,N,,,,,,0,0,,
JonesPond,1,7/25/2019,RALU,900111880425407,F,,72,40.2,,N,,,,,,0,0,,
JonesPond,1,6/24/2020,RALU,900111880425792,F,,76,40.1,2001900289,Y,0,pos,2651.82,,,0,0,,
JonesPond,1,8/16/2021,RALU,900219000112275,F,,74,40.1,2100500268,Y,0,pos,387901.51505219,,,0,0,,
JonesPond,1,6/24/2020,RALU,900111880425407,F,,75,40,2001900006,Y,0,pos,108.04,,,0,0,,
JonesPond,1,6/25/2020,RALU,900111880426735,F,,84,39.8,,N,,,,,CAPT 6/22,0,0,,
JonesPond,1,8/20/2021,RALU,900111880425702,F,,74,39.7,2100500350,Y,0,pos,93113.2536618142,,,0,0,,
JonesPond,1,6/22/2021,RALU,900219000112277,F,,70,39.7,2100400018,Y,0,pos,25285.2745120933,21ARMI1235,,0,0,,
JonesPond,1,6/25/2020,RALU,900111880426314,F,,80,39.3,,N,,,,,CAPT 6/22,0,0,,
JonesPond,1,7/16/2018,RALU,900111880426923,F,,69,39,1602000317,Y,0,pos,14261.52,18ARMI0530,,0,0,,
JonesPond,1,7/15/2018,RALU,900111880426859,F,,68,38.9,1602000063,Y,0,pos,348.96,18ARMI0572,,0,0,,
JonesPond,1,6/23/2021,RALU,900111880425550,F,,77,38.8,,N,,,,,,0,0,,
JonesPond,1,7/23/2019,RALU,900111880425432,F,,76,38.8,1903900039,Y,0,pos,2061.96,19ARMI1803,,0,0,,
JonesPond,1,8/20/2020,RALU,900111880425386,F,,73,38.8,2001900153,Y,0,pos,1451.88,20ARMI0405,LR2 SPLIT TOE,0,0,,
JonesPond,1,7/13/2020,RALU,900111880425784,F,,73,38.8,2001900238,Y,0,pos,14313.38,20ARMI0485,,0,0,,
JonesPond,1,8/21/2020,RALU,900111880425386,F,,76,38.6,,N,,,,,LR2 SPLIT TOE,0,0,,
JonesPond,1,6/24/2020,RALU,900111880426935,F,,77,38.4,,N,,,,,CAPT 6/23,0,0,,
JonesPond,1,6/22/2021,RALU,900111880425550,F,,76,38,,N,,,,,,0,0,,
JonesPond,1,7/16/2020,RALU,900111880425784,F,,72,38,,N,,,,,,0,0,,
JonesPond,1,7/16/2018,RALU,900111880426925,F,,71,38,1602000322,Y,0,pos,106.42,18ARMI0569,,0,0,,
JonesPond,1,6/24/2021,RALU,900111880425550,F,,74,37.8,,N,,,,,,0,0,,
JonesPond,1,7/15/2020,RALU,900111880425784,F,,73,37.8,,N,,,,,,0,0,,
JonesPond,1,7/19/2021,RALU,900219000112240,F,,71,37.8,2100400234,Y,0,pos,64271.3060805668,21ARMI1229,,0,0,,
JonesPond,1,6/23/2020,RALU,900111880426935,F,,77,37.7,2001900019,Y,0,neg,0,,,0,0,,
JonesPond,1,7/19/2021,RALU,900111880425712,F,,71,37.7,2100500278,Y,0,pos,2311.01551370342,,,0,0,,
JonesPond,1,6/21/2021,RALU,900111880425550,F,,76,37.6,2100400095,Y,0,pos,1370.29043765024,21ARMI1252,,0,0,,
JonesPond,1,7/19/2021,RALU,900111880425681,F,,76,37.5,2100400224,Y,0,neg,0,,,0,0,,
JonesPond,1,7/15/2020,RALU,900111880426928,F,,76,37.5,,N,,,,,"LR3 TOE CLIPPED ALREADY, BONE PROTRUDING",1,0,,
JonesPond,1,7/14/2020,RALU,900111880425784,F,,73,37.5,,N,,,,,,0,0,,
JonesPond,1,6/22/2020,RALU,900111880425408,F,,77,37.4,2001800233,Y,0,pos,13201.94,,,0,0,,
JonesPond,1,8/24/2021,RALU,900111880425702,F,,74,37.4,,N,,,,,,0,0,,
JonesPond,1,7/20/2021,RALU,900111880425712,F,,74,37.2,,N,,,,,,0,0,,
JonesPond,1,6/22/2020,RALU,900111880426757,F,,80,36.9,2001800239,Y,0,neg,0,,,0,0,,
JonesPond,1,6/25/2020,RALU,900111880425408,F,,76,36.9,,N,,,,,CAPT 6/22,0,0,,
JonesPond,1,7/21/2021,RALU,900111880425702,F,,75,36.7,2100500287,Y,0,pos,19987.8673962567,,TAKEN TO LAB,0,0,,
JonesPond,1,7/14/2020,RALU,900111880425704,F,,75,36.5,2001900191,Y,0,pos,334.52,20ARMI0502,,0,0,,
JonesPond,1,6/24/2020,RALU,900111880426757,F,,76,36.3,,N,,,,,CAPT 6/22,0,0,,
JonesPond,1,7/20/2021,RALU,900111880425681,F,,76,36.3,,N,,,,,,0,0,,
JonesPond,1,6/24/2020,RALU,900111880425408,F,,76,35.8,,N,,,,,CAPT 6/22,0,0,,
JonesPond,1,6/22/2020,RALU,900111880425328,F,,74,35.7,2001800236,Y,0,pos,231.92,,,0,0,,
JonesPond,1,6/25/2020,RALU,900111880426935,F,,76,35.6,,N,,,,,CAPT 6/23,0,0,,
JonesPond,1,7/15/2018,RALU,900111880426846,F,,65,35.6,1602000275,Y,0,pos,12161.64,18ARMI0540,,0,0,,
JonesPond,1,6/23/2020,RALU,900111880425408,F,,77,35.5,,N,,,,,CAPT 6/22,0,0,,
JonesPond,1,7/15/2018,RALU,900111880426755,F,,66,35.5,1602000286,Y,0,pos,832.84,18ARMI0620,,0,0,,
JonesPond,1,7/15/2018,RALU,900111880426405,F,,64,35.5,1602000274,Y,0,pos,1350.87,18ARMI0592,,0,0,,
JonesPond,1,6/23/2021,RALU,900219000112297,F,,74,35.3,,N,,,,,,0,0,,
JonesPond,1,8/21/2020,RALU,900111880425709,F,,70,35.3,,N,,,,,,0,0,,
JonesPond,1,8/19/2020,RALU,900111880425517,F,,72,35,2001900061,Y,0,pos,20229.33,20ARMI0533,,0,0,,
JonesPond,1,7/16/2018,RALU,900111880426933,F,,68,35,1602000311,Y,0,pos,1420.7,18ARMI0611,,0,0,,
JonesPond,1,8/24/2021,RALU,900219000112239,F,,68,35,,N,,,,,,0,0,,
JonesPond,1,7/16/2018,RALU,900111880426743,F,,68,34.6,1602000301,Y,0,pos,4232.39,18ARMI0581,Lession on RR and foot broken,1,0,,
JonesPond,1,8/19/2020,RALU,900111880425899,F,,70,34.5,2001900059,Y,0,pos,1830.69,,HAS SCAR ON R VENTRAL SURFACE,1,0,,
JonesPond,1,7/15/2020,RALU,900111880425702,F,,64,34.5,,N,,,,,,0,0,,
JonesPond,1,7/15/2020,RALU,900111880425704,F,,76,34.2,,N,,,,,,0,0,,
JonesPond,1,7/13/2020,RALU,900111880425702,F,,71,33.6,2001900220,Y,0,pos,9313.86,20ARMI0421,,0,0,,
JonesPond,1,8/21/2020,RALU,900111880425899,F,,71,33.6,,N,,,,,,0,0,,
JonesPond,1,8/16/2021,RALU,900219000112239,F,,67,33.5,2100500265,Y,0,pos,614.866263710513,,,0,0,,
JonesPond,1,6/21/2021,RALU,900111880425681,F,,73,33.3,2100400122,Y,0,pos,27495.9655575078,,,0,0,,
JonesPond,1,7/15/2018,RALU,900111880426757,F,,68,33.2,1602000290,Y,0,neg,0,18ARMI0574,,0,0,,
JonesPond,1,6/22/2021,RALU,900219000112297,F,,73,33.1,2100400016,Y,0,pos,26466.4702418413,21ARMI1225,,0,0,,
JonesPond,1,6/23/2021,RALU,900111880425712,F,,70,33,2100400040,Y,0,pos,153754.354507313,,,0,0,,
JonesPond,1,6/24/2021,RALU,900111880425712,F,,70,33,,N,,,,,,0,0,,
JonesPond,1,7/20/2021,RALU,900219000112289,F,,72,32.8,2100500285,Y,0,pos,49171.1681507985,,,0,0,,
JonesPond,1,6/24/2021,RALU,900219000112297,F,,73,32.5,,N,,,,,TAKEN TO LAB,0,0,,
JonesPond,1,7/16/2018,RALU,900111880426927,F,,66,32.4,1602000308,Y,0,pos,2061.74,18ARMI0576,,0,0,,
JonesPond,1,8/23/2021,RALU,900219000112235,F,,65,32.3,2100500352,Y,0,pos,70994.5768786378,,,0,0,,
JonesPond,1,6/23/2020,RALU,900111880426934,F,,79,32.1,,N,,,,,CAPT 6/22,0,0,,
JonesPond,1,8/20/2020,RALU,900111880425681,F,,70,32,2001900152,Y,0,pos,3264.96,,,0,0,,
JonesPond,1,7/16/2020,RALU,900111880425798,F,,70,31.8,,N,,,,,"RR2, RR4, RR5 DAMAGED",1,0,,
JonesPond,1,7/15/2020,RALU,900111880425798,F,,69,31.8,,N,,,,,RR3 BONE PROTRUDING,1,0,,
JonesPond,1,8/20/2021,RALU,900219000112239,F,,67,31.8,,N,,,,,,0,0,,
JonesPond,1,7/14/2020,RALU,900111880425409,F,,69,31.7,,N,,,,,,0,0,,
JonesPond,1,7/13/2020,RALU,900111880425409,F,,67,31.7,2001900240,Y,0,pos,1084.51,20ARMI0472,,0,0,,
JonesPond,1,6/22/2020,RALU,900111880426934,F,,73,31.6,2001800237,Y,0,pos,9717.23,,,0,0,,
JonesPond,1,6/22/2020,RALU,900111880425784,F,,69,31.6,2001800194,Y,0,pos,5022.81,,,0,0,,
JonesPond,1,7/16/2020,RALU,900111880425694,F,,67,31.6,,N,,,,,,0,0,,
JonesPond,1,6/23/2020,RALU,900111880425784,F,,69,31.2,,N,,,,,CAPT 6/22,0,0,,
JonesPond,1,8/24/2021,RALU,900219000112235,F,,68,31.2,,N,,,,,,0,0,,
JonesPond,1,7/13/2020,RALU,900111880425694,F,,67,31.2,2001900268,Y,0,pos,3647.34,20ARMI0403,,0,0,,
JonesPond,1,8/19/2020,RALU,900111880425709,F,,69,31.1,2001900062,Y,0,pos,42922.35,,,0,0,,
JonesPond,1,7/15/2018,RALU,900111880426753,F,,64,31,1602000296,Y,0,pos,13119.17,18ARMI0568,,0,0,,
JonesPond,1,6/22/2021,RALU,900111880425681,F,,73,30.7,,N,,,,,,0,0,,
JonesPond,1,6/24/2020,RALU,900111880425784,F,,68,30.7,,N,,,,,CAPT 6/23,0,0,,
JonesPond,1,7/16/2020,RALU,900111880425409,F,,67,30.7,,N,,,,,,0,0,,
JonesPond,1,6/22/2021,RALU,900219000112275,F,,73,30.5,2100400023,Y,0,pos,265.20631503209,21ARMI1246,,0,0,,
JonesPond,1,8/20/2020,RALU,900111880425709,F,,70,30.4,,N,,,,,,0,0,,
JonesPond,1,8/21/2020,RALU,900111880425681,F,,69,30.4,,N,,,,,,0,0,,
JonesPond,1,8/16/2021,RALU,900219000112137,F,,61,30.4,2100500254,Y,0,pos,45341.1995735815,21ARMI1179,TAG LOSS?,0,0,,
JonesPond,1,6/23/2021,RALU,900219000112275,F,,74,30.2,,N,,,,,,0,0,,
JonesPond,1,7/13/2020,RALU,900111880425798,F,,69,30.2,2001900216,Y,0,pos,1459.12,20ARMI0453,,0,0,,
JonesPond,1,7/15/2018,RALU,900111880426751,F,,66,30.2,1602000294,Y,0,pos,2937.99,18ARMI0609,,0,0,,
JonesPond,1,6/24/2021,RALU,900111880425681,F,,73,30.1,,N,,,,,TAKEN TO LAB,0,0,,
JonesPond,1,7/21/2021,RALU,900219000112266,F,,68,30.1,2100500279,Y,0,pos,1299.3581490649,,TAKEN TO LAB,1,0,,
JonesPond,1,7/16/2020,RALU,900111880425669,F,,67,30,,N,,,,,,0,0,,
JonesPond,1,6/25/2020,RALU,900111880425784,F,,70,29.9,,N,,,,,CAPT 6/22,0,0,,
JonesPond,1,7/14/2020,RALU,900111880425694,F,,66,29.7,,N,,,,,,0,0,,
JonesPond,1,7/17/2018,RALU,900111880426733,F,,64,29.6,1602000334,Y,0,pos,2622.42,18ARMI0653,,0,0,,
JonesPond,1,7/22/2019,RALU,900111880425395,F,,60,29.2,1902400177,Y,0,pos,135.37,19ARMI1831,,0,0,,
JonesPond,1,7/23/2019,RALU,900111880425395,F,,60,29.2,,N,,,,,,0,0,,
JonesPond,1,7/24/2019,RALU,900111880425395,F,,60,29.2,,N,,,,,,0,0,,
JonesPond,1,7/25/2019,RALU,900111880425395,F,,60,29.2,,N,,,,,,0,0,,
JonesPond,1,7/17/2018,RALU,900111880426725,F,,63,29.1,1602000337,Y,0,pos,494.86,18ARMI0644,,0,0,,
JonesPond,1,7/17/2018,RALU,900111880426729,F,,60,28.9,1602000327,Y,0,pos,5413.29,18ARMI0679,,0,0,,
JonesPond,1,7/14/2020,RALU,900111880425669,F,,67,28.4,2001900251,Y,0,pos,8225.71,20ARMI0520,,0,0,,
JonesPond,1,7/14/2020,RALU,900111880425899,F,,65,28.4,2001900247,Y,0,pos,70220.56,20ARMI0548,,0,0,,
JonesPond,1,7/14/2020,RALU,900111880425699,F,,63,28.3,2001900183,Y,0,neg,0,20ARMI0450,"MISSING LF1, LF2",0,0,,
JonesPond,1,6/22/2021,RALU,900219000112289,F,,69,28.2,2100400024,Y,0,pos,9204.08091969133,21ARMI1206,,0,0,,
JonesPond,1,6/24/2021,RALU,900219000112275,F,,72,27.9,,N,,,,,TAKEN TO LAB,0,0,,
JonesPond,1,8/20/2021,RALU,900111880425541,F,,65,27.9,,N,,,,,,0,0,,
JonesPond,1,8/23/2021,RALU,900111880425541,F,,66,27.7,,N,,,,,,0,0,,
JonesPond,1,6/22/2020,RALU,900111880425798,F,,61,27.6,2001800242,Y,0,neg,0,,,0,0,,
JonesPond,1,7/20/2021,RALU,900219000112235,F,,61,27.6,,N,,,,,,0,0,,
JonesPond,1,7/15/2020,RALU,900111880425669,F,,69,27.2,,N,,,,,,0,0,,
JonesPond,1,7/16/2018,RALU,900111880426940,F,,61,27.1,1602000302,Y,0,pos,829.22,18ARMI0603,,0,0,,
JonesPond,1,7/17/2018,RALU,900111880426736,F,,66,27,1602000338,Y,0,pos,947.43,18ARMI0647,,0,0,,
JonesPond,1,8/16/2021,RALU,900111880425541,F,,66,26.9,2100500266,Y,0,pos,94069.9007208361,,,0,0,,
JonesPond,1,8/16/2021,RALU,900219000112135,F,,66,26.6,2100500262,Y,0,pos,7345.51842577488,21ARMI1193,,0,0,,
JonesPond,1,8/24/2021,RALU,900111880425541,F,,67,26.3,,N,,,,,,0,0,,
JonesPond,1,7/19/2021,RALU,900219000112235,F,,62,26.3,2100500276,Y,0,pos,18544.3856155226,21ARMI1237,,0,0,,
JonesPond,1,7/13/2020,RALU,900111880425661,F,,62,25.9,2001900266,Y,0,pos,562.32,20ARMI0507,,0,0,,
JonesPond,1,8/23/2021,RALU,900219000112135,F,,65,25.6,,N,,,,,,0,0,,
JonesPond,1,7/24/2019,RALU,900111880426314,F,,67,25.2,1903900209,Y,0,pos,17614.29,19ARMI1718,,0,0,,
JonesPond,1,7/16/2020,RALU,900111880425899,F,,66,24.8,,N,,,,,,0,0,,
JonesPond,1,6/25/2020,RALU,900111880425798,F,,65,24.6,,N,,,,,CAPT 6/22,0,0,,
JonesPond,1,7/15/2020,RALU,900111880425899,F,,82,24.5,,N,,,,,,0,0,,
JonesPond,1,6/23/2020,RALU,900111880425798,F,,66,24.5,,N,,,,,CAPT 6/22,0,0,,
JonesPond,1,8/24/2021,RALU,900219000112135,F,,67,24.4,,N,,,,,,0,0,,
JonesPond,1,7/15/2018,RALU,900111880426855,F,,60,24.3,1602000284,Y,0,pos,178.61,18ARMI0625,,0,0,,
JonesPond,1,6/24/2020,RALU,900111880425798,F,,69,24,,N,,,,,CAPT 6/22,0,0,,
JonesPond,1,7/15/2018,RALU,900111880426741,F,,62,24,1602000289,Y,0,pos,50993.9,18ARMI0522,,0,0,,
JonesPond,1,7/13/2020,RALU,900111880425331,F,,61,23.3,2001900223,Y,0,pos,3055.7,20ARMI0460,,0,0,,
JonesPond,1,7/25/2019,RALU,900111880426328,F,,56,23.2,1903900094,Y,0,pos,3729.38,19ARMI1597,,0,0,,
JonesPond,1,6/24/2020,RALU,900111880425673,F,,61,23,2001900290,Y,0,pos,8534.36,,,0,0,,
JonesPond,1,6/25/2020,RALU,900111880425673,F,,61,23,,N,,,,,CAPT 6/24,0,0,,
JonesPond,1,7/14/2020,RALU,900111880425661,F,,61,23,,N,,,,,,0,0,,
JonesPond,1,6/23/2021,RALU,900219000112266,F,,61,22.9,,N,,,,,,0,0,,
JonesPond,1,7/16/2018,RALU,900111880426752,F,,61,22.8,1602000313,Y,0,pos,132.02,18ARMI0598,,0,0,,
JonesPond,1,6/21/2021,RALU,900219000112266,F,,62,22.5,2100400055,Y,0,pos,4409.19431219206,21ARMI1259,,0,0,,
JonesPond,1,7/17/2018,RALU,900111880426738,F,,59,22,1602000336,Y,0,pos,46.7,18ARMI0639,,0,0,,
JonesPond,1,6/23/2020,RALU,900111880425669,F,,61,21.9,2001900025,Y,0,pos,2598.88,,,0,0,,
JonesPond,1,6/22/2021,RALU,900219000112266,F,,63,21.8,,N,,,,,,0,0,,
JonesPond,1,6/24/2021,RALU,900219000112266,F,,62,21.7,,N,,,,,TAKEN TO LAB,0,0,,
JonesPond,1,8/20/2021,RALU,900219000112137,F,,59,21.7,,N,,,,,,0,0,,
JonesPond,1,7/16/2018,RALU,900111880426921,F,,61,21.6,1602000323,Y,0,pos,2178.94,18ARMI0549,,0,0,,
JonesPond,1,7/15/2018,RALU,900111880426849,F,,58,21.6,1602000279,Y,0,pos,1580.09,18ARMI0548,,0,0,,
JonesPond,1,6/22/2020,RALU,900111880425694,F,,60,21.1,2001800178,Y,0,neg,0,,,0,0,,
JonesPond,1,7/15/2020,RALU,900111880425791,F,,64,21,,N,,,,,,0,0,,
JonesPond,1,6/24/2020,RALU,900111880425669,F,,61,21,,N,,,,,CAPT 6/23,0,0,,
JonesPond,1,7/13/2020,RALU,900111880425709,F,,60,21,2001900282,Y,0,pos,94003.16,20ARMI0518,,0,0,,
JonesPond,1,7/13/2020,RALU,900111880425681,F,,59,21,2001900233,Y,0,neg,0,20ARMI0550,,0,0,,
JonesPond,1,7/13/2020,RALU,900111880425791,F,,60,20.8,2001900218,Y,0,pos,4713.68,20ARMI0519,,0,0,,
JonesPond,1,7/14/2020,RALU,900111880425681,F,,61,20.4,,N,,,,,,0,0,,
JonesPond,1,7/14/2020,RALU,900111880425791,F,,61,20.1,,N,,,,,,0,0,,
JonesPond,1,6/23/2021,RALU,900219000111535,F,,59,20.1,,N,,,,,,0,0,,
JonesPond,1,7/16/2020,RALU,900111880425791,F,,61,20,,N,,,,,,0,0,,
JonesPond,1,7/16/2020,RALU,900111880425709,F,,59,19.8,,N,,,,,,0,0,,
JonesPond,1,7/16/2020,RALU,900111880425681,F,,60,19.7,,N,,,,,,0,0,,
JonesPond,1,6/22/2021,RALU,900219000111535,F,,59,19.6,,N,,,,,,0,0,,
JonesPond,1,6/21/2021,RALU,900219000111535,F,,59,19.3,2100400190,Y,0,pos,82589.5474483594,21ARMI1242,,0,0,,
JonesPond,1,6/23/2021,RALU,900219000112239,F,,58,19.3,2100400041,Y,0,pos,3567.1401577943,21ARMI1216,,0,0,,
JonesPond,1,6/24/2021,RALU,900219000111535,F,,60,19,,N,,,,,,0,0,,
JonesPond,1,7/17/2018,RALU,900111880426721,F,,56,18.9,1602000340,Y,0,neg,0,18ARMI0556,,0,0,,
JonesPond,1,7/16/2020,RALU,900111880425403,F,,58,18.7,,N,,,,,,0,0,,
JonesPond,1,7/14/2020,RALU,900111880425691,F,,59,18.4,2001900188,Y,0,pos,118173.92,20ARMI0521,,0,0,,
JonesPond,1,6/24/2020,RALU,900111880425325,F,,57,18,2001900008,Y,0,pos,2015.45,,,0,0,,
JonesPond,1,6/25/2020,RALU,900111880425325,F,,60,17.4,,N,,,,,CAPT 6/24,0,0,,
JonesPond,1,6/24/2021,RALU,900219000112239,F,,57,17.4,,N,,,,,,0,0,,
JonesPond,1,8/19/2020,RALU,900111880425712,F,,59,16.8,2001900103,Y,0,pos,10146.28,,,0,0,,
JonesPond,1,8/21/2020,RALU,900111880425712,F,,57,16.7,,N,,,,,,0,0,,
JonesPond,1,6/22/2021,RALU,900219000112269,F,,59,16.6,2100400019,Y,0,pos,12228.9655314945,21ARMI1276,TAG LOSS?,0,0,,
JonesPond,1,8/20/2020,RALU,900111880425712,F,,60,16.5,,N,,,,,,0,0,,
JonesPond,1,6/23/2021,RALU,900111880425541,F,,57,16.5,,N,,,,,,0,0,,
JonesPond,1,7/15/2020,RALU,900111880425403,F,,58,16.4,2001900167,Y,0,pos,1522.48,20ARMI0429,,0,0,,
JonesPond,1,6/25/2020,RALU,900111880425661,F,,56,16.4,2001900274,Y,1,,,,missing or lost bd data,0,0,,
JonesPond,1,6/21/2021,RALU,900111880425541,F,,56,16.2,2100400089,Y,0,pos,37541.8862650079,21ARMI1274,,0,0,,
JonesPond,1,6/22/2021,RALU,900111880425541,F,,56,16,,N,,,,,,0,0,,
JonesPond,1,6/24/2020,RALU,900111880425886,F,,57,15.7,,N,,,,,CAPT 6/23,0,0,,
JonesPond,1,6/25/2020,RALU,900111880425685,F,,54,15.7,2001900298,Y,0,neg,0,,,0,0,,
JonesPond,1,6/25/2020,RALU,900111880425735,F,,54,15.7,2001900300,Y,0,pos,6192.41,,,0,0,,
JonesPond,1,6/24/2021,RALU,900111880425541,F,,57,15.6,,N,,,,,,0,0,,
JonesPond,1,6/23/2021,RALU,900219000112280,F,,55,15.6,,N,,,,,,0,0,,
JonesPond,1,6/23/2020,RALU,900111880425886,F,,54,15.6,2001900024,Y,0,pos,44610.44,,,0,0,,
JonesPond,1,6/25/2020,RALU,900111880425681,F,,55,15.1,2001900272,Y,0,pos,969.94,,,0,0,,
JonesPond,1,6/22/2021,RALU,900219000112280,F,,56,14.7,,N,,,,,,0,0,,
JonesPond,1,6/24/2020,RALU,900111880425791,F,,55,14.6,,N,,,,,CAPT 6/23,0,0,,
JonesPond,1,6/21/2021,RALU,900219000112288,F,,57,14.5,2100400051,Y,0,pos,2079.36773687763,21ARMI1243,,0,0,,
JonesPond,1,6/22/2021,RALU,900219000112288,F,,55,14.4,,N,,,,,,0,0,,
JonesPond,1,6/23/2020,RALU,900111880425791,F,,56,14.3,2001900026,Y,0,pos,998.28,,,0,0,,
JonesPond,1,6/25/2020,RALU,900111880425691,F,,53,14.3,,N,,,,,CAPT 6/23,0,0,,
JonesPond,1,7/16/2020,RALU,900111880425692,F,,53,14.3,,N,,,,,,0,0,,
JonesPond,1,6/24/2021,RALU,900219000112280,F,,56,13.8,,N,,,,,TAKEN TO LAB,0,0,,
JonesPond,1,6/23/2020,RALU,900111880425691,F,,55,13.5,2001900027,Y,0,pos,243789.41,,,0,0,,
JonesPond,1,7/14/2020,RALU,900111880425692,F,,51,13.5,2001900241,Y,0,pos,808.79,20ARMI0444,,0,0,,
JonesPond,1,6/25/2020,RALU,900111880425791,F,,54,13.3,,N,,,,,CAPT 6/23,0,0,,
JonesPond,1,6/24/2021,RALU,900219000112282,F,,54,12.7,,N,,,,,TAKEN TO LAB,0,0,,
JonesPond,1,6/22/2021,RALU,900219000112255,F,,51,12.5,2100400037,Y,0,pos,101254.143569145,21ARMI1231,,0,0,,
JonesPond,1,7/13/2020,RALU,900111880425663,F,,49,12.5,2001900221,Y,0,pos,335672.3,20ARMI0401,,0,0,,
JonesPond,1,6/22/2021,RALU,900219000112282,F,,53,12.4,,N,,,,,,0,0,,
JonesPond,1,6/23/2021,RALU,900219000112282,F,,55,12.3,,N,,,,,,0,0,,
JonesPond,1,7/19/2021,RALU,900219000112270,F,,53,12,2100500281,Y,0,pos,16995.40113984,,,0,0,,
JonesPond,1,7/20/2021,RALU,900219000112270,F,,54,11.8,,N,,,,,,0,0,,
JonesPond,1,7/14/2020,RALU,900111880425712,F,,51,11.6,2001900236,Y,0,pos,3582.99,20ARMI0540,,0,0,,
JonesPond,1,7/16/2020,RALU,900111880425663,F,,51,11.6,,N,,,,,,0,0,,
JonesPond,1,6/22/2021,RALU,900219000112257,F,,51,11.5,2100400049,Y,0,pos,67918.5983467597,21ARMI1263,,0,0,,
JonesPond,1,7/16/2018,RALU,900111880426929,F,,49,11.5,1602000320,Y,0,neg,0,18ARMI0560,,0,0,,
JonesPond,1,7/14/2020,RALU,900111880425663,F,,48,11.4,,N,,,,,,0,0,,
JonesPond,1,7/15/2020,RALU,900111880425663,F,,52,11.3,,N,,,,,,0,0,,
JonesPond,1,7/15/2020,RALU,900111880425712,F,,50,11.1,,N,,,,,,0,0,,
JonesPond,1,6/23/2021,RALU,900111880425557,F,,49,10.5,,N,,,,,,0,0,,
JonesPond,1,6/24/2021,RALU,900219000112291,F,,51,10.4,,N,,,,,,0,0,,
JonesPond,1,8/19/2020,RALU,900111880425394,F,,50,10.3,2001900169,Y,0,pos,58190.12,,,0,0,,
JonesPond,1,6/22/2021,RALU,900219000112291,F,,50,10.2,,N,,,,,,0,0,,
JonesPond,1,6/22/2021,RALU,900111880425557,F,,49,10.2,,N,,,,,,0,0,,
JonesPond,1,6/21/2021,RALU,900219000112291,F,,50,10,2100400195,Y,0,pos,991376.209477109,21ARMI1271,,0,0,,
JonesPond,1,6/24/2021,RALU,900219000112270,F,,50,9.9,,N,,,,,,0,0,,
JonesPond,1,6/23/2021,RALU,900219000112291,F,,49,9.9,,N,,,,,,0,0,,
JonesPond,1,6/21/2021,RALU,900111880425557,F,,50,9.7,2100400121,Y,0,pos,545.373772949149,21ARMI1266,,0,0,,
JonesPond,1,6/23/2021,RALU,900219000112270,F,,50,9.7,,N,,,,,,0,0,,
JonesPond,1,6/24/2021,RALU,900111880425557,F,,50,9.5,,N,,,,,TAKEN TO LAB,0,0,,
JonesPond,1,6/21/2021,RALU,900219000112270,F,,50,9.1,2100400056,Y,0,pos,31020.6816478726,21ARMI1253,,0,0,,
JonesPond,1,6/22/2021,RALU,900219000112270,F,,48,9.1,,N,,,,,,0,0,,
JonesPond,1,6/25/2020,RALU,900111880425663,F,,44,8.4,,N,,,,,CAPT 6/24,0,0,,
JonesPond,1,6/24/2020,RALU,900111880425663,F,,42,8.4,2001900285,Y,0,pos,4367.06,,,0,0,,
JonesPond,1,6/24/2020,RALU,900111880425692,F,,45,8.3,2001900297,Y,0,neg,0,,,0,0,,
JonesPond,1,6/25/2020,RALU,900111880425692,F,,45,8.3,,N,,,,,CAPT 6/24,0,0,,
JonesPond,1,7/23/2019,RALU,900111880426937,F,,75,6.9,1903900055,Y,0,pos,12693.15,,,0,0,,
JonesPond,1,7/14/2020,RALU,900111880425394,F,,43,6.7,2001900193,Y,0,pos,1698.13,20ARMI0410,,0,0,,
JonesPond,1,7/16/2018,RALU,900111880426746,F,,,,,N,,,,,,0,0,,
JonesPond,1,7/16/2018,RALU,900111880426850,F,,,,,N,,,,,,0,0,,
JonesPond,1,7/16/2018,RALU,900111880426843,F,,,,,N,,,,,,0,0,,
JonesPond,1,7/16/2018,RALU,900111880426860,F,,,,,N,,,,,,0,0,,
JonesPond,1,7/16/2018,RALU,900111880426753,F,,,,,N,,,,,,0,0,,
JonesPond,1,7/16/2018,RALU,900111880426750,F,,,,,N,,,,,,0,0,,
JonesPond,1,7/16/2018,RALU,900111880426845,F,,,,,N,,,,,,0,0,,
JonesPond,1,7/16/2018,RALU,900111880426405,F,,,,,N,,,,,,0,0,,
JonesPond,1,7/16/2018,RALU,900111880426857,F,,,,,N,,,,,,0,0,,
JonesPond,1,7/16/2018,RALU,900111880426856,F,,,,,N,,,,,,0,0,,
JonesPond,1,7/16/2018,RALU,900111880426858,F,,,,,N,,,,,,0,0,,
JonesPond,1,7/16/2018,RALU,900111880426756,F,,,,,N,,,,,,0,0,,
JonesPond,1,7/16/2018,RALU,900111880426754,F,,,,,N,,,,,,0,0,,
JonesPond,1,7/17/2018,RALU,900111880426841,F,,,,,N,,,,,,0,0,,
JonesPond,1,7/17/2018,RALU,900111880426849,F,,,,,N,,,,,,0,0,,
JonesPond,1,7/17/2018,RALU,900111880426856,F,,,,,N,,,,,,0,0,,
JonesPond,1,7/17/2018,RALU,900111880426754,F,,,,,N,,,,,,0,0,,
JonesPond,1,7/17/2018,RALU,900111880426938,F,,,,,N,,,,,,0,0,,
JonesPond,1,7/17/2018,RALU,900111880426416,F,,,,,N,,,,,,0,0,,
JonesPond,1,7/17/2018,RALU,900111880426745,F,,,,,N,,,,,,0,0,,
JonesPond,1,7/17/2018,RALU,900111880426927,F,,,,,N,,,,,,0,0,,
JonesPond,1,7/17/2018,RALU,900111880426933,F,,,,,N,,,,,,0,0,,
JonesPond,1,7/17/2018,RALU,900111880426924,F,,,,,N,,,,,,0,0,,
JonesPond,1,7/17/2018,RALU,900111880426757,F,,,,,N,,,,,,0,0,,
JonesPond,1,7/17/2018,RALU,900111880426857,F,,,,,N,,,,,,0,0,,
JonesPond,1,7/17/2018,RALU,900111880426751,F,,,,,N,,,,,,0,0,,
JonesPond,1,7/17/2018,RALU,900111880426923,F,,,,,N,,,,,,0,0,,
JonesPond,1,7/17/2018,RALU,900111880426926,F,,,,,N,,,,,,0,0,,
JonesPond,1,7/17/2018,RALU,900111880426753,F,,,,,N,,,,,,0,0,,
JonesPond,1,7/17/2018,RALU,900111880426928,F,,,,,N,,,,,,0,0,,
JonesPond,1,7/17/2018,RALU,900111880426939,F,,,,,N,,,,,,0,0,,
JonesPond,1,7/17/2018,RALU,900111880426850,F,,,,,N,,,,,,0,0,,
JonesPond,1,7/17/2018,RALU,900111880426756,F,,,,,N,,,,,,0,0,,
JonesPond,1,7/17/2018,RALU,900111880426846,F,,,,,N,,,,,,0,0,,
JonesPond,1,7/17/2018,RALU,900111880426748,F,,,,,N,,,,,,0,0,,
JonesPond,1,7/17/2018,RALU,900111880426419,F,,,,,N,,,,,,0,0,,
JonesPond,1,8/20/2020,RALU,900111880425384,F,,,,,N,,,,,WOUND AND INTESTINES STICKING OUT OF LEFT ABDOMEN-RELEASED,1,0,,
JonesPond,1,8/21/2020,RALU,900111880425384,F,,,,,N,,,,,"HAS ABDOMINAL WOUND, DID NOT HANDLE ",1,0,,
JonesPond,1,7/21/2021,RALU,900111880425556,M,,53,12.8,,N,,,,,TAKEN TO LAB,0,0,,
JonesPond,1,7/22/2019,RALU,900111880425414,M,,86,79.5,1602000352,Y,0,pos,238.89,19ARMI1851,,0,0,,
JonesPond,1,7/22/2019,RALU,900111880425337,M,,75,61.1,1902400180,Y,0,pos,2999.73,19ARMI1812,,0,0,,
JonesPond,1,7/24/2019,RALU,900111880425337,M,,75,61.1,,N,,,,,,0,0,,
JonesPond,1,7/25/2019,RALU,900111880425337,M,,75,61.1,,N,,,,,,0,0,,
JonesPond,1,7/22/2019,RALU,900111880425340,M,,69,50.4,1902400176,Y,0,pos,196.63,19ARMI1843,ABRASION ON CHEST,1,0,,
JonesPond,1,7/23/2019,RALU,900111880425340,M,,69,50.4,,N,,,,,,0,0,,
JonesPond,1,7/24/2019,RALU,900111880425340,M,,69,50.4,,N,,,,,,0,0,,
JonesPond,1,7/25/2019,RALU,900111880425340,M,,69,50.4,,N,,,,,,0,0,,
JonesPond,1,7/25/2019,RALU,900111880426309,M,,73,49.6,1903900064,Y,0,pos,39725.42,19ARMI1849,,0,0,,
JonesPond,1,7/15/2018,RALU,900111880426408,M,,73,49.4,1602000282,Y,0,neg,0,18ARMI0607,,0,0,,
JonesPond,1,7/15/2018,RALU,900111880426402,M,,72,43.5,1602000048,Y,0,pos,2344.94,18ARMI0541,,0,0,,
JonesPond,1,7/15/2018,RALU,900111880426413,M,,70,43.1,1800200251,Y,0,pos,3173.07,18ARMI0590,,0,0,,
JonesPond,1,7/15/2018,RALU,900111880426847,M,,70,37.4,1602000272,Y,0,neg,0,18ARMI0604,,0,0,,
JonesPond,1,7/15/2018,RALU,900111880426854,M,,72,35,1602000283,Y,0,pos,44.67,18ARMI0523,,0,0,,
JonesPond,1,7/15/2018,RALU,900111880426851,M,,67,34,1602000065,Y,0,pos,11449.16,18ARMI0605,,0,0,,
JonesPond,1,7/25/2019,RALU,900111880426524,M,,63,29.4,1903900212,Y,0,neg,0,19ARMI1801,,0,0,,
JonesPond,1,8/24/2021,RALU,900111880425726,M,,62,26.9,,N,,,,,,0,0,,
JonesPond,1,8/20/2020,RALU,900111880425895,M,,65,26.8,,N,,,,,,0,0,,
JonesPond,1,7/15/2018,RALU,900111880426844,M,,62,26.5,1800200253,Y,0,pos,82.36,18ARMI0582,,0,0,,
JonesPond,1,8/21/2020,RALU,900111880425895,M,,63,26.4,,N,,,,,,0,0,,
JonesPond,1,8/19/2020,RALU,900111880425895,M,,63,26.2,2001900096,Y,0,pos,34064.1,,,0,0,,
JonesPond,1,8/23/2021,RALU,900111880425726,M,,62,26.1,,N,,,,,,0,0,,
JonesPond,1,7/13/2020,RALU,900111880425895,M,,64,25.9,2001900249,Y,0,pos,18398.54,20ARMI0407,,0,0,,
JonesPond,1,7/15/2018,RALU,900111880426760,M,,62,25.6,1602000285,Y,0,pos,976.55,18ARMI0570,,0,0,,
JonesPond,1,7/14/2020,RALU,900111880425895,M,,62,25.1,,N,,,,,,0,0,,
JonesPond,1,8/20/2021,RALU,900111880425726,M,,64,24.6,,N,,,,,,0,0,,
JonesPond,1,8/16/2021,RALU,900111880425726,M,,64,24.2,2100500246,Y,0,pos,731.554656782253,,,0,0,,
JonesPond,1,6/23/2021,RALU,900111880425726,M,,61,23,,N,,,,,,0,0,,
JonesPond,1,8/19/2020,RALU,900111880425726,M,,63,22.8,2001900100,Y,0,pos,15251.75,,,0,0,,
JonesPond,1,8/24/2021,RALU,900111880425730,M,,58,22.6,,N,,,,,,0,0,,
JonesPond,1,8/21/2020,RALU,900111880425726,M,,63,22.3,,N,,,,,,0,0,,
JonesPond,1,6/22/2021,RALU,900111880425726,M,,62,22.3,,N,,,,,,0,0,,
JonesPond,1,7/22/2019,RALU,900111880426403,M,,64,22.2,1902400168,Y,0,pos,20191.91,,,0,0,,
JonesPond,1,7/23/2019,RALU,900111880426403,M,,64,22.2,,N,,,,,,0,0,,
JonesPond,1,7/25/2019,RALU,900111880426403,M,,64,22.2,,N,,,,,,0,0,,
JonesPond,1,6/21/2021,RALU,900111880425726,M,,63,22.2,2100400192,Y,0,pos,4370.30700581149,,,0,0,,
JonesPond,1,8/20/2021,RALU,900111880425730,M,,58,22.1,2100500228,Y,0,neg,0,,,0,0,,
JonesPond,1,8/20/2020,RALU,900111880425726,M,,63,22,,N,,,,,,0,0,,
JonesPond,1,8/24/2021,RALU,900219000112285,M,,62,22,,N,,,,,,0,0,,
JonesPond,1,6/23/2021,RALU,900111880425503,M,,60,22,2100400048,Y,0,pos,13656.2953025213,,,0,0,,
JonesPond,1,6/22/2021,RALU,900111880425668,M,,64,21.9,2100400021,Y,0,pos,132.619455619739,,,0,0,,
JonesPond,1,6/24/2021,RALU,900111880425726,M,,64,21.8,,N,,,,,TAKEN TO LAB,0,0,,
JonesPond,1,7/14/2020,RALU,900111880425726,M,,60,21.8,2001900250,Y,0,pos,19379.6,20ARMI0531,,0,0,,
JonesPond,1,7/16/2020,RALU,900111880425503,M,,60,21.5,2001900177,Y,0,pos,461.76,20ARMI0566,,0,0,,
JonesPond,1,7/16/2020,RALU,900111880425726,M,,57,21.3,,N,,,,,,0,0,,
JonesPond,1,7/17/2018,RALU,900111880426727,M,,54,21.3,1602000332,Y,0,pos,49873.04,18ARMI0613,,0,0,,
JonesPond,1,6/24/2021,RALU,900111880425668,M,,62,21.2,,N,,,,,TAKEN TO LAB,0,0,,
JonesPond,1,6/22/2020,RALU,900111880425668,M,,60,21.2,2001800245,Y,0,neg,0,,TAG LOSS?,0,0,,
JonesPond,1,8/16/2021,RALU,900219000112285,M,,62,21.1,2100500256,Y,0,pos,344.999798913227,,,0,0,,
JonesPond,1,7/16/2018,RALU,900111880426932,M,,60,21,1602000318,Y,0,pos,14829.41,18ARMI0524,,0,0,,
JonesPond,1,7/15/2020,RALU,900111880425665,M,,62,20.9,2001900146,Y,0,pos,2242.32,20ARMI0514,,0,0,,
JonesPond,1,7/15/2018,RALU,900111880426744,M,,57,20.4,1602000298,Y,0,pos,3517.58,18ARMI0551,,0,0,,
JonesPond,1,7/14/2020,RALU,900111880425671,M,,56,20.3,2001900189,Y,0,pos,10081.79,20ARMI0458,,0,0,,
JonesPond,1,8/23/2021,RALU,900111880425783,M,,59,19.9,,N,,,,,,0,0,,
JonesPond,1,6/23/2020,RALU,900111880426403,M,,61,19.8,2001900016,Y,0,pos,306.64,,,0,0,,
JonesPond,1,6/21/2021,RALU,900111880425551,M,,62,19.6,2100400093,Y,0,pos,10861.6347860574,21ARMI1270,,0,0,,
JonesPond,1,8/23/2021,RALU,900219000112272,M,,61,19.6,2100500347,Y,0,pos,153754.354507313,,,0,0,,
JonesPond,1,7/15/2020,RALU,900111880425671,M,,57,19.5,,N,,,,,,0,0,,
JonesPond,1,8/24/2021,RALU,900219000112272,M,,60,19.4,,N,,,,,,0,0,,
JonesPond,1,7/15/2020,RALU,900111880425715,M,,56,19.3,,N,,,,,,0,0,,
JonesPond,1,7/13/2020,RALU,900111880425715,M,,57,19.2,2001900263,Y,0,neg,0,20ARMI0503,,0,0,,
JonesPond,1,6/22/2020,RALU,900111880425726,M,,58,19.1,2001800238,Y,0,pos,11088.97,,,0,0,,
JonesPond,1,6/22/2021,RALU,900111880425504,M,,57,19.1,2100400020,Y,0,pos,2368.41007867848,,,0,0,,
JonesPond,1,6/24/2020,RALU,900111880426403,M,,61,18.9,,N,,,,,CAPT 6/23,0,0,,
JonesPond,1,6/23/2021,RALU,900111880425551,M,,60,18.8,,N,,,,,,0,0,,
JonesPond,1,7/21/2021,RALU,900111880425504,M,,58,18.7,2100500280,Y,0,pos,1089.87056554319,,"TAKEN TO LAB, SWOLLEN TUBERCLES ON RR FOOT",1,0,,
JonesPond,1,8/21/2020,RALU,900111880425796,M,,57,18.7,,N,,,,,,0,0,,
JonesPond,1,6/23/2020,RALU,900111880425726,M,,60,18.6,,N,,,,,CAPT 6/22,0,0,,
JonesPond,1,7/14/2020,RALU,900111880425682,M,,57,18.6,2001900199,Y,0,pos,4199.58,20ARMI0452,,0,0,,
JonesPond,1,6/22/2020,RALU,900111880425719,M,,56,18.6,2001800232,Y,0,pos,5646.7,,,0,0,,
JonesPond,1,8/16/2021,RALU,900111880425783,M,,58,18.4,2100500259,Y,0,pos,4049.17032373264,,,0,0,,
JonesPond,1,7/22/2019,RALU,900111880425436,M,,55,18.2,1602000358,Y,0,pos,51383.11,19ARMI1816,,0,0,,
JonesPond,1,7/13/2020,RALU,900111880425705,M,,55,18.2,2001900225,Y,0,pos,218.92,20ARMI0480,,0,0,,
JonesPond,1,7/23/2019,RALU,900111880425436,M,,55,18.2,,N,,,,,,0,0,,
JonesPond,1,7/24/2019,RALU,900111880425436,M,,55,18.2,,N,,,,,,0,0,,
JonesPond,1,7/17/2018,RALU,900111880426728,M,,56,18.1,1602000328,Y,0,pos,1456.65,18ARMI0677,,0,0,,
JonesPond,1,8/21/2020,RALU,900111880425894,M,,55,18.1,,N,,,,,,0,0,,
JonesPond,1,6/22/2021,RALU,900111880425551,M,,59,18,,N,,,,,,0,0,,
JonesPond,1,8/16/2021,RALU,900111880425885,M,,57,18,2100500248,Y,0,pos,14840.1488135316,,,0,0,,
JonesPond,1,6/22/2021,RALU,900111880425730,M,,56,18,2100400013,Y,0,pos,73.5052566027163,,,0,0,,
JonesPond,1,6/25/2020,RALU,900111880425788,M,,59,17.9,,N,,,,,CAPT 6/22,0,0,,
JonesPond,1,8/19/2020,RALU,900111880425797,M,,57,17.9,2001900101,Y,0,pos,2107.64,,,0,0,,
JonesPond,1,8/19/2020,RALU,900111880425881,M,,57,17.8,2001900099,Y,0,pos,304.91,,,0,0,,
JonesPond,1,8/21/2020,RALU,900111880425881,M,,57,17.8,,N,,,,,,0,0,,
JonesPond,1,8/20/2021,RALU,900219000112121,M,,59,17.7,2100500224,Y,0,pos,58105.4922381891,21ARMI1194,,0,0,,
JonesPond,1,7/15/2020,RALU,900111880425682,M,,58,17.7,,N,,,,,,0,0,,
JonesPond,1,6/23/2021,RALU,900111880425783,M,,57,17.7,,N,,,,,,0,0,,
JonesPond,1,6/22/2020,RALU,900111880425788,M,,56,17.7,2001800195,Y,0,pos,28791.95,,,0,0,,
JonesPond,1,7/16/2020,RALU,900111880425891,M,,56,17.7,,N,,,,,,0,0,,
JonesPond,1,7/14/2020,RALU,900111880425706,M,,55,17.6,,N,,,,,,0,0,,
JonesPond,1,7/15/2018,RALU,900111880426403,M,,53,17.6,1602000280,Y,0,pos,84251.14,18ARMI0559,,0,0,,
JonesPond,1,7/16/2020,RALU,900111880425705,M,,60,17.5,,N,,,,,,0,0,,
JonesPond,1,6/25/2020,RALU,900111880425889,M,,55,17.5,2001900275,Y,0,pos,769.92,,,0,0,,
JonesPond,1,8/21/2020,RALU,900111880425733,M,,61,17.4,2001900160,Y,0,pos,8681.41,,,0,0,,
JonesPond,1,6/24/2021,RALU,900111880425551,M,,60,17.4,,N,,,,,TAKEN TO LAB,0,0,,
JonesPond,1,7/14/2020,RALU,900111880425891,M,,56,17.4,2001900190,Y,0,pos,617.5,20ARMI1793,,0,0,,
JonesPond,1,8/23/2021,RALU,900219000112120,M,,55,17.4,,N,,,,,,0,0,,
JonesPond,1,7/16/2020,RALU,900111880425682,M,,58,17.3,,N,,,,,,0,0,,
JonesPond,1,6/23/2021,RALU,900111880425730,M,,57,17.3,,N,,,,,,0,0,,
JonesPond,1,7/14/2020,RALU,900111880425739,M,,54,17.3,2001900174,Y,0,pos,6723.02,20ARMI0451,LEECHES COLLECTED BY LEAH,1,0,,
JonesPond,1,6/24/2021,RALU,900111880425730,M,,52,17.3,,N,,,,,,0,0,,
JonesPond,1,6/22/2021,RALU,900219000112259,M,,57,17,,N,,,,,,0,0,,
JonesPond,1,7/16/2020,RALU,900111880425797,M,,56,17,,N,,,,,,0,0,,
JonesPond,1,6/22/2021,RALU,900111880425783,M,,57,16.9,2100400059,Y,0,neg,0,,,0,0,,
JonesPond,1,8/24/2021,RALU,900219000112120,M,,53,16.9,,N,,,,,,0,0,,
JonesPond,1,6/21/2021,RALU,900219000112259,M,,58,16.8,2100400191,Y,0,pos,20807.8518371528,21ARMI1279,,0,0,,
JonesPond,1,7/15/2020,RALU,900111880425797,M,,58,16.8,,N,,,,,,0,0,,
JonesPond,1,8/20/2020,RALU,900111880425683,M,,56,16.8,,N,,,,,,0,0,,
JonesPond,1,8/21/2020,RALU,900111880425718,M,,55,16.7,2001900138,Y,0,pos,10760.91,,,0,0,,
JonesPond,1,8/20/2021,RALU,900219000112120,M,,53,16.7,2100500233,Y,0,pos,9627.48463640364,21ARMI1171,,0,0,,
JonesPond,1,8/20/2020,RALU,900111880425881,M,,56,16.6,,N,,,,,,0,0,,
JonesPond,1,6/23/2021,RALU,900111880425885,M,,57,16.5,2100400047,Y,0,pos,1513.63331095021,,,0,0,,
JonesPond,1,7/14/2020,RALU,900111880425731,M,,57,16.5,,N,,,,,,0,0,,
JonesPond,1,8/19/2020,RALU,900111880425894,M,,55,16.5,2001900060,Y,0,pos,6403.6,,,0,0,,
JonesPond,1,7/15/2020,RALU,900111880425729,M,,57,16.4,2001900166,Y,0,pos,25021.86,20ARMI0551,,0,0,,
JonesPond,1,7/16/2020,RALU,900111880425706,M,,57,16.4,,N,,,,,,0,0,,
JonesPond,1,6/24/2021,RALU,900219000112259,M,,55,16.4,,N,,,,,,0,0,,
JonesPond,1,8/21/2020,RALU,900111880425683,M,,57,16.3,,N,,,,,,0,0,,
JonesPond,1,6/24/2021,RALU,900111880425885,M,,55,16.3,,N,,,,,,0,0,,
JonesPond,1,7/14/2020,RALU,900111880425797,M,,55,16.2,2001900237,Y,0,pos,2781.91,20ARMI0546,,0,0,,
JonesPond,1,6/24/2021,RALU,900111880425783,M,,55,16.2,,N,,,,,TAKEN TO LAB,0,0,,
JonesPond,1,7/13/2020,RALU,900111880425731,M,,59,16.1,2001900252,Y,0,pos,635.52,20ARMI0530,,0,0,,
JonesPond,1,7/13/2020,RALU,900111880425706,M,,56,16.1,2001900219,Y,0,pos,6427.03,20ARMI0526,,0,0,,
JonesPond,1,8/23/2021,RALU,900111880425556,M,,53,16,,N,,,,,,0,0,,
JonesPond,1,6/22/2020,RALU,900111880425697,M,,59,15.8,2001800196,Y,0,pos,48485.8,,MISSING HALF OF LEFT REAR LEG,1,0,,
JonesPond,1,7/13/2020,RALU,900111880425733,M,,57,15.8,2001900280,Y,0,pos,3546.52,20ARMI0461,,0,0,,
JonesPond,1,7/13/2020,RALU,900111880425721,M,,54,15.7,2001900243,Y,0,pos,79556.64,20ARMI0443,,0,0,,
JonesPond,1,8/19/2020,RALU,900111880425795,M,,56,15.6,2001900063,Y,0,pos,4219.43,,,0,0,,
JonesPond,1,7/16/2020,RALU,900111880425721,M,,55,15.6,,N,,,,,,0,0,,
JonesPond,1,8/23/2021,RALU,900111880425552,M,,55,15.6,,N,,,,,,0,0,,
JonesPond,1,6/22/2020,RALU,900111880425736,M,,55,15.5,2001800186,Y,0,pos,12077.04,,,0,0,,
JonesPond,1,7/19/2021,RALU,900219000112425,M,,54,15.5,2100500273,Y,0,pos,6165.4452732415,21ARMI1217,MISSING LR3,0,0,,
JonesPond,1,6/25/2020,RALU,900111880425891,M,,56,15.3,,N,,,,,CAPT 6/24,0,0,,
JonesPond,1,7/16/2020,RALU,900111880425731,M,,56,15.3,,N,,,,,,0,0,,
JonesPond,1,6/24/2020,RALU,900111880425891,M,,55,15.3,2001900291,Y,0,pos,153.05,,,0,0,,
JonesPond,1,8/24/2021,RALU,900219000112113,M,,53,15.3,,N,,,,,,0,0,,
JonesPond,1,8/19/2020,RALU,900111880425683,M,,57,15.2,2001900058,Y,0,pos,4539.76,,,0,0,,
JonesPond,1,8/16/2021,RALU,900111880425556,M,,55,15.2,2100500260,Y,0,pos,5967.04153604611,,,0,0,,
JonesPond,1,6/24/2021,RALU,900111880425504,M,,55,15.2,,N,,,,,,0,0,,
JonesPond,1,7/20/2021,RALU,900111880425548,M,,55,15.1,,N,,,,,,0,0,,
JonesPond,1,8/24/2021,RALU,900111880425556,M,,55,15,,N,,,,,,0,0,,
JonesPond,1,6/22/2020,RALU,900111880425428,M,,53,15,2001800187,Y,0,pos,1577.02,,,0,0,,
JonesPond,1,6/23/2021,RALU,900111880425789,M,,53,14.8,2100400044,Y,0,pos,472.978750613672,,,0,0,,
JonesPond,1,6/25/2020,RALU,900111880425789,M,,56,14.7,2001900271,Y,0,pos,164.6,,,0,0,,
JonesPond,1,7/14/2020,RALU,900111880425733,M,,55,14.7,,N,,,,,,0,0,,
JonesPond,1,7/14/2020,RALU,900111880425796,M,,52,14.7,2001900184,Y,0,pos,53286.73,20ARMI0537,,0,0,,
JonesPond,1,7/14/2020,RALU,900111880425800,M,,52,14.7,2001900192,Y,0,pos,718.78,20ARMI0577,,0,0,,
JonesPond,1,8/16/2021,RALU,900219000112113,M,,55,14.6,2100500270,Y,0,pos,11843.5058863752,21ARMI1175,,0,0,,
JonesPond,1,6/25/2020,RALU,900111880425736,M,,55,14.6,,N,,,,,CAPT 6/22,0,0,,
JonesPond,1,8/20/2021,RALU,900219000112113,M,,55,14.6,,N,,,,,,0,0,,
JonesPond,1,7/15/2020,RALU,900111880425898,M,,54,14.6,,N,,,,,,0,0,,
JonesPond,1,8/20/2021,RALU,900111880425556,M,,54,14.6,,N,,,,,,0,0,,
JonesPond,1,7/13/2020,RALU,900111880425730,M,,52,14.6,2001900267,Y,0,pos,681.33,20ARMI0505,,0,0,,
JonesPond,1,7/16/2020,RALU,900111880425683,M,,52,14.6,,N,,,,,,0,0,,
JonesPond,1,6/23/2020,RALU,900111880425697,M,,59,14.5,,N,,,,,CAPT 6/22,0,0,,
JonesPond,1,7/15/2020,RALU,900111880425800,M,,54,14.5,,N,,,,,,0,0,,
JonesPond,1,7/16/2020,RALU,900111880425892,M,,53,14.5,2001900172,Y,0,neg,0,20ARMI0466,,0,0,,
JonesPond,1,8/20/2021,RALU,900111880425552,M,,51,14.5,2100500355,Y,0,pos,5228.12093553905,,,0,0,,
JonesPond,1,6/24/2021,RALU,900219000112236,M,,56,14.3,2100500349,Y,0,pos,282.172642878347,21ARMI1211,,0,0,,
JonesPond,1,6/24/2020,RALU,900111880425708,M,,51,14.3,2001900001,Y,0,neg,0,,,0,0,,
JonesPond,1,7/19/2021,RALU,900111880425548,M,,55,14.2,2100400223,Y,0,neg,0,,,0,0,,
JonesPond,1,6/24/2020,RALU,900111880425736,M,,55,14.1,,N,,,,,CAPT 6/22,0,0,,
JonesPond,1,6/25/2020,RALU,900111880425697,M,,58,14,,N,,,,,"CAPT 6/22, MISSING HALF LEFT REAR LEG",1,0,,
JonesPond,1,8/20/2020,RALU,900111880425783,M,,54,14,2001900156,Y,0,pos,2280.09,,,0,0,,
JonesPond,1,6/23/2020,RALU,900111880425682,M,,53,14,2001900017,Y,0,pos,189.74,,,0,0,,
JonesPond,1,6/24/2020,RALU,900111880425697,M,,58,13.9,,N,,,,,"CAPT 6/23, MISSING HALF OF LEFT REAR LEG",1,0,,
JonesPond,1,7/13/2020,RALU,900111880425724,M,,54,13.9,2001900256,Y,0,pos,1223.53,20ARMI0431,,0,0,,
JonesPond,1,7/16/2020,RALU,900111880425730,M,,52,13.9,,N,,,,,,0,0,,
JonesPond,1,7/16/2020,RALU,900111880425504,M,,55,13.8,2001900147,Y,0,neg,0,20ARMI0454,,0,0,,
JonesPond,1,6/23/2021,RALU,900111880425544,M,,55,13.8,,N,,,,,,0,0,,
JonesPond,1,6/22/2021,RALU,900219000112285,M,,54,13.8,,N,,,,,,0,0,,
JonesPond,1,7/14/2020,RALU,900111880425898,M,,53,13.8,2001900187,Y,0,pos,2616.83,20ARMI0442,,0,0,,
JonesPond,1,7/16/2020,RALU,900111880425716,M,,53,13.8,,N,,,,,,0,0,,
JonesPond,1,7/16/2020,RALU,900111880425897,M,,52,13.8,2001900170,Y,0,pos,7346.02,20ARMI0582,,0,0,,
JonesPond,1,7/13/2020,RALU,900111880425683,M,,52,13.8,2001900261,Y,0,pos,673.58,20ARMI0404,,0,0,,
JonesPond,1,7/14/2020,RALU,900111880425683,M,,52,13.7,,N,,,,,,0,0,,
JonesPond,1,7/15/2020,RALU,900111880425730,M,,51,13.7,,N,,,,,,0,0,,
JonesPond,1,6/24/2021,RALU,900111880425544,M,,55,13.6,,N,,,,,,0,0,,
JonesPond,1,6/23/2021,RALU,900219000112285,M,,54,13.6,,N,,,,,,0,0,,
JonesPond,1,7/16/2020,RALU,900111880425513,M,,50,13.6,2001900176,Y,0,pos,794.28,20ARMI0426,,0,0,,
JonesPond,1,7/15/2020,RALU,900111880425683,M,,53,13.5,,N,,,,,,0,0,,
JonesPond,1,7/15/2018,RALU,900111880426853,M,,51,13.5,1602000273,Y,1,,,18ARMI0536,missing or lost bd data,0,0,,
JonesPond,1,6/23/2020,RALU,900111880425671,M,,51,13.5,,N,,,,,CAPT 6/22,0,0,,
JonesPond,1,6/21/2021,RALU,900111880425544,M,,54,13.4,2100400090,Y,0,pos,19947.0475496365,21ARMI1251,CALLED MALE 6/22,0,0,,
JonesPond,1,7/14/2020,RALU,900111880425725,M,,53,13.4,,N,,,,,,0,0,,
JonesPond,1,7/14/2020,RALU,900111880425737,M,,51,13.4,,N,,,,,,0,0,,
JonesPond,1,8/21/2020,RALU,900111880425783,M,,53,13.3,,N,,,,,,0,0,,
JonesPond,1,7/14/2020,RALU,900111880425390,M,,52,13.3,2001900248,Y,0,pos,49807.33,20ARMI1781,,0,0,,
JonesPond,1,8/23/2021,RALU,900219000112131,M,,51,13.3,,N,,,,,,0,0,,
JonesPond,1,6/22/2020,RALU,900111880425671,M,,50,13.2,2001800184,Y,0,pos,14847.46,,,0,0,,
JonesPond,1,7/13/2020,RALU,900111880425725,M,,53,13.1,2001900228,Y,0,pos,8958.46,20ARMI0415,,0,0,,
JonesPond,1,6/25/2020,RALU,900111880425797,M,,53,13.1,2001900273,Y,0,pos,108.87,,,0,0,,
JonesPond,1,7/16/2020,RALU,900111880425390,M,,52,13.1,,N,,,,,,0,0,,
JonesPond,1,7/13/2020,RALU,900111880425737,M,,50,13.1,2001900215,Y,0,pos,1104.65,20ARMI0515,,0,0,,
JonesPond,1,7/13/2020,RALU,900111880425664,M,,50,13.1,2001900227,Y,0,pos,6177.34,20ARMI0605,,0,0,,
JonesPond,1,7/13/2020,RALU,900111880425690,M,,55,13,2001900230,Y,0,pos,1860.13,20ARMI1795,,0,0,,
JonesPond,1,6/21/2021,RALU,900219000112285,M,,54,13,2100400193,Y,0,pos,1343.47690853363,21ARMI1267,,0,0,,
JonesPond,1,6/22/2021,RALU,900111880425544,M,,53,13,,N,,,,,,0,0,,
JonesPond,1,6/23/2021,RALU,900219000112299,M,,53,13,,N,,,,,,0,0,,
JonesPond,1,6/24/2021,RALU,900219000112299,M,,52,13,,N,,,,,,0,0,,
JonesPond,1,7/13/2020,RALU,900111880425716,M,,50,13,2001900245,Y,0,pos,2616.73,20ARMI0414,,0,0,,
JonesPond,1,6/22/2021,RALU,900219000112299,M,,54,12.8,,N,,,,,,0,0,,
JonesPond,1,6/24/2021,RALU,900219000112285,M,,54,12.8,,N,,,,,TAKEN TO LAB,0,0,,
JonesPond,1,6/22/2021,RALU,900219000112267,M,,53,12.8,,N,,,,,,0,0,,
JonesPond,1,7/13/2020,RALU,900111880425887,M,,50,12.8,2001900258,Y,0,pos,1906.59,20ARMI0449,,0,0,,
JonesPond,1,7/15/2020,RALU,900111880425725,M,,52,12.7,,N,,,,,,0,0,,
JonesPond,1,6/24/2021,RALU,900219000112228,M,,51,12.7,,N,,,,,,0,0,,
JonesPond,1,7/16/2020,RALU,900111880425725,M,,51,12.7,,N,,,,,,0,0,,
JonesPond,1,7/14/2020,RALU,900111880425698,M,,53,12.6,2001900198,Y,0,neg,0,20ARMI0541,,0,0,,
JonesPond,1,7/20/2021,RALU,900111880425556,M,,53,12.6,,N,,,,,,0,0,,
JonesPond,1,7/13/2020,RALU,900111880425688,M,,51,12.6,2001900232,Y,0,pos,42446.19,20ARMI1788,,0,0,,
JonesPond,1,6/23/2021,RALU,900219000112228,M,,53,12.5,2100400046,Y,0,pos,17018.5796165847,21ARMI1223,,0,0,,
JonesPond,1,7/16/2020,RALU,900111880425688,M,,53,12.5,,N,,,,,,0,0,,
JonesPond,1,7/15/2020,RALU,900111880425674,M,,52,12.5,,N,,,,,,0,0,,
JonesPond,1,7/15/2020,RALU,900111880425664,M,,51,12.5,,N,,,,,,0,0,,
JonesPond,1,7/16/2020,RALU,900111880425795,M,,51,12.5,,N,,,,,,0,0,,
JonesPond,1,7/14/2020,RALU,900111880425795,M,,50,12.5,2001900244,Y,0,pos,968.47,20ARMI0562,,0,0,,
JonesPond,1,7/16/2020,RALU,900111880425883,M,,53,12.4,,N,,,,,,0,0,,
JonesPond,1,6/21/2021,RALU,900219000112299,M,,52,12.4,2100400130,Y,0,neg,0,21ARMI1277,,0,0,,
JonesPond,1,7/14/2020,RALU,900111880425688,M,,50,12.4,,N,,,,,,0,0,,
JonesPond,1,7/14/2020,RALU,900111880425883,M,,50,12.4,,N,,,,,,0,0,,
JonesPond,1,8/16/2021,RALU,900219000112131,M,,53,12.3,2100500272,Y,0,pos,44484.276406245,21ARMI1174,,0,0,,
JonesPond,1,6/23/2020,RALU,900111880425722,M,,51,12.3,2001900021,Y,0,pos,984.81,,,0,0,,
JonesPond,1,6/25/2020,RALU,900111880425708,M,,50,12.3,,N,,,,,CAPT 6/24,0,0,,
JonesPond,1,7/14/2020,RALU,900111880425701,M,,51,12.2,,N,,,,,SCARRING ON L VENTRAL SURFACE,1,0,,
JonesPond,1,7/15/2020,RALU,900111880425795,M,,51,12.2,,N,,,,,,0,0,,
JonesPond,1,7/16/2020,RALU,900111880425887,M,,50,12.2,,N,,,,,,0,0,,
JonesPond,1,6/24/2020,RALU,900111880425722,M,,53,12.1,,N,,,,,CAPT 6/23,0,0,,
JonesPond,1,7/16/2020,RALU,900111880425698,M,,52,12.1,,N,,,,,,0,0,,
JonesPond,1,7/15/2020,RALU,900111880425887,M,,50,12.1,,N,,,,,,0,0,,
JonesPond,1,6/23/2021,RALU,900219000112287,M,,51,12,,N,,,,,,0,0,,
JonesPond,1,7/16/2020,RALU,900111880425664,M,,50,12,,N,,,,,,0,0,,
JonesPond,1,7/13/2020,RALU,900111880425674,M,,49,12,2001900226,Y,0,pos,16559.26,20ARMI0457,,0,0,,
JonesPond,1,6/21/2021,RALU,900219000112267,M,,49,12,2100400187,Y,0,pos,270315.118722623,21ARMI1275,,0,0,,
JonesPond,1,6/23/2021,RALU,900219000112272,M,,52,11.9,,N,,,,,,0,0,,
JonesPond,1,6/24/2021,RALU,900219000112272,M,,52,11.9,,N,,,,,,0,0,,
JonesPond,1,7/19/2021,RALU,900111880425556,M,,54,11.8,2100500277,Y,0,pos,353.808960148554,,,0,0,,
JonesPond,1,7/13/2020,RALU,900111880425701,M,,53,11.8,2001900231,Y,0,pos,64714.09,20ARMI1783,SCARRING ON L VENTRAL SURFACE,1,0,,
JonesPond,1,6/25/2020,RALU,900111880425897,M,,52,11.8,,N,,,,,CAPT 6/24,0,0,,
JonesPond,1,6/22/2021,RALU,900111880425559,M,,50,11.8,,N,,,,,,0,0,,
JonesPond,1,7/15/2020,RALU,900111880425885,M,,48,11.8,2001900144,Y,0,pos,4056.9,20ARMI0462,,0,0,,
JonesPond,1,6/23/2020,RALU,900111880425729,M,,51,11.7,2001900013,Y,0,pos,316980.54,,,0,0,,
JonesPond,1,6/21/2021,RALU,900111880425555,M,,51,11.7,2100400091,Y,0,pos,12541.2176819233,21ARMI1249,,0,0,,
JonesPond,1,6/23/2021,RALU,900111880425559,M,,51,11.7,,N,,,,,,0,0,,
JonesPond,1,7/13/2020,RALU,900111880425883,M,,48,11.7,2001900222,Y,0,pos,400.81,20ARMI0476,,0,0,,
JonesPond,1,7/14/2020,RALU,900111880425887,M,,48,11.7,,N,,,,,,0,0,,
JonesPond,1,6/25/2020,RALU,900111880425729,M,,53,11.6,,N,,,,,CAPT 6/23,0,0,,
JonesPond,1,6/24/2021,RALU,900111880425559,M,,52,11.6,,N,,,,,TAKEN TO LAB,0,0,,
JonesPond,1,7/15/2020,RALU,900111880425680,M,,52,11.6,,N,,,,,SHEDDING LOTS OF SKIN,0,0,,
JonesPond,1,7/16/2020,RALU,900111880425679,M,,51,11.6,2001900178,Y,0,pos,196.96,20ARMI0619,,0,0,,
JonesPond,1,6/21/2021,RALU,900111880425559,M,,51,11.6,2100400086,Y,0,pos,60201.3670123455,21ARMI1256,,0,0,,
JonesPond,1,6/22/2021,RALU,900219000112287,M,,50,11.6,2100400015,Y,0,pos,27.5522335888512,21ARMI1241,,0,0,,
JonesPond,1,7/15/2020,RALU,900111880425662,M,,52,11.5,2001900171,Y,0,pos,9526.49,20ARMI0468,,0,0,,
JonesPond,1,6/21/2021,RALU,900219000112272,M,,52,11.5,2100400054,Y,0,pos,19450.4045082628,21ARMI1261,,0,0,,
JonesPond,1,6/24/2021,RALU,900219000112207,M,,50,11.5,2100500354,Y,0,pos,47330.1167001331,21ARMI1205,,0,0,,
JonesPond,1,7/16/2020,RALU,900111880425885,M,,50,11.5,,N,,,,,,0,0,,
JonesPond,1,6/24/2020,RALU,900111880425897,M,,51,11.4,2001900293,Y,0,pos,432692.86,,,0,0,,
JonesPond,1,6/24/2021,RALU,900219000112267,M,,51,11.4,,N,,,,,TAKEN TO LAB,0,0,,
JonesPond,1,6/24/2020,RALU,900111880425729,M,,50,11.4,,N,,,,,CAPT 6/23,0,0,,
JonesPond,1,6/22/2021,RALU,900219000112272,M,,52,11.3,,N,,,,,,0,0,,
JonesPond,1,7/13/2020,RALU,900111880425782,M,,51,11.3,2001900265,Y,0,pos,13683.08,20ARMI0585,,0,0,,
JonesPond,1,6/21/2021,RALU,900111880425548,M,,50,11.2,2100400085,Y,0,pos,77517.9270720835,21ARMI1244,,0,0,,
JonesPond,1,6/24/2021,RALU,900219000112253,M,,50,11.2,,N,,,,,,0,0,,
JonesPond,1,7/14/2020,RALU,900111880425894,M,,49,11.2,2001900246,Y,0,pos,2123.16,20ARMI0469,,0,0,,
JonesPond,1,7/15/2020,RALU,900111880425881,M,,49,11,2001900149,Y,0,pos,2849.3,20ARMI0473,,0,0,,
JonesPond,1,6/22/2021,RALU,900219000112253,M,,51,10.9,2100400017,Y,0,pos,28429.5710393106,21ARMI1262,SHORT RR2,0,0,,
JonesPond,1,6/24/2020,RALU,900111880425892,M,,50,10.9,2001900284,Y,0,neg,0,,,0,0,,
JonesPond,1,6/22/2021,RALU,900219000112252,M,,50,10.9,,N,,,,,,0,0,,
JonesPond,1,6/23/2021,RALU,900219000112252,M,,49,10.9,,N,,,,,,0,0,,
JonesPond,1,6/24/2021,RALU,900219000112287,M,,51,10.8,,N,,,,,TAKEN TO LAB,0,0,,
JonesPond,1,6/24/2021,RALU,900111880425548,M,,51,10.7,,N,,,,,,0,0,,
JonesPond,1,6/22/2021,RALU,900111880425548,M,,50,10.7,,N,,,,,,0,0,,
JonesPond,1,7/14/2020,RALU,900111880425680,M,,50,10.6,2001900195,Y,0,pos,1141.44,20ARMI1789,,0,0,,
JonesPond,1,6/23/2021,RALU,900111880425548,M,,50,10.6,,N,,,,,,0,0,,
JonesPond,1,6/24/2020,RALU,900111880425390,M,,49,10.6,2001900009,Y,0,pos,12596.34,,,0,0,,
JonesPond,1,7/16/2020,RALU,900111880425881,M,,48,10.6,,N,,,,,,0,0,,
JonesPond,1,6/24/2021,RALU,900219000112252,M,,50,10.5,,N,,,,,,0,0,,
JonesPond,1,7/16/2020,RALU,900111880425740,M,,49,10.3,,N,,,,,,0,0,,
JonesPond,1,7/15/2020,RALU,900111880425740,M,,46,10.3,2001900165,Y,0,pos,18136.04,20ARMI0481,,0,0,,
JonesPond,1,6/24/2020,RALU,900111880425662,M,,49,10.2,,N,,,,,CAPT 6/23,0,0,,
JonesPond,1,6/25/2020,RALU,900111880425677,M,,48,10.2,,N,,,,,CAPT 6/24,0,0,,
JonesPond,1,6/24/2020,RALU,900111880425677,M,,47,10.2,2001900011,Y,0,pos,20382.25,,,0,0,,
JonesPond,1,7/14/2020,RALU,900111880425710,M,,47,10.2,2001900180,Y,0,pos,1894.2,20ARMI0575,,0,0,,
JonesPond,1,7/16/2020,RALU,900111880425703,M,,46,10.2,,N,,,,,,0,0,,
JonesPond,1,7/16/2020,RALU,900111880425710,M,,50,10.1,,N,,,,,,0,0,,
JonesPond,1,6/23/2020,RALU,900111880425662,M,,49,10.1,2001900023,Y,0,pos,3184.13,,,0,0,,
JonesPond,1,7/14/2020,RALU,900111880425783,M,,48,10.1,2001900196,Y,0,pos,617.94,20ARMI0499,,0,0,,
JonesPond,1,6/21/2021,RALU,900219000112252,M,,48,10.1,2100400196,Y,0,pos,8680.18759622261,21ARMI1264,,0,0,,
JonesPond,1,6/24/2020,RALU,900111880425800,M,,50,10,,N,,,,,CAPT 6/22,0,0,,
JonesPond,1,6/25/2020,RALU,900111880425717,M,,50,10,,N,,,,,CAPT 6/23,0,0,,
JonesPond,1,6/25/2020,RALU,900111880425728,M,,49,10,,N,,,,,CAPT 6/24,0,0,,
JonesPond,1,6/23/2021,RALU,900219000112286,M,,48,10,,N,,,,,,0,0,,
JonesPond,1,7/15/2020,RALU,900111880425703,M,,45,10,,N,,,,,,0,0,,
JonesPond,1,7/16/2020,RALU,900111880425783,M,,51,9.9,,N,,,,,,0,0,,
JonesPond,1,6/24/2020,RALU,900111880425717,M,,49,9.9,,N,,,,,CAPT 6/23,0,0,,
JonesPond,1,6/23/2020,RALU,900111880425898,M,,48,9.9,2001900012,Y,0,pos,656.53,,,0,0,,
JonesPond,1,6/24/2021,RALU,900219000112286,M,,48,9.9,,N,,,,,,0,0,,
JonesPond,1,6/25/2020,RALU,900111880425898,M,,48,9.9,,N,,,,,CAPT 6/23,0,0,,
JonesPond,1,7/14/2020,RALU,900111880425703,M,,47,9.9,2001900197,Y,0,pos,8200.54,20ARMI0603,,0,0,,
JonesPond,1,6/21/2021,RALU,900219000112286,M,,49,9.8,2100400188,Y,0,pos,15406.8999025633,21ARMI1269,,0,0,,
JonesPond,1,6/22/2021,RALU,900219000112263,M,,48,9.8,2100400057,Y,0,pos,1212.93736354501,21ARMI1280,,0,0,,
JonesPond,1,6/23/2020,RALU,900111880425717,M,,49,9.7,2001800183,Y,0,pos,126389.99,,,0,0,,
JonesPond,1,6/22/2021,RALU,900219000112286,M,,47,9.7,,N,,,,,,0,0,,
JonesPond,1,6/22/2020,RALU,900111880425796,M,,45,9.7,2001800188,Y,0,pos,22810.91,,,0,0,,
JonesPond,1,6/23/2020,RALU,900111880425739,M,,49,9.6,2001900028,Y,0,pos,705.98,,,0,0,,
JonesPond,1,6/23/2021,RALU,900111880425552,M,,48,9.6,,N,,,,,CURLED TOES ON RR FOOT,0,0,,
JonesPond,1,6/24/2020,RALU,900111880425898,M,,48,9.6,,N,,,,,CAPT 6/23,0,0,,
JonesPond,1,6/24/2020,RALU,900111880425737,M,,48,9.6,,N,,,,,CAPT 6/23,0,0,,
JonesPond,1,6/22/2020,RALU,900111880425800,M,,48,9.5,2001800176,Y,0,pos,1891.66,,LEECH COLLECTED BY LMJ,1,0,,
JonesPond,1,6/24/2020,RALU,900111880425796,M,,47,9.5,,N,,,,,CAPT 6/23,0,0,,
JonesPond,1,6/23/2020,RALU,900111880425737,M,,47,9.4,2001900014,Y,0,pos,2064.86,,,0,0,,
JonesPond,1,6/23/2020,RALU,900111880425796,M,,47,9.4,,N,,,,,CAPT 6/22,0,0,,
JonesPond,1,6/24/2020,RALU,900111880425728,M,,46,9.4,2001900296,Y,0,pos,14800.51,,,0,0,,
JonesPond,1,6/21/2021,RALU,900111880425552,M,,47,9.3,2100400126,Y,0,pos,217354.062433712,21ARMI1257,TOES CURLED ON RIGHT REAR FOOT,0,0,,
JonesPond,1,6/22/2021,RALU,900111880425552,M,,48,9.2,,N,,,,,CURLED TOES ON RR,0,0,,
JonesPond,1,6/24/2021,RALU,900219000112263,M,,48,9.2,,N,,,,,,0,0,,
JonesPond,1,6/23/2021,RALU,900111880425556,M,,47,9.1,,N,,,,,,0,0,,
JonesPond,1,6/24/2021,RALU,900111880425556,M,,48,9,,N,,,,,,0,0,,
JonesPond,1,6/24/2021,RALU,900111880425552,M,,48,9,,N,,,,,TAKEN TO LAB,0,0,,
JonesPond,1,6/23/2021,RALU,900219000112273,M,,47,8.9,,N,,,,,,0,0,,
JonesPond,1,6/24/2020,RALU,900111880425664,M,,45,8.9,2001900003,Y,0,pos,733.52,,,0,0,,
JonesPond,1,6/21/2021,RALU,900111880425556,M,,48,8.8,2100400096,Y,0,pos,24504.9701506968,21ARMI1278,,0,0,,
JonesPond,1,6/25/2020,RALU,900111880425725,M,,46,8.8,2001900270,Y,0,pos,2355.26,,,0,0,,
JonesPond,1,6/25/2020,RALU,900111880425887,M,,46,8.8,2001900277,Y,0,pos,18.53,,,0,0,,
JonesPond,1,6/22/2021,RALU,900219000112273,M,,47,8.7,2100400039,Y,0,pos,24689.3455938524,21ARMI1202,,0,0,,
JonesPond,1,6/21/2021,RALU,900219000112281,M,,47,8.7,2100400124,Y,0,pos,54093.228458605,21ARMI1260,,0,0,,
JonesPond,1,6/23/2021,RALU,900219000112281,M,,48,8.6,,N,,,,,,0,0,,
JonesPond,1,6/24/2021,RALU,900219000112273,M,,50,8.5,,N,,,,,TAKEN TO LAB,0,0,,
JonesPond,1,6/22/2021,RALU,900111880425556,M,,47,8.5,,N,,,,,,0,0,,
JonesPond,1,6/24/2021,RALU,900219000112281,M,,47,8.5,,N,,,,,,0,0,,
JonesPond,1,6/22/2021,RALU,900219000112281,M,,47,8.4,,N,,,,,,0,0,,
JonesPond,1,8/24/2021,RALU,900219000112129,M,,45,8.4,,N,,,,,,0,0,,
JonesPond,1,6/25/2020,RALU,900111880425883,M,,45,8.3,2001900304,Y,0,pos,1315.93,,,0,0,,
JonesPond,1,7/13/2020,RALU,900111880425718,M,,44,8.3,2001900242,Y,0,pos,17706.27,20ARMI0524,,0,0,,
JonesPond,1,6/24/2020,RALU,900111880425680,M,,45,8.2,2001900002,Y,0,pos,187.26,,,0,0,,
JonesPond,1,7/15/2020,RALU,900111880425718,M,,45,8.2,,N,,,,,,0,0,,
JonesPond,1,6/21/2021,RALU,900219000112274,M,,46,8,2100400053,Y,0,pos,1356.35522237799,21ARMI1268,,0,0,,
JonesPond,1,6/24/2020,RALU,900111880425795,M,,46,7.9,2001900004,Y,0,pos,841.31,,,0,0,,
JonesPond,1,6/25/2020,RALU,900111880425723,M,,44,7.9,2001900299,Y,0,pos,19606.43,,,0,0,,
JonesPond,1,7/14/2020,RALU,900111880425718,M,,44,7.9,,N,,,,,,0,0,,
JonesPond,1,6/24/2021,RALU,900219000112271,M,,45,7.8,,N,,,,,,0,0,,
JonesPond,1,6/23/2021,RALU,900219000112271,M,,45,7.7,,N,,,,,,0,0,,
JonesPond,1,6/24/2020,RALU,900111880425679,M,,43,7.7,2001900288,Y,0,pos,791.98,,,0,0,,
JonesPond,1,6/24/2020,RALU,900111880425674,M,,45,7.6,2001900292,Y,0,pos,11580.02,,,0,0,,
JonesPond,1,8/23/2021,RALU,900219000112089,M,,44,7.6,2100500360,Y,0,neg,0,21ARMI1198,,0,0,,
JonesPond,1,6/22/2021,RALU,900219000112271,M,,45,7.5,,N,,,,,,0,0,,
JonesPond,1,6/22/2020,RALU,900111880425710,M,,44,7.5,2001800179,Y,0,pos,14314.82,,,0,0,,
JonesPond,1,6/21/2021,RALU,900111880425549,M,,44,7.5,2100400088,Y,0,pos,24638.9242417234,21ARMI1245,,0,0,,
JonesPond,1,6/25/2020,RALU,900111880425710,M,,44,7.4,,N,,,,,CAPT 6/22,0,0,,
JonesPond,1,8/20/2021,RALU,900219000112129,M,,45,7.3,,N,,,,,,0,0,,
JonesPond,1,6/21/2021,RALU,900219000112271,M,,45,7.2,2100400050,Y,0,pos,123293.751569662,21ARMI1265,,0,0,,
JonesPond,1,6/25/2020,RALU,900111880425894,M,,45,7.2,,N,,,,,CAPT 6/24,0,0,,
JonesPond,1,8/24/2021,RALU,900219000112116,M,,44,7.1,,N,,,,,,0,0,,
JonesPond,1,8/20/2021,RALU,900219000112116,M,,43,7.1,,N,,,,,,0,0,,
JonesPond,1,6/25/2020,RALU,900111880425786,M,,42,7,2001900303,Y,0,pos,4956.43,,,0,0,,
JonesPond,1,8/16/2021,RALU,900219000112129,M,,44,6.8,2100500264,Y,0,neg,0,21ARMI1189,,0,0,,
JonesPond,1,6/24/2020,RALU,900111880425894,M,,44,6.7,2001900286,Y,0,pos,285.79,,,0,0,,
JonesPond,1,8/24/2021,RALU,900219000112108,M,,45,6.6,,N,,,,,,0,0,,
JonesPond,1,6/25/2020,RALU,900111880425783,M,,41,6.6,2001900276,Y,0,pos,685.85,,,0,0,,
JonesPond,1,6/24/2020,RALU,900111880425782,M,,44,6.5,,N,,,,,CAPT 6/23,0,0,,
JonesPond,1,6/22/2020,RALU,900111880425782,M,,42,6.5,2001800177,Y,0,pos,84807.06,,JUVENILE,0,0,,
JonesPond,1,6/23/2020,RALU,900111880425782,M,,44,6.4,,N,,,,,CAPT 6/22,0,0,,
JonesPond,1,6/25/2020,RALU,900111880425740,M,,44,6.4,,N,,,,,CAPT 6/23,0,0,,
JonesPond,1,6/24/2020,RALU,900111880425740,M,,43,6.4,,N,,,,,CAPT 6/23,0,0,,
JonesPond,1,8/23/2021,RALU,900219000112065,M,,42,6.3,2100500356,Y,0,neg,0,21ARMI1178,,0,0,,
JonesPond,1,8/24/2021,RALU,900219000112065,M,,42,6.3,,N,,,,,,0,0,,
JonesPond,1,8/16/2021,RALU,900219000112116,M,,43,6.2,2100500252,Y,0,neg,0,21ARMI1170,,0,0,,
JonesPond,1,6/23/2020,RALU,900111880425740,M,,43,6,2001800185,Y,0,pos,24794.46,,,0,0,,
JonesPond,1,8/24/2021,RALU,900219000112081,M,,43,6,2100500207,Y,0,neg,0,21ARMI1233,,0,0,,
JonesPond,1,8/16/2021,RALU,900219000112108,M,,43,6,2100500245,Y,0,pos,1021.55110228475,21ARMI1195,,0,0,,
JonesPond,1,8/20/2020,RALU,900111880425799,M,,40,5.4,2001900164,Y,0,pos,333271.25,20ARMI0423,,0,0,,
JonesPond,1,8/20/2021,RALU,900219000112107,M,,40,5.2,2100500229,Y,0,neg,0,21ARMI1181,,0,0,,
JonesPond,1,6/24/2020,RALU,900111880425881,M,,40,5.1,2001900010,Y,0,pos,4934.64,,,0,0,,
JonesPond,1,6/25/2020,RALU,900111880425718,M,,36,3.9,,N,,,,,CAPT 6/23,0,0,,
JonesPond,1,6/24/2020,RALU,900111880425718,M,,36,3.8,,N,,,,,CAPT 6/23,0,0,,
JonesPond,1,6/23/2020,RALU,900111880425718,M,,36,3.7,2001800180,Y,0,pos,30206.33,,,0,0,,
JonesPond,1,7/16/2018,RALU,900111880426844,M,,,,,N,,,,,,0,0,,
JonesPond,1,7/16/2018,RALU,900111880426744,M,,,,,N,,,,,,0,0,,
JonesPond,1,7/16/2018,RALU,900111880426408,M,,,,,N,,,,,,0,0,,
JonesPond,1,7/16/2018,RALU,900111880426760,M,,,,,N,,,,,,0,0,,
JonesPond,1,7/16/2018,RALU,900111880426403,M,,,,,N,,,,,,0,0,,
JonesPond,1,7/17/2018,RALU,900111880426403,M,,,,,N,,,,,,0,0,,
JonesPond,1,7/17/2018,RALU,900111880426844,M,,,,,N,,,,,,0,0,,
JonesPond,1,7/17/2018,RALU,900111880426932,M,,,,,N,,,,,,0,0,,
JonesPond,1,7/17/2018,RALU,900111880426854,M,,,,,N,,,,,,0,0,,
JonesPond,1,7/17/2018,RALU,900111880426744,M,,,,,N,,,,,,0,0,,
JonesPond,1,7/17/2018,RALU,900111880426408,M,,,,,N,,,,,,0,0,,
JonesPond,1,8/20/2020,RALU,900111880425797,NA,,60,20.2,,N,,,,,NO SEX RECORDED,0,0,,
JonesPond,1,8/20/2020,RALU,900111880425394,NA,,51,10.4,,N,,,,,NO SEX RECORDED,0,0,,
JonesPond,1,8/20/2020,RALU,,U,,36,4.6,,N,,,,,,0,0,,
JonesPond,1,8/20/2020,RALU,,U,,35,4.4,,N,,,,,,0,0,,
JonesPond,1,8/21/2020,RALU,,U,,36,4.1,,N,,,,,,0,0,,
JonesPond,1,8/20/2020,RALU,,U,,36,4,,N,,,,,,0,0,,
JonesPond,1,8/20/2020,RALU,,U,,36,4,,N,,,,,,0,0,,
JonesPond,1,6/22/2020,RALU,,U,,35,3.9,,N,,,,,JUVENILE,0,0,,
JonesPond,1,6/22/2020,RALU,,U,,35,3.9,,N,,,,,JUVENILE,0,0,,
JonesPond,1,8/21/2020,RALU,,U,,36,3.8,,N,,,,,,0,0,,
JonesPond,1,8/20/2020,RALU,,U,,35,3.8,,N,,,,,,0,0,,
JonesPond,1,8/21/2020,RALU,,U,,35,3.8,,N,,,,,,0,0,,
JonesPond,1,8/20/2020,RALU,,U,,35,3.7,,N,,,,,,0,0,,
JonesPond,1,8/21/2020,RALU,,U,,35,3.7,,N,,,,,,0,0,,
JonesPond,1,8/21/2020,RALU,,U,,35,3.7,,N,,,,,,0,0,,
JonesPond,1,8/21/2020,RALU,,U,,35,3.7,,N,,,,,,0,0,,
JonesPond,1,8/19/2020,RALU,,U,,35,3.6,,N,,,,,"JUV, NO TAG/SWAB",0,0,,
JonesPond,1,8/19/2020,RALU,,U,,35,3.6,,N,,,,,"JUV, NO TAG/SWAB",0,0,,
JonesPond,1,8/21/2020,RALU,,U,,34,3.6,,N,,,,,,0,0,,
JonesPond,1,8/20/2020,RALU,,U,,34,3.5,,N,,,,,,0,0,,
JonesPond,1,8/21/2020,RALU,,U,,34,3.5,,N,,,,,,0,0,,
JonesPond,1,8/21/2020,RALU,,U,,33,3.3,,N,,,,,,0,0,,
JonesPond,1,8/21/2020,RALU,,U,,33,3.3,,N,,,,,,0,0,,
JonesPond,1,6/25/2020,RALU,,U,,33,3.2,,N,,,,,,0,0,,
JonesPond,1,8/21/2020,RALU,,U,,34,3.1,,N,,,,,,0,0,,
JonesPond,1,6/24/2020,RALU,,U,,33,3,,N,,,,,TOO SMALL FOR TAG,0,0,,
JonesPond,1,6/23/2020,RALU,,U,,33,2.8,,N,,,,,TOO SMALL FOR TAG,0,0,,
JonesPond,1,7/13/2020,RALU,,U,,30,2.8,,N,,,,,TOO SMALL FOR TAG,0,0,,
JonesPond,1,7/16/2020,RALU,,U,,28,2.8,,N,,,,,"NO CORT, METAMORPH",0,0,,
JonesPond,1,6/22/2020,RALU,,U,,33,2.7,,N,,,,,JUVENILE,0,0,,
JonesPond,1,7/22/2019,RALU,900111880425420,U,,56,23.4,1903900038,Y,0,pos,153033.77,19ARMI1797,ABRASION ON FRONT LEFT ARM,1,0,,
JonesPond,1,7/24/2019,RALU,900111880425420,U,,56,23.4,,N,,,,,,0,0,,
JonesPond,1,7/25/2019,RALU,900111880425420,U,,56,23.4,,N,,,,,,0,0,,
JonesPond,1,7/22/2019,RALU,900111880425393,U,,52,17.1,1602000360,Y,0,pos,10056.15,19ARMI1828,,0,0,,
JonesPond,1,7/24/2019,RALU,900111880425393,U,,52,17.1,,N,,,,,,0,0,,
JonesPond,1,7/25/2019,RALU,900111880425393,U,,52,17.1,,N,,,,,,0,0,,
JonesPond,1,7/24/2019,RALU,900111880426532,U,,61,16.1,1903900210,Y,0,pos,6540.86,19ARMI1734,ABRASION ON VENTRAL ,1,0,,
JonesPond,1,7/22/2019,RALU,900111880425336,U,,47,13.2,1602000359,Y,0,pos,181.96,19ARMI1785,,0,0,,
JonesPond,1,7/24/2019,RALU,900111880425336,U,,47,13.2,,N,,,,,,0,0,,
JonesPond,1,7/25/2019,RALU,900111880425336,U,,47,13.2,,N,,,,,,0,0,,
JonesPond,1,7/23/2019,RALU,900111880425435,U,,46,12.6,1903900050,Y,0,pos,15213.39,19ARMI1815,,0,0,,
JonesPond,1,7/24/2019,RALU,900111880425435,U,,46,12.6,,N,,,,,,0,0,,
JonesPond,1,7/25/2019,RALU,900111880425435,U,,46,12.6,,N,,,,,,0,0,,
JonesPond,1,7/23/2019,RALU,900111880425426,U,,48,11.4,1903900048,Y,0,pos,200.99,19ARMI1811,,0,0,,
JonesPond,1,7/24/2019,RALU,900111880425426,U,,48,11.4,,N,,,,,,0,0,,
JonesPond,1,7/13/2020,RALU,900111880425667,U,,48,10.9,2001900260,Y,0,pos,4713.09,20ARMI0572,,0,0,,
JonesPond,1,7/23/2019,RALU,900111880425434,U,,47,10.8,1903900041,Y,0,pos,5651.89,19ARMI1795,,0,0,,
JonesPond,1,7/24/2019,RALU,900111880425434,U,,47,10.8,,N,,,,,,0,0,,
JonesPond,1,7/25/2019,RALU,900111880425434,U,,47,10.8,,N,,,,,,0,0,,
JonesPond,1,7/15/2020,RALU,900111880425667,U,,46,10.4,,N,,,,,,0,0,,
JonesPond,1,7/14/2020,RALU,900111880425667,U,,46,10.2,,N,,,,,,0,0,,
JonesPond,1,7/16/2020,RALU,900111880425667,U,,47,10,,N,,,,,,0,0,,
JonesPond,1,7/13/2020,RALU,900111880425882,U,,46,10,2001900214,Y,0,pos,1396.35,20ARMI0501,,0,0,,
JonesPond,1,7/15/2020,RALU,900111880425882,U,,49,9.6,,N,,,,,,0,0,,
JonesPond,1,6/23/2021,RALU,900219000112231,U,,46,9.5,2100400045,Y,0,pos,27290.6307982131,21ARMI1227,,0,0,,
JonesPond,1,6/24/2021,RALU,900219000112231,U,,45,8.8,,N,,,,,,0,0,,
JonesPond,1,7/15/2020,RALU,900111880425707,U,,45,8.6,2001900168,Y,0,pos,1493.95,20ARMI0560,,0,0,,
JonesPond,1,6/22/2021,RALU,900219000112279,U,,45,8.2,,N,,,,,,0,0,,
JonesPond,1,6/24/2021,RALU,900219000112215,U,,46,7.8,2100500358,Y,0,pos,530347.445661143,21ARMI1201,,0,0,,
JonesPond,1,6/22/2021,RALU,900111880425554,U,,46,7.7,,N,,,,,,0,0,,
JonesPond,1,6/21/2021,RALU,900111880425554,U,,45,7.7,2100400131,Y,0,pos,47362.3803171222,21ARMI1258,,0,0,,
JonesPond,1,8/23/2021,RALU,900219000112060,U,,44,7.6,2100500346,Y,0,neg,0,21ARMI1166,,0,0,,
JonesPond,1,6/23/2021,RALU,900219000112279,U,,45,7.4,,N,,,,,,0,0,,
JonesPond,1,8/24/2021,RALU,900219000112060,U,,44,7.4,,N,,,,,,0,0,,
JonesPond,1,6/24/2021,RALU,900111880425554,U,,46,7.3,,N,,,,,TAKEN TO LAB,0,0,,
JonesPond,1,6/23/2021,RALU,900111880425554,U,,45,7.3,,N,,,,,,0,0,,
JonesPond,1,6/23/2021,RALU,900219000112250,U,,44,7.1,2100400038,Y,0,pos,50495.4680581615,21ARMI1226,,0,0,,
JonesPond,1,6/21/2021,RALU,900219000112279,U,,45,7,2100400128,Y,0,pos,56929.6899103547,21ARMI1272,,0,0,,
JonesPond,1,6/25/2020,RALU,900111880425696,U,,44,7,,N,,,,,CAPT 6/24,0,0,,
JonesPond,1,8/20/2021,RALU,900219000112106,U,,43,7,2100500226,Y,0,neg,0,21ARMI1192,,0,0,,
JonesPond,1,6/24/2021,RALU,900219000112279,U,,45,6.9,,N,,,,,TAKEN TO LAB,0,0,,
JonesPond,1,6/24/2020,RALU,900111880425696,U,,42,6.9,2001900005,Y,0,pos,406275.59,,,0,0,,
JonesPond,1,7/16/2020,RALU,900111880425790,U,,44,6.8,2001900148,Y,0,pos,21519.02,20ARMI0446,,0,0,,
JonesPond,1,8/24/2021,RALU,900219000112147,U,,43,6.8,2100500214,Y,0,neg,0,21ARMI1208,,0,0,,
JonesPond,1,6/24/2021,RALU,900219000112250,U,,43,6.8,,N,,,,,,0,0,,
JonesPond,1,7/16/2020,RALU,900111880425670,U,,45,6.7,,N,,,,,,0,0,,
JonesPond,1,7/15/2020,RALU,900111880425684,U,,44,6.7,,N,,,,,,0,0,,
JonesPond,1,7/15/2020,RALU,900111880425394,U,,42,6.7,,N,,,,,,0,0,,
JonesPond,1,8/20/2021,RALU,900219000112125,U,,42,6.7,,N,,,,,,0,0,,
JonesPond,1,7/14/2020,RALU,900111880425684,U,,41,6.7,2001900186,Y,0,pos,1058.64,20ARMI0587,,0,0,,
JonesPond,1,7/15/2020,RALU,900111880425670,U,,43,6.5,,N,,,,,,0,0,,
JonesPond,1,8/24/2021,RALU,900219000112125,U,,43,6.5,,N,,,,,,0,0,,
JonesPond,1,6/24/2020,RALU,900111880425882,U,,42,6.5,2001900295,Y,0,pos,1309.37,,,0,0,,
JonesPond,1,7/14/2020,RALU,900111880425670,U,,42,6.4,2001900181,Y,0,pos,147661.11,20ARMI0416,,0,0,,
JonesPond,1,8/20/2021,RALU,900219000112101,U,,42,6.2,2100500225,Y,0,neg,0,21ARMI1186,,0,0,,
JonesPond,1,8/16/2021,RALU,900219000112125,U,,43,6.1,2100500253,Y,0,pos,198.386017182778,21ARMI1176,,0,0,,
JonesPond,1,6/23/2021,RALU,900219000112261,U,,41,6.1,,N,,,,,,0,0,,
JonesPond,1,7/13/2020,RALU,900111880425700,U,,40,6.1,2001900224,Y,0,pos,37031.69,20ARMI0512,,0,0,,
JonesPond,1,6/24/2020,RALU,900111880425686,U,,43,6,2001900294,Y,0,pos,6729.93,,,0,0,,
JonesPond,1,7/14/2020,RALU,900111880425711,U,,42,6,2001900185,Y,0,pos,59673.51,20ARMI1798,,0,0,,
JonesPond,1,7/16/2020,RALU,900111880425394,U,,42,6,,N,,,,,,0,0,,
JonesPond,1,8/20/2021,RALU,900219000112115,U,,40,6,,N,,,,,,0,0,,
JonesPond,1,6/25/2020,RALU,900111880425667,U,,42,5.9,2001900301,Y,0,pos,610.06,,,0,0,,
JonesPond,1,8/24/2021,RALU,900219000112138,U,,41,5.9,,N,,,,,,0,0,,
JonesPond,1,6/24/2020,RALU,900111880425888,U,,40,5.9,2001900007,Y,0,pos,79912.54,,,0,0,,
JonesPond,1,6/21/2021,RALU,900219000112261,U,,40,5.9,2100400197,Y,0,pos,682433.493285979,21ARMI1250,,0,0,,
JonesPond,1,6/24/2021,RALU,900219000112261,U,,40,5.9,,N,,,,,,0,0,,
JonesPond,1,6/22/2021,RALU,900219000112261,U,,41,5.8,,N,,,,,,0,0,,
JonesPond,1,8/24/2021,RALU,900219000112055,U,,40,5.8,2100500216,Y,0,neg,0,21ARMI1215,,0,0,,
JonesPond,1,8/23/2021,RALU,900219000112138,U,,40,5.8,,N,,,,,,0,0,,
JonesPond,1,6/25/2020,RALU,900111880425676,U,,42,5.7,2001900302,Y,0,neg,0,,,0,0,,
JonesPond,1,8/20/2021,RALU,900219000112127,U,,40,5.7,2100500227,Y,0,neg,0,21ARMI1197,,0,0,,
JonesPond,1,8/21/2020,RALU,900111880425799,U,,40,5.7,,N,,,,,,0,0,,
JonesPond,1,8/20/2021,RALU,900219000112138,U,,41,5.6,2100500230,Y,0,neg,0,21ARMI1196,,0,0,,
JonesPond,1,6/24/2020,RALU,900111880425785,U,,41,5.6,,N,,,,,CAPT 6/23,0,0,,
JonesPond,1,8/24/2021,RALU,900219000112136,U,,41,5.6,,N,,,,,,0,0,,
JonesPond,1,7/15/2020,RALU,900111880425711,U,,39,5.6,,N,,,,,,0,0,,
JonesPond,1,6/23/2020,RALU,900111880425785,U,,41,5.5,2001900020,Y,0,pos,2940.52,,,0,0,,
JonesPond,1,6/25/2020,RALU,900111880425785,U,,41,5.5,,N,,,,,CAPT 6/23,0,0,,
JonesPond,1,8/23/2021,RALU,900219000112104,U,,40,5.5,,N,,,,,,0,0,,
JonesPond,1,8/24/2021,RALU,900219000112127,U,,42,5.4,,N,,,,,,0,0,,
JonesPond,1,8/24/2021,RALU,900219000112143,U,,40,5.4,2100500211,Y,0,neg,0,21ARMI1210,,0,0,,
JonesPond,1,8/16/2021,RALU,900219000112115,U,,40,5.4,2100500244,Y,0,pos,647.107719890759,21ARMI1190,,0,0,,
JonesPond,1,6/24/2021,RALU,900219000112296,U,,41,5.3,,N,,,,,TAKEN TO LAB,0,0,,
JonesPond,1,6/23/2020,RALU,900111880425896,U,,40,5.3,2001900022,Y,0,pos,30392,,,0,0,,
JonesPond,1,8/23/2021,RALU,900219000112088,U,,40,5.3,2100500359,Y,0,neg,0,21ARMI1162,,0,0,,
JonesPond,1,6/22/2021,RALU,900219000112296,U,,41,5.2,2100400014,Y,0,pos,271422.602116463,21ARMI1247,,0,0,,
JonesPond,1,6/24/2020,RALU,900111880425670,U,,38,5.2,,N,,,,,CAPT 6/22,0,0,,
JonesPond,1,8/20/2021,RALU,900219000112119,U,,38,5.2,,N,,,,,,0,0,,
JonesPond,1,6/22/2020,RALU,900111880425670,U,,37,5.2,2001800192,Y,0,pos,12087.01,,JUVENILE,0,0,,
JonesPond,1,8/24/2021,RALU,900219000112119,U,,40,5.1,,N,,,,,,0,0,,
JonesPond,1,8/20/2020,RALU,900111880425687,U,,39,5.1,2001900151,Y,0,pos,13338.51,20ARMI1790,,0,0,,
JonesPond,1,8/16/2021,RALU,900219000112136,U,,40,5,2100500241,Y,0,neg,0,21ARMI1187,,0,0,,
JonesPond,1,8/21/2020,RALU,900111880425687,U,,39,5,,N,,,,,,0,0,,
JonesPond,1,8/20/2021,RALU,900219000112117,U,,49,4.9,2100500232,Y,0,neg,0,21ARMI1164,,0,0,,
JonesPond,1,6/23/2020,RALU,900111880425670,U,,41,4.9,,N,,,,,CAPT 6/22,0,0,,
JonesPond,1,8/24/2021,RALU,900219000112088,U,,40,4.9,,N,,,,,,0,0,,
JonesPond,1,8/16/2021,RALU,900219000112119,U,,39,4.9,2100500269,Y,0,neg,0,21ARMI1188,,0,0,,
JonesPond,1,8/23/2021,RALU,900219000112150,U,,39,4.9,,N,,,,,,0,0,,
JonesPond,1,6/23/2021,RALU,900219000112295,U,,38,4.9,,N,,,,,,0,0,,
JonesPond,1,8/24/2021,RALU,900219000112080,U,,39,4.8,2100500209,Y,0,neg,0,21ARMI1238,,0,0,,
JonesPond,1,8/20/2021,RALU,900219000112134,U,,39,4.8,,N,,,,,,0,0,,
JonesPond,1,8/24/2021,RALU,900219000112117,U,,38,4.8,,N,,,,,,0,0,,
JonesPond,1,8/16/2021,RALU,900219000112134,U,,41,4.7,2100500258,Y,0,neg,0,21ARMI1191,,0,0,,
JonesPond,1,6/21/2021,RALU,900219000112295,U,,38,4.7,2100400198,Y,0,pos,557396.845211512,21ARMI1254,,0,0,,
JonesPond,1,8/20/2021,RALU,900219000112122,U,,38,4.7,2100500221,Y,0,neg,0,21ARMI1161,,0,0,,
JonesPond,1,6/24/2020,RALU,900111880425675,U,,39,4.6,2001900287,Y,0,pos,679.63,,,0,0,,
JonesPond,1,6/23/2020,RALU,900111880425790,U,,39,4.6,2001900305,Y,0,pos,267.96,,,0,0,,
JonesPond,1,8/16/2021,RALU,900219000112118,U,,39,4.6,2100500235,Y,0,neg,0,21ARMI1183,,0,0,,
JonesPond,1,6/22/2021,RALU,900219000112295,U,,38,4.6,,N,,,,,,0,0,,
JonesPond,1,8/21/2020,RALU,900111880425505,U,,37,4.6,2001900161,Y,0,neg,0,20ARMI0529,,0,0,,
JonesPond,1,8/21/2020,RALU,900111880425516,U,,37,4.6,,N,,,,,,0,0,,
JonesPond,1,6/23/2020,RALU,900111880425900,U,,39,4.5,2001900015,Y,0,pos,4664.52,,,0,0,,
JonesPond,1,8/20/2021,RALU,900219000112111,U,,39,4.5,2100500231,Y,0,pos,16.2258375091555,21ARMI1173,,0,0,,
JonesPond,1,8/16/2021,RALU,900219000112104,U,,39,4.5,2100500242,Y,0,neg,0,21ARMI1172,,0,0,,
JonesPond,1,8/20/2021,RALU,900219000112146,U,,38,4.5,2100500220,Y,0,neg,0,21ARMI1185,MISSING LR3,0,0,,
JonesPond,1,6/22/2020,RALU,900111880425375,U,,37,4.5,2001800193,Y,0,pos,3636.72,,JUVENILE,0,0,,
JonesPond,1,8/16/2021,RALU,900219000112150,U,,39,4.4,2100500284,Y,0,neg,0,21ARMI1180,,0,0,,
JonesPond,1,8/16/2021,RALU,900219000112141,U,,39,4.3,2100500263,Y,0,neg,0,21ARMI1168,,0,0,,
JonesPond,1,8/20/2020,RALU,900111880425516,U,,38,4.3,2001900163,Y,0,pos,457.09,20ARMI0406,,0,0,,
JonesPond,1,6/23/2020,RALU,900111880425375,U,,38,4.2,,N,,,,,CAPT 6/22,0,0,,
JonesPond,1,8/24/2021,RALU,900219000112139,U,,37,4.2,2100400042,Y,0,neg,0,21ARMI1203,,0,0,,
JonesPond,1,8/16/2021,RALU,,U,,36,4.2,,N,,,,,,0,0,,
JonesPond,1,6/24/2020,RALU,900111880425375,U,,37,4.1,,N,,,,,CAPT 6/23,0,0,,
JonesPond,1,8/16/2021,RALU,900219000112105,U,,37,3.7,2100500249,Y,0,neg,0,21ARMI1163,,0,0,,
JonesPond,1,6/23/2020,RALU,900111880425329,U,,36,3.7,2001800189,Y,0,pos,44157.48,,,0,0,,
JonesPond,1,6/24/2020,RALU,900111880425329,U,,36,3.7,,N,,,,,CAPT 6/23,0,0,,
JonesPond,1,8/16/2021,RALU,,U,,35,3.7,,N,,,,,,0,0,,
JonesPond,1,8/16/2021,RALU,900219000112114,U,,36,3.5,2100500255,Y,0,neg,0,21ARMI1182,,0,0,,
JonesPond,1,8/16/2021,RALU,,U,,35,3.5,,N,,,,,BIG SCAR ON BELLY,1,0,,
JonesPond,1,8/16/2021,RALU,,U,,30,1.9,,N,,,,,MISSING RR FOOT,1,0,,
JonesPond,1,8/20/2021,RALU,900219000112145,U,,40,,2100500218,Y,0,neg,0,21ARMI1184,NO MASS,0,0,,
JonesPond,1,6/23/2020,RALU,900111880425428,M,,,,,N,,,,,"DEAD, DIED IN BAG. COLLECTED. CAPT 6/22",0,0,,1
JonesPond,1,6/23/2020,RALU,900111880425719,M,,,,,N,,,,,"DEAD, DIED IN BAG. COLLECTED. CAPT 6/22",0,0,,1
JonesPond,1,6/21/2021,RALU,900219000112280,F,,56,15.5,2100400189,Y,0,pos,457.758316796341,21ARMI1255,NO SEX RECORDED,0,0,,
JonesPond,1,6/21/2021,RALU,900219000112282,F,,52,12.9,2100400194,Y,0,pos,79497.2555249034,21ARMI1273,NO SEX RECORDED,0,0,,