Site,SubSite,CaptureDate,Species,IndividualID,Sex,MassG,SVLmm,BdSample,SwabLost,SwabID,BdResult,TargetCopies/swab,HgSampleID,Notes,potential_injury_effect,flagged,reason,dead
LostHorse,1,4/13/18,RALU,900111880426567,M,14.5,51,Y,0,1800200100,pos,6157.04823699607,18ARMI0516,RR club foot,1,0,,
LostHorse,1,4/15/18,RALU,900111880426635,M,21.2,56,Y,0,1800200114,pos,38790.1515052189,18ARMI0449,Broken LR leg,1,0,,
LostHorse,1,4/18/19,RALU,900111880426654,M,18.2,61,Y,0,1902400005,pos,277.595366480524,,Deformed foot,1,0,,
LostHorse,1,4/18/19,RALU,900111880426956,M,18.0,65,Y,0,1902400006,pos,5491.02858216309,,Deformed foot,1,0,,
LostHorse,1,4/22/19,RALU,900111880426465,M,15.5,56,Y,0,1902400082,pos,2125.20857081674,19ARMI1404,Open tear right rear leg,1,0,,
LostHorse,1,4/22/19,RALU,900111880426481,M,13.0,56,Y,0,1902400097,pos,108838.621490246,19ARMI1379,Lession on throat,1,0,,
LostHorse,1,4/23/19,RALU,900111880426537,M,12.8,56,Y,0,1902400112,pos,4811.05440855914,19ARMI1425,Right rear leg lession,1,0,,
LostHorse,1,5/6/21,RALU,900111880425611,F,29.5,70,Y,0,2100400201,pos,152606.145570724,21ARMI1053,"Gave RR2, hole on R foot",1,0,,
LostHorse,1,4/27/21,RALU,900111880425296,M,15.3,58,Y,0,2100400212,pos,43140.8781438945,,"Has LR2, Front right arm injured (something bit it)",1,0,,
LostHorse,1,4/21/21,RALU,900111880425567,M,13.8,56,Y,0,2100400312,pos,344.295229556405,20ARMI0497,Small intestinal eruption. Give RR2,1,0,,
LostHorse,1,4/22/20,RALU,900111880425833,M,16.9,58,Y,1,2001800078,,,20ARMI0814,"LR2 toe clipped today (new), missing left eye",1,0,,
LostHorse,1,4/24/20,RALU,900111880425752,M,20.6,61,Y,1,2001800278,,,20ARMI0727,"LR2 toe clipped today, Short toes, adema on forelimbs",1,0,,
LostHorse,1,5/6/21,RALU,900111880425528,M,12.3,56,N,,,,,,"Has RR2, damaged back left foot",1,0,,
LostHorse,1,5/6/21,RALU,900111880425296,M,14.3,59,N,,,,,,"Has LR2, has bite out of arm",1,0,,
LostHorse,1,4/26/20,RALU,900111880425833,,,,N,,,,,,Captured 4/22/20. Missing left eye,1,0,,
LostHorse,1,4/10/18,RALU,900111880426801,M,16.1,55,Y,0,1800200001,pos,48.4395080549706,18ARMI0518,,0,0,,
LostHorse,1,4/10/18,RALU,900111880426809,M,17.8,57,Y,0,1800200002,pos,134806.220880978,18ARMI0498,,0,0,,
LostHorse,1,4/10/18,RALU,900111880426968,M,23,63,Y,0,1800200003,pos,12129.3736354501,18ARMI0428,,0,0,,
LostHorse,1,4/10/18,RALU,900111880426802,M,21.6,62,Y,0,1800200004,pos,1535.44948563301,18ARMI0505,,0,0,,
LostHorse,1,4/10/18,RALU,900111880426804,M,18.3,58,Y,0,1800200005,pos,2179.47325450059,18ARMI0485,,0,0,,
LostHorse,1,4/10/18,RALU,900111880426805,M,22.6,63,Y,0,1800200006,pos,16148.6232939376,18ARMI0440,,0,0,,
LostHorse,1,4/10/18,RALU,900111880426885,M,16.1,55,Y,0,1800200007,pos,1597.35106238926,18ARMI0455,,0,0,,
LostHorse,1,4/10/18,RALU,900111880426946,M,18.2,58,Y,0,1800200008,pos,3085.2031946595,18ARMI0496,,0,0,,
LostHorse,1,4/10/18,RALU,900111880426947,M,18.3,57,Y,0,1800200009,neg,0,18ARMI0467,,0,0,,
LostHorse,1,4/10/18,RALU,900111880426884,M,17.2,56,Y,0,1800200010,neg,0,18ARMI0483,,0,0,,
LostHorse,1,4/11/18,RALU,900111880426951,M,12.1,51,Y,0,1800200017,neg,0,18ARMI0465,,0,0,,
LostHorse,1,4/11/18,RALU,900111880426898,M,12.4,49,Y,0,1800200018,pos,4627.76580030823,18ARMI0459,,0,0,,
LostHorse,1,4/11/18,RALU,900111880426208,M,15.8,53,Y,0,1800200019,pos,1561.83147919225,18ARMI0506,,0,0,,
LostHorse,1,4/11/18,RALU,900111880426894,M,17.1,55,Y,0,1800200020,pos,43.6435486047484,18ARMI0491,,0,0,,
LostHorse,1,4/11/18,RALU,900111880426818,M,16.9,54,Y,0,1800200021,pos,133.708367828605,18ARMI0477,,0,0,,
LostHorse,1,4/11/18,RALU,900111880426892,M,16.7,55,Y,0,1800200022,pos,20666.540874068,18ARMI0457,,0,0,,
LostHorse,1,4/11/18,RALU,900111880426803,M,15.3,55,Y,0,1800200023,pos,168.799814164644,18ARMI0416,,0,0,,
LostHorse,1,4/11/18,RALU,900111880426950,M,16.7,56,Y,0,1800200024,neg,0,18ARMI0439,,0,0,,
LostHorse,1,4/11/18,RALU,900111880426954,M,16.7,55,Y,0,1800200025,pos,398.620195398841,18ARMI0464,,0,0,,
LostHorse,1,4/11/18,RALU,900111880426817,M,13.8,52,Y,0,1800200026,pos,113.380864823403,18ARMI0475,,0,0,,
LostHorse,1,4/11/18,RALU,900111880426881,M,9,46,Y,0,1800200027,neg,0,18ARMI0450,,0,0,,
LostHorse,1,4/11/18,RALU,900111880426579,M,17.5,57,Y,0,1800200028,pos,1156.43755313667,18ARMI0497,"Tag # NR; maybe was 900111880426579 b/c this was recaptured with a tag, but no previous record, this number was input BJT 10 /21",0,0,,
LostHorse,1,4/11/18,RALU,900111880426812,M,14,54,Y,0,1800200029,pos,52352.5109260481,18ARMI0500,,0,0,,
LostHorse,1,4/11/18,RALU,900111880426958,M,13.1,51,Y,0,1800200030,pos,16470.9225297004,18ARMI0431,,0,0,,
LostHorse,1,4/11/18,RALU,900111880426883,M,14.1,52,Y,0,1800200031,neg,0,18ARMI0515,,0,0,,
LostHorse,1,4/11/18,RALU,900111880426948,M,16.9,53,Y,0,1800200032,neg,0,18ARMI0508,,0,0,,
LostHorse,1,4/11/18,RALU,900111880426944,M,18.5,59,Y,0,1800200033,pos,175.007668117676,18ARMI0434,,0,0,,
LostHorse,1,4/11/18,RALU,900111880426956,M,15.4,52,Y,0,1800200034,pos,11025.6955923603,18ARMI0476,,0,0,,
LostHorse,1,4/11/18,RALU,900111880426952,M,16.1,57,Y,0,1800200035,pos,33572.2941877648,18ARMI0466,,0,0,,
LostHorse,1,4/11/18,RALU,900111880426943,M,16.2,55,Y,0,1800200036,pos,203729.03818589,18ARMI0504,,0,0,,
LostHorse,1,4/11/18,RALU,900111880426815,M,14,54,Y,0,1800200037,pos,12304.1957222195,18ARMI0469,,0,0,,
LostHorse,1,4/11/18,RALU,900111880426814,M,18.6,58,Y,0,1800200038,pos,288.196842128768,18ARMI0415,,0,0,,
LostHorse,1,4/11/18,RALU,900111880426959,M,11.1,48,Y,0,1800200039,pos,524.596456516692,18ARMI0430,,0,0,,
LostHorse,1,4/11/18,RALU,900111880426899,M,15.1,52,Y,0,1800200040,neg,0,18ARMI0495,,0,0,,
LostHorse,1,4/10/18,RALU,900111880426811,M,16.5,53,Y,0,1800200042,pos,49642.5136063981,18ARMI0425,,0,0,,
LostHorse,1,4/10/18,RALU,900111880426381,M,15.3,51,Y,0,1800200043,pos,2468.93455938524,18ARMI0442,,0,0,,
LostHorse,1,4/10/18,RALU,900111880426384,M,15.3,56,Y,0,1800200044,neg,0,18ARMI0453,,0,0,,
LostHorse,1,4/10/18,RALU,900111880426397,M,20.7,59,Y,0,1800200045,pos,20652.4626678041,18ARMI0499,,0,0,,
LostHorse,1,4/11/18,RALU,900111880426813,M,19.5,54,Y,0,1800200046,pos,1269.5994509424,18ARMI0448,,0,0,,
LostHorse,1,4/11/18,RALU,900111880426955,M,25.1,65,Y,0,1800200047,pos,4246.99973093361,18ARMI0517,,0,0,,
LostHorse,1,4/11/18,RALU,900111880426808,M,16.3,52,Y,0,1800200048,pos,2729.06307982131,18ARMI0463,,0,0,,
LostHorse,1,4/11/18,RALU,900111880426882,M,14.1,53,Y,0,1800200049,pos,30600.7750148072,18ARMI0414,,0,0,,
LostHorse,1,4/11/18,RALU,900111880426945,M,15.8,54,Y,0,1800200050,pos,48110.5440855913,18ARMI0501,,0,0,,
LostHorse,1,4/11/18,RALU,900111880426566,M,10.9,49,Y,0,1800200051,neg,0,18ARMI0513,,0,0,,
LostHorse,1,4/11/18,RALU,900111880426888,M,16.3,55,Y,0,1800200052,neg,0,18ARMI0419,,0,0,,
LostHorse,1,4/11/18,RALU,900111880426949,M,9.2,47,Y,0,1800200053,pos,770.439677357806,18ARMI0422,,0,0,,
LostHorse,1,4/11/18,RALU,900111880426890,M,18.5,56,Y,0,1800200054,neg,0,18ARMI0435,,0,0,,
LostHorse,1,4/11/18,RALU,900111880426941,M,11.3,49,Y,0,1800200055,pos,356.471019454019,18ARMI0479,,0,0,,
LostHorse,1,4/11/18,RALU,900111880426900,M,10.9,46,Y,0,1800200056,pos,94455.3059227382,18ARMI0514,,0,0,,
LostHorse,1,4/11/18,RALU,900111880426896,M,15.9,52,Y,0,1800200057,pos,725.596923469375,18ARMI0421,,0,0,,
LostHorse,1,4/11/18,RALU,900111880426957,M,16.3,54,Y,0,1800200058,pos,8835.34872435643,18ARMI0462,,0,0,,
LostHorse,1,4/11/18,RALU,900111880426953,M,16.9,56,Y,0,1800200059,pos,2445.49253358522,18ARMI0493,,0,0,,
LostHorse,1,4/11/18,RALU,900111880426889,M,16.5,55,Y,0,1800200060,pos,827.021837956353,18ARMI0490,,0,0,,
LostHorse,1,4/11/18,RALU,900111880426960,M,23.6,63,Y,0,1800200061,pos,659.573283944732,18ARMI0424,,0,0,,
LostHorse,1,4/11/18,RALU,900111880426897,M,13.3,53,Y,0,1800200062,pos,156.71620258264,18ARMI0438,,0,0,,
LostHorse,1,4/11/18,RALU,900111880426961,M,14.4,54,Y,0,1800200063,pos,29195.2489702937,18ARMI0413,Dirty Swab,0,0,,
LostHorse,1,4/11/18,RALU,900111880426886,M,15.4,52,Y,0,1800200064,pos,4244.10664212019,18ARMI0443,,0,0,,
LostHorse,1,4/11/18,RALU,900111880426827,M,15.6,55,Y,0,1800200065,pos,320.521172650218,18ARMI0481,,0,0,,
LostHorse,1,4/11/18,RALU,900111880426942,M,15.1,54,Y,0,1800200066,neg,0,18ARMI0484,,0,0,,
LostHorse,1,4/11/18,RALU,900111880426895,M,14.3,53,Y,0,1800200067,pos,59751.7943949068,18ARMI0512,,0,0,,
LostHorse,1,4/11/18,RALU,900111880426822,M,14.6,55,Y,0,1800200068,pos,20069.7578629248,18ARMI0510,Dirty Swab,0,0,,
LostHorse,1,4/11/18,RALU,900111880426826,M,16.2,56,Y,0,1800200069,pos,17181.7164804159,18ARMI0487,,0,0,,
LostHorse,1,4/11/18,RALU,900111880426391,M,14.6,51,Y,0,1800200070,pos,6951.05721488942,18ARMI0445,,0,0,,
LostHorse,1,4/11/18,RALU,900111880426389,M,18.2,58,Y,0,1800200071,pos,3540.50141822579,18ARMI0411,,0,0,,
LostHorse,1,4/11/18,RALU,900111880426839,M,17.8,55,Y,0,1800200072,pos,15427.9119674249,18ARMI0433,,0,0,,
LostHorse,1,4/13/18,RALU,900111880426597,F,15.7,52,Y,0,1800200073,pos,93.5584722217502,18ARMI0436,,0,0,,
LostHorse,1,4/13/18,RALU,900111880426570,M,11.1,49,Y,0,1800200074,neg,0,18ARMI0486,,0,0,,
LostHorse,1,4/13/18,RALU,900111880426834,M,15.8,54,Y,0,1800200075,pos,41019.3723329139,18ARMI0502,,0,0,,
LostHorse,1,4/13/18,RALU,900111880426573,M,17.3,52,Y,0,1800200076,pos,1145.45741644018,18ARMI0488,,0,0,,
LostHorse,1,4/13/18,RALU,900111880426832,M,15,52,Y,0,1800200077,pos,38.2390081891226,18ARMI0470,,0,0,,
LostHorse,1,4/13/18,RALU,900111880426400,M,14.4,51,Y,0,1800200078,pos,1635.90646625941,18ARMI0454,,0,0,,
LostHorse,1,4/13/18,RALU,900111880426386,M,21.5,59,Y,0,1800200079,pos,149926.167400577,18ARMI0451,,0,0,,
LostHorse,1,4/13/18,RALU,900111880426829,M,14.7,54,Y,0,1800200080,pos,4897.05354409281,18ARMI0478,,0,0,,
LostHorse,1,4/13/18,RALU,900111880426382,M,11.1,49,Y,0,1800200081,pos,16594.8497829034,18ARMI0509,,0,0,,
LostHorse,1,4/13/18,RALU,900111880426576,M,22,61,Y,0,1800200082,pos,179.476281637809,18ARMI0471,,0,0,,
LostHorse,1,4/13/18,RALU,900111880426837,M,21,58,Y,0,1800200083,pos,399980.690157204,18ARMI0412,,0,0,,
LostHorse,1,4/13/18,RALU,900111880426577,M,14.1,52,Y,0,1800200084,pos,21411.98644244,18ARMI0444,,0,0,,
LostHorse,1,4/13/18,RALU,900111880426578,M,15.8,53,Y,0,1800200085,neg,0,18ARMI0441,,0,0,,
LostHorse,1,4/13/18,RALU,900111880426563,M,17.8,55,Y,0,1800200086,pos,79497.2555249034,18ARMI0472,,0,0,,
LostHorse,1,4/13/18,RALU,900111880426830,M,14.7,53,Y,0,1800200087,pos,7201.78300533078,18ARMI0432,,0,0,,
LostHorse,1,4/13/18,RALU,900111880426824,M,15.9,56,Y,0,1800200088,pos,53543.125529598,18ARMI0494,,0,0,,
LostHorse,1,4/13/18,RALU,900111880426569,M,19,55,Y,0,1800200089,pos,1793.54021017236,18ARMI0473,,0,0,,
LostHorse,1,4/13/18,RALU,900111880426574,M,14.7,51,Y,0,1800200090,pos,25.492886917016,18ARMI0446,,0,0,,
LostHorse,1,4/13/18,RALU,900111880426565,M,14.8,51,Y,0,1800200091,pos,2487.51082782015,18ARMI0474,No capture # 99 or 100,0,0,,
LostHorse,1,4/13/18,RALU,900111880426562,M,14.5,52,Y,0,1800200092,pos,292350.657062298,18ARMI0429,No capture # 99 or 100,0,0,,
LostHorse,1,4/13/18,RALU,900111880426572,M,16,54,Y,0,1800200093,pos,3980.77294102895,18ARMI0461,,0,0,,
LostHorse,1,4/13/18,RALU,900111880426838,M,21.9,62,Y,0,1800200094,pos,83779.9202956482,18ARMI0503,,0,0,,
LostHorse,1,4/13/18,RALU,900111880426575,M,17.7,55,Y,0,1800200095,pos,76781.9102993907,18ARMI0492,,0,0,,
LostHorse,1,4/13/18,RALU,900111880426561,M,18.3,54,Y,0,1800200096,pos,86.1536556889734,18ARMI0447,,0,0,,
LostHorse,1,4/13/18,RALU,900111880426833,M,16.1,54,Y,0,1800200097,pos,3673.21062755672,18ARMI0468,,0,0,,
LostHorse,1,4/13/18,RALU,900111880426825,M,12.5,50,Y,0,1800200098,pos,7365.56785282086,18ARMI0456,,0,0,,
LostHorse,1,4/13/18,RALU,900111880426835,M,20.8,59,Y,0,1800200099,pos,841.80511768921,18ARMI0420,,0,0,,
LostHorse,1,4/13/18,RALU,900111880426571,M,14.9,53,Y,0,1800200101,pos,58264.0898701155,18ARMI0423,,0,0,,
LostHorse,1,4/13/18,RALU,900111880426568,M,14.9,52,Y,0,1800200102,pos,668624.008862228,18ARMI0437,,0,0,,
LostHorse,1,4/13/18,RALU,900111880426840,M,18.5,55,Y,0,1800200103,pos,22550.1181263253,18ARMI0417,,0,0,,
LostHorse,1,4/13/18,RALU,900111880426831,M,12.5,49,Y,0,1800200104,pos,1098.07075380168,18ARMI0460,,0,0,,
LostHorse,1,4/13/18,RALU,900111880426580,M,14.7,51,Y,0,1800200105,pos,24140.3396266926,18ARMI0520,,0,0,,
LostHorse,1,4/13/18,RALU,900111880426828,M,15.7,55,Y,0,1800200106,neg,0,18ARMI0452,,0,0,,
LostHorse,1,4/15/18,RALU,900111880426564,M,12.8,52,Y,0,1800200107,pos,2083.62297675085,18ARMI0458,,0,0,,
LostHorse,1,4/15/18,RALU,900111880426640,M,13.7,52,Y,0,1800200108,pos,9806.25910092406,18ARMI0427,,0,0,,
LostHorse,1,4/15/18,RALU,900111880426626,M,15.9,53,Y,0,1800200109,pos,23459.2251214563,18ARMI0511,,0,0,,
LostHorse,1,4/15/18,RALU,900111880426621,M,20.1,56,Y,0,1800200110,neg,0,18ARMI0519,,0,0,,
LostHorse,1,4/15/18,RALU,900111880426624,M,15.3,52,Y,0,1800200111,neg,0,18ARMI0426,,0,0,,
LostHorse,1,4/15/18,RALU,900111880426627,M,15.2,55,Y,0,1800200112,pos,2619.73185713756,18ARMI0489,,0,0,,
LostHorse,1,4/15/18,RALU,900111880426625,M,17.4,56,Y,0,1800200113,pos,3850.04738648512,18ARMI0418,,0,0,,
LostHorse,1,4/15/18,RALU,900111880426630,M,18.1,54,Y,0,1800200115,pos,99.0700876394173,18ARMI0507,,0,0,,
LostHorse,1,4/15/18,RALU,900111880426636,M,18.4,56,Y,0,1800200116,pos,222.297185815894,18ARMI0482,,0,0,,
LostHorse,1,4/15/18,RALU,900111880426622,M,13,49,Y,0,1800200117,pos,173227.921676698,18ARMI0729,,0,0,,
LostHorse,1,4/15/18,RALU,900111880426629,M,13.5,49,Y,0,1800200118,pos,2370.02455759759,18ARMI0709,,0,0,,
LostHorse,1,4/15/18,RALU,900111880426821,M,13.2,50,Y,0,1800200119,neg,0,18ARMI0705,,0,0,,
LostHorse,1,4/15/18,RALU,900111880426836,M,18.5,54,Y,0,1800200120,pos,6036.56852872471,18ARMI0711,,0,0,,
LostHorse,1,4/15/18,RALU,900111880426633,M,17.1,55,Y,0,1800200121,pos,2727.20402110515,18ARMI0700,,0,0,,
LostHorse,1,4/15/18,RALU,900111880426631,M,14.5,51,Y,0,1800200122,neg,0,18ARMI0720,,0,0,,
LostHorse,1,4/15/18,RALU,900111880426638,M,12.3,52,Y,0,1800200123,pos,1000.87935306104,18ARMI0698,,0,0,,
LostHorse,1,4/15/18,RALU,900111880426628,M,19.6,57,Y,0,1800200124,pos,10229.4430261424,18ARMI0724,,0,0,,
LostHorse,1,4/15/18,RALU,900111880426639,M,16.5,52,Y,0,1800200125,pos,16325.655670172,18ARMI0696,,0,0,,
LostHorse,1,4/15/18,RALU,900111880426637,M,14.3,51,Y,0,1800200126,pos,281021.296182284,18ARMI0690,,0,0,,
LostHorse,1,4/15/18,RALU,900111880426634,M,12,48,Y,0,1800200127,pos,3586.63959054054,18ARMI0727,,0,0,,
LostHorse,1,4/15/18,RALU,900111880426623,M,13.8,48,Y,0,1800200128,pos,9846.43542980009,18ARMI0692,,0,0,,
LostHorse,1,4/15/18,RALU,900111880426632,M,12.5,47,Y,0,1800200129,pos,1647.09225297004,18ARMI0684,,0,0,,
LostHorse,1,4/18/18,RALU,900111880426429,M,15.7,52,Y,0,1800200130,pos,9627.48463640364,,,0,0,,
LostHorse,1,4/18/18,RALU,900111880426438,M,12.4,50,Y,0,1800200131,pos,61654.4527324151,,,0,0,,
LostHorse,1,4/18/18,RALU,900111880426425,M,17.2,53,Y,0,1800200132,pos,371.601027741106,,,0,0,,
LostHorse,1,4/18/18,RALU,900111880426430,M,18.1,52,Y,0,1800200133,pos,15628.9613603571,,100 m W of main breeding area,0,0,,
LostHorse,1,4/18/18,RALU,900111880426428,M,17,54,Y,0,1800200134,pos,13055.7099569218,,100 m W of main breeding area,0,0,,
LostHorse,1,4/18/18,RALU,900111880426434,M,16.6,54,Y,0,1800200135,pos,30873.0629140099,,100 m W of main breeding area,0,0,,
LostHorse,1,4/18/18,RALU,900111880426436,M,17.8,54,Y,0,1800200136,pos,1717.00121632758,,100 m W of main breeding area,0,0,,
LostHorse,1,4/18/18,RALU,900111880426427,M,14,51,Y,0,1800200137,pos,44.6969767974624,,100 m W of main breeding area,0,0,,
LostHorse,1,4/18/18,RALU,900111880426422,M,12.6,50,Y,0,1800200138,pos,6102.74556756509,,100 m W of main breeding area,0,0,,
LostHorse,1,4/18/18,RALU,900111880426440,M,25.1,63,Y,0,1800200139,pos,4107.53149117254,,100 m W of main breeding area,0,0,,
LostHorse,1,4/18/18,RALU,900111880426423,M,11.9,50,Y,0,1800200140,pos,18305.8324970947,,east pond,0,0,,
LostHorse,1,4/18/18,RALU,900111880426439,M,20.8,60,Y,0,1800200141,neg,0,,east pond,0,0,,
LostHorse,1,4/18/18,RALU,900111880426435,M,13.2,50,Y,0,1800200142,neg,0,,east pond,0,0,,
LostHorse,1,4/18/18,RALU,900111880426431,M,15,51,Y,0,1800200143,pos,408.241726311031,,east pond,0,0,,
LostHorse,1,4/18/18,RALU,900111880426433,M,18.9,55,Y,0,1800200144,pos,172.286135884389,,east pond,0,0,,
LostHorse,1,4/18/18,RALU,900111880426421,M,12.7,48,Y,0,1800200145,pos,6053.0452065178,,east pond,0,0,,
LostHorse,1,4/18/18,RALU,900111880426432,M,16.1,55,Y,0,1800200146,pos,8907.89403115612,,,0,0,,
LostHorse,1,4/18/18,RALU,900111880426641,M,15.3,54,Y,0,1800200147,pos,15167.3082598036,,,0,0,,
LostHorse,1,4/18/18,RALU,900111880426643,M,12.5,48,Y,0,1800200148,pos,742.098639969543,,dirty swab,0,0,,
LostHorse,1,4/18/18,RALU,900111880426646,M,13.3,51,Y,0,1800200149,pos,3779.85852518608,,,0,0,,
LostHorse,1,4/18/18,RALU,900111880426437,M,14.5,53,Y,0,1800200150,pos,829.84447185343,,,0,0,,
LostHorse,1,4/18/18,RALU,900111880426660,M,14.7,52,Y,0,1800200151,pos,6237.28403383727,,,0,0,,
LostHorse,1,4/18/18,RALU,900111880426426,M,15.2,53,Y,0,1800200152,pos,128.702101070776,,,0,0,,
LostHorse,1,4/18/18,RALU,900111880426424,M,14.4,51,Y,0,1800200153,pos,16181.6700054545,,,0,0,,
LostHorse,1,4/18/18,RALU,900111880426652,M,12,50,Y,0,1800200154,pos,2502.81350518281,,,0,0,,
LostHorse,1,4/18/18,RALU,900111880426657,M,12.1,48,Y,0,1800200155,pos,13796.6002991197,,,0,0,,
LostHorse,1,4/18/18,RALU,900111880426654,M,17.2,55,Y,0,1800200156,pos,872.763701698265,,,0,0,,
LostHorse,1,4/18/18,RALU,900111880426655,M,16,56,Y,0,1800200157,pos,24074.628470692,,,0,0,,
LostHorse,1,4/18/18,RALU,900111880426649,M,15.7,53,Y,0,1800200158,pos,2688.45500338963,,dirty swab,0,0,,
LostHorse,1,4/18/18,RALU,900111880426645,M,14.6,52,Y,0,1800200159,pos,50323.7127177044,,,0,0,,
LostHorse,1,4/18/18,RALU,900111880426644,M,14.3,51,Y,0,1800200160,pos,22244.8719591025,,"PitCode recorded wrong; perhaps it was 900111880426644 which shows up as a recap later, with no previous record-changed from 900111880422664",0,0,,
LostHorse,1,4/18/18,RALU,900111880426650,M,15.4,54,Y,0,1800200161,pos,60.3245637191088,,,0,0,,
LostHorse,1,4/18/18,RALU,900111880426659,M,18.5,55,Y,0,1800200162,neg,0,,,0,0,,
LostHorse,1,4/18/18,RALU,900111880426647,M,15.4,54,Y,0,1800200163,pos,4057.45658821075,,,0,0,,
LostHorse,1,4/18/18,RALU,900111880426656,M,16.1,52,Y,0,1800200164,neg,0,,,0,0,,
LostHorse,1,4/18/18,RALU,900111880426658,M,17.9,54,Y,0,1800200165,pos,943.909622433773,,,0,0,,
LostHorse,1,4/18/18,RALU,900111880426642,M,16,55,Y,0,1800200166,pos,4555.79973202615,,,0,0,,
LostHorse,1,4/18/18,RALU,900111880426653,M,17.3,55,Y,0,1800200167,pos,1950.34939491435,,,0,0,,
LostHorse,1,4/20/18,RALU,900111880426407,M,11.4,48,Y,0,1800200168,pos,4445.397337573,,east pond,0,0,,
LostHorse,1,4/20/18,RALU,900111880426420,M,11.7,49,Y,0,1800200169,pos,2858.49785882049,,east pond,0,0,,
LostHorse,1,4/20/18,RALU,900111880426651,M,15.2,53,Y,0,1800200170,pos,46976.6641872657,,east pond,0,0,,
LostHorse,1,4/20/18,RALU,900111880426411,M,11.4,49,Y,0,1800200171,pos,14.8705178491937,,100 m W of main breeding area,0,0,,
LostHorse,1,4/20/18,RALU,900111880426414,M,11.5,49,Y,0,1800200172,pos,992.728257023824,,,0,0,,
LostHorse,1,4/20/18,RALU,900111880426410,M,13.5,53,Y,0,1800200173,pos,1526.06145570723,,,0,0,,
LostHorse,1,4/20/18,RALU,900111880426417,M,17.4,56,Y,0,1800200174,pos,64931.6305083306,,,0,0,,
LostHorse,1,4/20/18,RALU,900111880426404,M,13.8,54,Y,0,1800200175,pos,572.408906511625,,,0,0,,
LostHorse,1,4/20/18,RALU,900111880426648,M,14.6,54,Y,0,1800200181,pos,1699.540113984,,,0,0,,
LostHorse,1,4/20/18,RALU,900111880426415,M,14.9,56,Y,0,1800200182,pos,1068.54422819193,,,0,0,,
LostHorse,1,4/20/18,RALU,900111880426418,M,18.3,54,Y,0,1800200183,pos,35744.3999070198,,,0,0,,
LostHorse,1,4/20/18,RALU,900111880426409,M,10.5,48,Y,0,1800200184,pos,2285.95529093683,,,0,0,,
LostHorse,1,4/18/19,RALU,900111880426648,M,15.9,61,Y,0,1902400001,neg,0,,,0,0,,
LostHorse,1,4/18/19,RALU,900111880426576,M,23.7,68,Y,0,1902400002,pos,1477.95966773243,,,0,0,,
LostHorse,1,4/18/19,RALU,900111880426942,M,16.5,59,Y,0,1902400003,pos,872.763701698265,,,0,0,,
LostHorse,1,4/18/19,RALU,900111880426561,M,18.5,58,Y,0,1902400004,pos,3800.52076267656,,,0,0,,
LostHorse,1,4/18/19,RALU,900111880426657,M,15.0,58,Y,0,1902400007,pos,1048.34934333946,,,0,0,,
LostHorse,1,4/18/19,RALU,900111880426404,M,19.5,62,Y,0,1902400008,pos,12704.6490138433,,,0,0,,
LostHorse,1,4/18/19,RALU,900111880426440,M,23.8,72,Y,0,1902400009,pos,312.11514780142,,,0,0,,
LostHorse,1,4/18/19,RALU,900111880426947,M,19.1,62,Y,0,1902400010,neg,0,,,0,0,,
LostHorse,1,4/18/19,RALU,900111880426780,M,13.6,60,Y,0,1902400011,pos,4024.4129269381,19ARMI1365,,0,0,,
LostHorse,1,4/18/19,RALU,900111880426038,M,16.2,59,Y,0,1902400012,neg,0,19ARMI1441,,0,0,,
LostHorse,1,4/18/19,RALU,900111880426035,M,17.1,63,Y,0,1902400013,neg,0,19ARMI1415,,0,0,,
LostHorse,1,4/18/19,RALU,900111880425161,M,14.9,63,Y,0,1902400014,pos,894438.975052323,19ARMI1430,,0,0,,
LostHorse,1,4/18/19,RALU,900111880426064,M,18.3,66,Y,0,1902400015,neg,0,19ARMI1389,,0,0,,
LostHorse,1,4/18/19,RALU,900111880425177,M,13.1,60,Y,0,1902400016,pos,3403.29762786544,19ARMI1410,"Possible shed tag, deformed right toe, cut left instead",0,0,,
LostHorse,1,4/18/19,RALU,900111880426786,M,15.6,61,Y,0,1902400017,pos,358.175476206404,19ARMI1324,,0,0,,
LostHorse,1,4/18/19,RALU,900111880426498,M,15.4,59,Y,0,1902400018,pos,677.798928654691,19ARMI1344,,0,0,,
LostHorse,1,4/18/19,RALU,900111880426486,M,16.0,58,Y,0,1902400019,pos,5104.90342994866,19ARMI1439,,0,0,,
LostHorse,1,4/18/19,RALU,900111880425168,M,16.8,61,Y,0,1902400020,pos,326.918233694409,19ARMI1333,,0,0,,
LostHorse,1,4/18/19,RALU,900111880426039,M,15.9,61,Y,0,1902400021,neg,0,19ARMI1359,,0,0,,
LostHorse,1,4/18/19,RALU,900111880426049,M,16.3,61,Y,0,1902400022,pos,2344.32445172486,19ARMI1262,,0,0,,
LostHorse,1,4/18/19,RALU,900111880426036,M,14.0,58,Y,0,1902400023,pos,6466.66905145269,19ARMI1414,,0,0,,
LostHorse,1,4/18/19,RALU,900111880426052,F,34.2,81,Y,0,1902400024,pos,364.577977343848,19ARMI1405,Super foamy,0,0,,
LostHorse,1,4/18/19,RALU,900111880426791,M,16.1,57,Y,0,1902400025,pos,110.256955923603,19ARMI1411,,0,0,,
LostHorse,1,4/18/19,RALU,900111880426043,M,16.2,57,Y,0,1902400026,pos,4229.67073313101,19ARMI1316,,0,0,,
LostHorse,1,4/18/19,RALU,900111880426468,M,16.7,62,Y,0,1902400027,pos,916.652558459902,19ARMI1384,,0,0,,
LostHorse,1,4/18/19,RALU,900111880426784,M,18.8,62,Y,0,1902400028,pos,1553.34029207387,19ARMI1362,,0,0,,
LostHorse,1,4/18/19,RALU,900111880426799,M,16.7,59,Y,0,1902400029,pos,1160.38448620122,19ARMI1416,,0,0,,
LostHorse,1,4/18/19,RALU,900111880426792,F,27.3,75,Y,0,1902400030,pos,2664.74392013841,19ARMI1336,,0,0,,
LostHorse,1,4/18/19,RALU,900111880426023,M,12.9,56,Y,0,1902400031,pos,45589.052933026,19ARMI1303,,0,0,,
LostHorse,1,4/18/19,RALU,900111880426040,M,17.8,62,Y,0,1902400032,pos,9680.11236642787,19ARMI1302,,0,0,,
LostHorse,1,4/18/19,RALU,900111880426471,M,14.0,58,Y,0,1902400033,pos,3749.07560439584,19ARMI1423,,0,0,,
LostHorse,1,4/18/19,RALU,900111880426463,M,19.6,62,Y,0,1902400034,pos,3302.76996861898,19ARMI1381,,0,0,,
LostHorse,1,4/18/19,RALU,900111880426789,M,12.2,55,Y,0,1902400035,pos,14941.620837028,19ARMI1370,,0,0,,
LostHorse,1,4/18/19,RALU,900111880425172,M,18.9,61,Y,0,1902400036,pos,3908.20086807171,19ARMI1420,,0,0,,
LostHorse,1,4/18/19,RALU,900111880426783,M,17.9,65,Y,0,1902400037,pos,608.198768209557,19ARMI1391,Cut left rear,0,0,,
LostHorse,1,4/18/19,RALU,900111880425176,M,10.8,54,Y,0,1902400038,pos,4099.14296216476,19ARMI1339,,0,0,,
LostHorse,1,4/18/19,RALU,900111880425163,F,38.2,83,Y,0,1902400039,pos,17065.0314462134,19ARMI1317,,0,0,,
LostHorse,1,4/18/19,RALU,900111880426464,M,18.2,60,Y,0,1902400040,pos,18798.8533707449,19ARMI1372,,0,0,,
LostHorse,1,4/18/19,RALU,900111880426499,M,17.1,61,Y,0,1902400041,pos,3026.89458971944,19ARMI1375,,0,0,,
LostHorse,1,4/18/19,RALU,900111880426029,F,27.0,70,Y,0,1902400042,pos,365.573084718934,19ARMI1429,,0,0,,
LostHorse,1,4/18/19,RALU,900111880425169,M,14.4,57,Y,0,1902400043,pos,307.890249640584,19ARMI1447,,0,0,,
LostHorse,1,4/18/19,RALU,900111880426032,M,14.3,57,Y,0,1902400044,neg,0,19ARMI1448,,0,0,,
LostHorse,1,4/18/19,RALU,900111880426787,M,14.7,62,Y,0,1902400045,pos,212.955761985172,19ARMI1402,,0,0,,
LostHorse,1,4/18/19,RALU,900111880426060,M,13.8,55,Y,0,1902400046,neg,0,19ARMI1380,,0,0,,
LostHorse,1,4/18/19,RALU,900111880426484,M,19.4,62,Y,0,1902400047,pos,9620.92631997616,19ARMI1368,,0,0,,
LostHorse,1,4/18/19,RALU,900111880426473,M,14.2,56,Y,0,1902400048,pos,32870.5301157265,19ARMI1436,,0,0,,
LostHorse,1,4/18/19,RALU,900111880425178,M,15.4,59,Y,0,1902400049,pos,535.796243809623,19ARMI1432,,0,0,,
LostHorse,1,4/18/19,RALU,900111880425162,M,18.9,62,Y,0,1902400050,pos,2496.00072743308,19ARMI1388,,0,0,,
LostHorse,1,4/18/19,RALU,900111880425166,M,17.5,61,Y,0,1902400051,pos,9349.47394723901,19ARMI1371,,0,0,,
LostHorse,1,4/18/19,RALU,900111880426070,M,14.6,57,Y,0,1902400052,pos,644.467331624579,19ARMI1301,Cut left rear,0,0,,
LostHorse,1,4/18/19,RALU,900111880426045,F,29.1,70,Y,0,1902400053,neg,0,19ARMI1438,Cut left rear,0,0,,
LostHorse,1,4/18/19,RALU,900111880426470,M,12.2,56,Y,0,1902400054,pos,13976.3911950311,19ARMI1357,,0,0,,
LostHorse,1,4/18/19,RALU,900111880426031,M,12.9,54,Y,0,1902400055,neg,0,19ARMI1413,,0,0,,
LostHorse,1,4/18/19,RALU,900111880426030,M,19.1,65,Y,0,1902400056,pos,428.478984030472,19ARMI1313,,0,0,,
LostHorse,1,4/19/19,RALU,900111880426631,M,19.4,62,Y,0,1902400057,pos,117.550607861186,,,0,0,,
LostHorse,1,4/19/19,RALU,900111880426571,M,17.2,61,Y,0,1902400058,pos,98.1294375352556,,,0,0,,
LostHorse,1,4/19/19,RALU,900111880426475,M,18.1,62,Y,0,1902400059,pos,20864.6463999339,19ARMII1271,,0,0,,
LostHorse,1,4/19/19,RALU,900111880426643,M,18.2,69,Y,0,1902400060,pos,1061.28749572544,,,0,0,,
LostHorse,1,4/19/19,RALU,900111880426797,M,17.7,60,Y,0,1902400061,pos,1570.36908257824,19ARMI1424,,0,0,,
LostHorse,1,4/19/19,RALU,900111880426888,M,18.4,61,Y,0,1902400062,neg,0,,,0,0,,
LostHorse,1,4/19/19,RALU,900111880426627,M,14.8,55,Y,0,1902400063,neg,0,,"Cut left toe, right looked cut",0,0,,
LostHorse,1,4/19/19,RALU,900111880426476,M,21.9,68,Y,0,1902400064,neg,0,19ARMI1256,,0,0,,
LostHorse,1,4/19/19,RALU,900111880426564,M,13.7,60,Y,0,1902400065,pos,6595.73283944732,,,0,0,,
LostHorse,1,4/19/19,RALU,900111880426953,M,16.7,61,Y,0,1902400066,pos,45.433986278359,,,0,0,,
LostHorse,1,4/19/19,RALU,900111880426386,M,20.1,66,Y,0,1902400067,pos,2899.6977241824,,,0,0,,
LostHorse,1,4/19/19,RALU,900111880426062,F,30.5,73,Y,0,1902400068,pos,6791.85983467598,19ARMI1456,Not gravid,0,0,,
LostHorse,1,4/19/19,RALU,900111880426057,M,14.4,59,Y,0,1902400069,pos,245.216745035781,19ARMI1292,,0,0,,
LostHorse,1,4/19/19,RALU,900111880426497,M,13.3,56,Y,0,1902400070,pos,79.1728835320659,19ARMI1401,,0,0,,
LostHorse,1,4/19/19,RALU,900111880426493,M,15.9,59,Y,0,1902400071,pos,983.302506420151,19ARMI1265,,0,0,,
LostHorse,1,4/19/19,RALU,900111880426647,M,21.1,60,Y,0,1902400071,pos,983.302506420151,,,0,0,,
LostHorse,1,4/19/19,RALU,900111880426642,M,19.0,60,Y,0,1902400073,pos,12490.0458553585,,,0,0,,
LostHorse,1,4/19/19,RALU,900111880426025,M,16.1,55,Y,0,1902400074,neg,0,19ARMI1326,,0,0,,
LostHorse,1,4/22/19,RALU,900111880425162,M,19.3,60,Y,0,1902400075,pos,9706.53401503559,,Swabbed by mistake,0,0,,
LostHorse,1,4/22/19,RALU,900111880426644,M,17.9,58,Y,0,1902400076,pos,7041.64016845054,,Shedding skin,0,0,,
LostHorse,1,4/22/19,RALU,900111880426628,M,20.5,65,Y,0,1902400077,pos,3975.35132212078,,,0,0,,
LostHorse,1,4/22/19,RALU,900111880426949,M,14.8,61,Y,0,1902400078,pos,13759.0452949833,,Shedding skin,0,0,,
LostHorse,1,4/22/19,RALU,900111880426625,M,20.3,59,Y,0,1902400079,pos,1173.10542341045,,,0,0,,
LostHorse,1,4/22/19,RALU,900111880426022,M,14.8,57,Y,0,1902400080,neg,0,19ARMI1397,,0,0,,
LostHorse,1,4/22/19,RALU,900111880426047,M,15,58,Y,0,1902400081,pos,6497.58925850645,19ARMI1389,,0,0,,
LostHorse,1,4/22/19,RALU,900111880425165,M,13.4,57,Y,0,1902400083,pos,1365.62953025213,19ARMI1444,,0,0,,
LostHorse,1,4/22/19,RALU,900111880426494,M,17.4,55,Y,0,1902400084,pos,2939.48764151881,19ARMI1394,,0,0,,
LostHorse,1,4/22/19,RALU,900111880426796,M,12.5,54,Y,0,1902400085,pos,6704.49003030076,19ARMI1284,,0,0,,
LostHorse,1,4/22/19,RALU,900111880426466,M,12,52,Y,0,1902400086,neg,0,19ARMI1428,,0,0,,
LostHorse,1,4/22/19,RALU,900111880426824,M,15.9,64,Y,0,1902400087,pos,2066.6540874068,,,0,0,,
LostHorse,1,4/22/19,RALU,900111880426026,M,14.2,55,Y,0,1902400088,neg,0,19ARMI1453,,0,0,,
LostHorse,1,4/22/19,RALU,900111880426488,M,17.8,65,Y,0,1902400089,pos,6595.73283944732,19ARMI1395,,0,0,,
LostHorse,1,4/22/19,RALU,900111880426478,M,12.7,54,Y,0,1902400090,pos,5221.00048940001,19ARMI1386,,0,0,,
LostHorse,1,4/22/19,RALU,900111880426790,M,13.3,59,Y,0,1902400091,pos,1226.23442173897,19ARMI1361,,0,0,,
LostHorse,1,4/22/19,RALU,900111880426054,M,12.3,54,Y,0,1902400092,pos,763.644711733745,19ARMI1253,,0,0,,
LostHorse,1,4/22/19,RALU,900111880426462,,15.5,57,Y,0,1902400093,pos,311.053518995234,19ARMI1260,Sex not recorded,0,0,,
LostHorse,1,4/22/19,RALU,900111880426467,M,16.2,63,Y,0,1902400094,pos,126.700663531934,19ARMI1310,"Possible shed tag, cut left toe",0,0,,
LostHorse,1,4/22/19,RALU,900111880426480,F,21.1,70,Y,0,1902400095,pos,36682.0789354324,19ARMI1307,,0,0,,
LostHorse,1,4/22/19,RALU,900111880426422,M,17.1,61,Y,0,1902400096,pos,7699.14847936287,,,0,0,,
LostHorse,1,4/22/19,RALU,900111880426042,M,11.5,50,Y,0,1902400098,neg,0,19ARMI1419,,0,0,,
LostHorse,1,4/22/19,RALU,900111880426021,M,16.3,57,Y,0,1902400099,pos,5878.25279365375,19ARMI1278,,0,0,,
LostHorse,1,4/22/19,RALU,900111880426563,M,17.2,61,Y,0,1902400100,pos,37210.7820473383,,,0,0,,
LostHorse,1,4/23/19,RALU,900111880426567,M,18.1,57,Y,0,1902400101,pos,16640.1450514978,,,0,0,,
LostHorse,1,4/23/19,RALU,900111880426427,M,16.8,61,Y,0,1902400102,pos,604.068348868083,,,0,0,,
LostHorse,1,4/23/19,RALU,900111880426839,M,22.6,65,Y,0,1902400103,pos,1290.53390555944,,,0,0,,
LostHorse,1,4/23/19,RALU,900111880426422,M,17.4,60,Y,0,1902400104,pos,6224.54605771705,,,0,0,,
LostHorse,1,4/23/19,RALU,900111880426883,M,17.6,57,Y,0,1902400105,pos,34949.567627367,,,0,0,,
LostHorse,1,4/23/19,RALU,900111880426336,M,12.4,52,Y,0,1902400106,neg,0,19ARMI1337,,0,0,,
LostHorse,1,4/23/19,RALU,900111880426535,M,14.8,57,Y,0,1902400107,pos,26.340523724248,19ARMI1330,,0,0,,
LostHorse,1,4/23/19,RALU,900111880426534,M,15.0,55,Y,0,1902400108,pos,5995.57278734797,19ARMI1318,,0,0,,
LostHorse,1,4/23/19,RALU,900111880426055,M,20.4,64,Y,0,1902400109,pos,8163.83111899707,19ARMI1281,,0,0,,
LostHorse,1,4/23/19,RALU,900111880426316,M,15.7,55,Y,0,1902400110,neg,0,19ARMI1264,,0,0,,
LostHorse,1,4/23/19,RALU,900111880426335,M,14.3,57,Y,0,1902400111,pos,1628.12164566751,19ARMI1348,,0,0,,
LostHorse,1,4/23/19,RALU,900111880426058,M,17.9,59,Y,0,1902400113,neg,0,19ARMI1327,,0,0,,
LostHorse,1,4/23/19,RALU,900111880426322,M,12.9,55,Y,0,1902400114,pos,33549.424483289,19ARMI1409,,0,0,,
LostHorse,1,4/23/19,RALU,900111880426306,,13.7,55,Y,0,1902400115,pos,8686.10463736942,19ARMI1274,Sex not recorded,0,0,,
LostHorse,1,4/23/19,RALU,900111880426528,M,14.0,54,Y,0,1902400116,pos,1263.55778281955,19ARMI1454,,0,0,,
LostHorse,1,4/23/19,RALU,900111880426508,M,17.3,56,Y,0,1902400117,pos,12507.0798891548,19ARMI1244,,0,0,,
LostHorse,1,4/23/19,RALU,900111880426502,M,18.7,60,Y,0,1902400118,pos,19919.8806421642,19ARMI1366,Shedding skin,0,0,,
LostHorse,1,4/23/19,RALU,900111880426522,M,11.5,52,Y,0,1902400119,pos,764.68617707172,19ARMI1335,,0,0,,
LostHorse,1,4/23/19,RALU,900111880426321,,14.8,57,Y,0,1902400120,neg,0,19ARMI1440,Sex not recorded,0,0,,
LostHorse,1,4/23/19,RALU,900111880426048,M,14.7,55,Y,0,1902400121,pos,588.225983420049,19ARMI1450,,0,0,,
LostHorse,1,5/4/20,RALU,900111880425727,M,13.9,54,Y,0,2001800029,pos,40852.0013279563,20ARMI0620,LR2 toe clipped today,0,0,,
LostHorse,1,5/4/20,RALU,900111880426888,M,18.6,61,Y,0,2001800030,pos,31126.5555480662,,LR2 toe clipped already; healed.,0,0,,
LostHorse,1,5/1/20,RALU,900111880425290,F,38,78,Y,0,2001800031,neg,0,20ARMI0615,LR foot/bones deformed/damaged. RR2 toe clipped today,0,0,,
LostHorse,1,5/4/20,RALU,900111880425794,M,11.7,53,Y,0,2001800032,pos,9141.57386469828,20ARMI0474,LR2 toe clipped today,0,0,,
LostHorse,1,5/4/20,RALU,900111880425820,M,16.4,53,Y,0,2001800033,neg,0,20ARMI0574,LR2 toe clipped today,0,0,,
LostHorse,1,5/1/20,RALU,900111880425814,M,15.1,55,Y,0,2001800034,pos,11875.8324688536,20ARMI0549,LR2 and RR2 toes clipped already/missing. Healed. No obvious tag scar. LR3 toe clipped today,0,0,,
LostHorse,1,5/1/20,RALU,900111880425826,M,11.6,52,Y,0,2001800035,pos,8841.37153450531,20ARMI0586,LR2 toe clipped today,0,0,,
LostHorse,1,5/1/20,RALU,900111880426627,M,16.3,57,Y,0,2001800036,pos,2095.01290378103,,LR2 toe clipped already/missing. Healed.,0,0,,
LostHorse,1,5/1/20,RALU,900111880425842,,,,Y,0,2001800037,pos,5242.39097384114,20ARMI0579,LR2 toe clipped already/missing. Healed. RR2 toe clipped today,0,0,,
LostHorse,1,5/4/20,RALU,900111880425689,M,15,56,Y,0,2001800038,pos,9017.8303716952,20ARMI0513,LR2 toe clipped today,0,0,,
LostHorse,1,5/4/20,RALU,900111880425781,F,27,65,Y,0,2001800039,neg,0,20ARMI0614,LR2 and RR2 clipped already/missing. Healed. LR1 toe clipped today,0,0,,
LostHorse,1,5/1/20,RALU,900111880425806,F,29.6,70,Y,0,2001800040,pos,1053.36199800028,20ARMI0489,LR2 toe clipped today,0,0,,
LostHorse,1,5/1/20,RALU,900111880425834,F,29,70,Y,0,2001800041,pos,3902.87808879312,20ARMI0618,LR2 toe clipped today,0,0,,
LostHorse,1,5/4/20,RALU,900111880425288,M,13.6,51,Y,0,2001800042,pos,530.708968683925,20ARMI0570,LR2 toe clipped today,0,0,,
LostHorse,1,5/4/20,RALU,900111880425801,F,29.9,69,Y,0,2001800043,pos,54.8355006861122,20ARMI0563,LR2 toe clipped already/short. Healed. LR2 toe clipped shorter today,0,0,,
LostHorse,1,5/4/20,RALU,900111880425890,F,31.7,70,Y,0,2001800044,pos,65020.1848340183,20ARMI0488,LR2 toe clipped today,0,0,,
LostHorse,1,5/1/20,RALU,900111880425298,M,12.5,53,Y,0,2001800045,pos,1574.65536960815,20ARMI0539,LR2 toe clipped today,0,0,,
LostHorse,1,5/1/20,RALU,900111880425830,F,26.5,68,Y,0,2001800046,pos,25895.5874193405,20ARMI0494,LR2 toe clipped today,0,0,,
LostHorse,1,5/1/20,RALU,900111880425807,F,26.5,67,Y,0,2001800047,pos,5850.279835336,20ARMI0525,LR2 toe clipped today,0,0,,
LostHorse,1,5/4/20,RALU,900111880425876,M,18.5,60,Y,0,2001800048,pos,10376.8811898982,20ARMI0604,LR2 toe clipped today,0,0,,
LostHorse,1,5/4/20,RALU,900111880426812,M,,,Y,0,2001800106,pos,289574.847707832,,LR2 toe clipped already/missing. Healed. Captured previous year.,0,0,,
LostHorse,1,5/4/20,RALU,900111880425693,M,13.9,53,Y,0,2001800107,pos,40907.7156447271,20ARMI0611,LR2 toe clipped today,0,0,,
LostHorse,1,5/4/20,RALU,900111880425734,F,29,73,Y,0,2001800112,pos,6245.79049636431,20ARMI0583,LR2 toe clipped today,0,0,,
LostHorse,1,5/4/20,RALU,900111880425793,M,15.3,51,Y,0,2001800114,pos,55929.9246281481,20ARMI0547,LR2 toe clipped today,0,0,,
LostHorse,1,5/4/20,RALU,900111880425893,F,18.8,64,Y,0,2001800115,pos,15522.8214474467,20ARMI0496,LR2 toe clipped today,0,0,,
LostHorse,1,5/4/20,RALU,900111880425672,F,33.5,71,Y,0,2001800128,pos,1485.02649279798,20ARMI0536,LR2 toe clipped today,0,0,,
LostHorse,1,4/29/20,RALU,900111880425824,F,27.4,70,Y,0,2001800226,pos,27533.4647958607,20ARMI0595,LR2 toe clipped today,0,0,,
LostHorse,1,4/29/20,RALU,900111880425848,M,16.6,57,Y,0,2001800227,neg,0,20ARMI0543,LR2 toe clipped today,0,0,,
LostHorse,1,4/29/20,RALU,900111880425283,M,17.5,60,Y,0,2001800229,pos,68850.5835641443,20ARMI0493,LR2 toe clipped today. RR2 toe clipped already/missing.,0,0,,
LostHorse,1,4/29/20,RALU,900111880425812,M,13.8,57,Y,0,2001800230,pos,1126.87632670908,20ARMI0425,LR2 toe clipped today. Sloughing skin on feet,0,0,,
LostHorse,1,4/29/20,RALU,900111880425744,F,20.8,65,Y,0,2001800281,pos,11747.0531484883,20ARMI0576,LR2 toe clipped today,0,0,,
LostHorse,1,4/29/20,RALU,900111880425292,F,24.4,70,Y,0,2001800285,pos,2317.32337848006,20ARMI0564,LR2 toe clipped today,0,0,,
LostHorse,1,5/1/20,RALU,900111880425864,F,27.4,71,Y,0,2001800288,pos,3972.64328228842,20ARMI0535,LR2 toe clipped today,0,0,,
LostHorse,1,5/1/20,RALU,900111880426316,M,17.8,56,Y,0,2001800289,pos,854.52025947756,,RR2 toe clipped already/missing. Healed.,0,0,,
LostHorse,1,4/29/20,RALU,900111880425844,F,23.2,69,Y,0,2001800290,pos,295.95868846447,20ARMI0598,LR2 toe clipped today,0,0,,
LostHorse,1,4/29/20,RALU,900111880425745,F,25.7,72,Y,0,2001800291,pos,2008.34388556182,20ARMI0616,"LR2 toe clipped today. Injury on RF2 toe tip, causing bulge/rounded toe pad",0,0,,
LostHorse,1,4/29/20,RALU,900111880425804,F,36.9,77,Y,0,2001800292,neg,0,20ARMI0571,LR2 toe clipped today,0,0,,
LostHorse,1,4/29/20,RALU,900111880425828,F,20.4,63,Y,0,2001800293,pos,45744.6488317538,20ARMI0584,LR2 toe clipped today,0,0,,
LostHorse,1,4/29/20,RALU,900111880425865,M,13.4,56,Y,0,2001800294,pos,4355.44183876679,20ARMI0500,LR2 toe clipped today,0,0,,
LostHorse,1,5/1/20,RALU,900111880425455,F,25.9,68,Y,0,2001800295,pos,42152.839264585,20ARMI0439,RR1 toe deformed. LR2 toe clipped today,0,0,,
LostHorse,1,4/29/20,RALU,900111880425831,F,33.7,80,Y,0,2001800296,pos,2506.22686413497,20ARMI0517,LR2 toe clipped already/missing. Healed. RR2 toe clipped today,0,0,,
LostHorse,1,5/1/20,RALU,900111880425859,M,16.1,56,Y,0,2001800297,pos,2085.04332426653,20ARMI0612,LR2 toe clipped already/missing. Healed. RR2 toe clipped today,0,0,,
LostHorse,1,5/1/20,RALU,900111880425846,F,20.6,62,Y,0,2001800298,pos,49204.6867610774,20ARMI0542,LR2 toe clipped today,0,0,,
LostHorse,1,5/1/20,RALU,900111880425877,M,6.6,44,Y,0,2001800299,neg,0,20ARMI0557,RR2 toe short. Healed. LR2 toe clipped today,0,0,,
LostHorse,1,4/29/20,RALU,900111880425879,F,27.4,69,Y,0,2001800300,pos,69652.819310362,20ARMI0573,LR2 toe clipped today,0,0,,
LostHorse,1,4/29/20,RALU,900111880425843,F,24.2,70,Y,0,2001800301,pos,187.476819951312,20ARMI0581,LR2 toe clipped today. Sloughing skin on groin.,0,0,,
LostHorse,1,4/29/20,RALU,900111880425286,F,25.4,69,Y,0,2001800316,pos,1073.6534441606,20ARMI0606,LR2 toe clipped today,0,0,,
LostHorse,1,4/29/20,RALU,900111880425823,M,10.8,48,Y,0,2001800317,pos,1691.45247868884,20ARMI0601,LR2 toe clipped today,0,0,,
LostHorse,1,4/29/20,RALU,900111880425460,F,33.5,77,Y,0,2001800318,pos,50633.2943005451,20ARMI0591,LR2 toe clipped today,0,0,,
LostHorse,1,4/29/20,RALU,900111880426324,F,18,59,Y,0,2001800319,pos,97529.4555073215,20ARMI0495,LR2 toe clipped today,0,0,,
LostHorse,1,4/29/20,RALU,900111880425818,F,29.2,73,Y,0,2001800320,pos,2293.75727946392,20ARMI0509,LR2 toe clipped today,0,0,,
LostHorse,1,4/29/20,RALU,900111880425875,M,11.7,54,Y,0,2001800321,pos,339.40336893791,20ARMI0569,LR2 toe clipped today,0,0,,
LostHorse,1,4/29/20,RALU,900111880425291,F,26.5,71,Y,0,2001800322,pos,1009.09737614111,20ARMI0568,LR2 toe clipped today,0,0,,
LostHorse,1,4/29/20,RALU,900111880425802,M,16.8,58,Y,0,2001800323,neg,0,20ARMI0477,LR2 toe clipped today,0,0,,
LostHorse,1,4/29/20,RALU,900111880425821,M,17.5,57,Y,0,2001800324,pos,879.330377490206,20ARMI0613,LR2 toe clipped today,0,0,,
LostHorse,1,4/29/20,RALU,900111880425743,F,36,75,Y,0,2001800325,pos,1112.38030255426,20ARMI0504,LR2 toe clipped today,0,0,,
LostHorse,1,5/6/21,RALU,900111880425851,F,25.7,71,Y,0,2002900052,pos,15650.2762745773,,Has LR2,0,0,,
LostHorse,1,5/6/21,RALU,900111880425547,F,19.6,65,Y,0,2002900057,pos,795.514465808901,,Has RR2,0,0,,
LostHorse,1,5/6/21,RALU,900111880425841,M,13.3,51,Y,0,2002900059,pos,189145.002192744,,Has LR2,0,0,,
LostHorse,1,4/30/21,RALU,900111880425775,M,13.9,55,Y,0,2100400133,pos,1824.35670183538,21ARMI1036,Gave RR2,0,0,,
LostHorse,1,4/30/21,RALU,900111880425779,M,10.7,50,Y,0,2100400134,pos,1974.41953702645,21ARMI1008,Gave RR2,0,0,,
LostHorse,1,5/5/21,RALU,900111880425655,M,15.7,57,Y,0,2100400135,pos,91478.0541996187,,"Has RR2; caught 4/30/21, swabbed today",0,0,,
LostHorse,1,5/5/21,RALU,900111880425301,M,17.6,56,Y,0,2100400136,pos,206.66540874068,,Has LR2,0,0,,
LostHorse,1,5/5/21,RALU,900111880426578,M,18.4,61,Y,0,2100400137,pos,29940.7150728681,,Has RR2,0,0,,
LostHorse,1,4/30/21,RALU,900111880425591,F,23.7,67,Y,0,2100400138,pos,8727.63701698266,21ARMI1016,Gave RR2,0,0,,
LostHorse,1,5/5/21,RALU,900111880425647,M,10.7,52,Y,0,2100400139,pos,5321.57526856882,,"Has RR2; caught 4/30/21, swabbed today",0,0,,
LostHorse,1,5/5/21,RALU,900111880425607,M,15,56,Y,0,2100400140,pos,3932.24335113699,21ARMI1034,Gave RR2,0,0,,
LostHorse,1,4/30/21,RALU,900111880425320,F,35.2,73,Y,0,2100400141,pos,3431.24143384828,21ARMI1032,Gave RR2,0,0,,
LostHorse,1,5/5/21,RALU,900111880425545,M,14.7,56,Y,0,2100400142,pos,11819.3187090169,21ARMI1026,Gave RR2,0,0,,
LostHorse,1,4/30/21,RALU,900111880425622,M,15.8,57,Y,0,2100400143,pos,226.425061565326,21ARMI1015,Gave RR2,0,0,,
LostHorse,1,5/5/21,RALU,900111880425543,M,15.3,55,Y,0,2100400144,pos,14739.3659101558,21ARMI1022,Gave RR2,0,0,,
LostHorse,1,5/5/21,RALU,900111880425641,F,24.9,69,Y,0,2100400145,pos,3041.36760615175,21ARMI1029,Gave RR2,0,0,,
LostHorse,1,5/5/21,RALU,900111880425642,F,30.5,72,Y,0,2100400146,pos,2757.1015176003,21ARMI1025,Gave RR2,0,0,,
LostHorse,1,5/5/21,RALU,900111880425651,F,14,54,Y,0,2100400147,pos,4424.24293697219,21ARMI1005,Gave RR2,0,0,,
LostHorse,1,5/5/21,RALU,900111880425653,M,17.4,58,Y,0,2100400148,pos,5018.67291711567,21ARMI1010,Gave RR2,0,0,,
LostHorse,1,5/5/21,RALU,900111880425656,F,31.5,75,Y,0,2100400149,pos,26090.4258695347,21ARMI1003,Gave RR2,0,0,,
LostHorse,1,5/5/21,RALU,900111880425657,F,15.9,55,Y,0,2100400150,pos,419808.433839005,21ARMI1006,Gave RR2,0,0,,
LostHorse,1,5/5/21,RALU,900111880425645,M,11.5,53,Y,0,2100400151,pos,466894.399357812,21ARMI1011,Gave RR2,0,0,,
LostHorse,1,5/5/21,RALU,900111880425654,F,30.1,73,Y,0,2100400152,pos,6946.32210136366,21ARMI1023,Gave RR2,0,0,,
LostHorse,1,5/5/21,RALU,900111880425659,F,13.1,50,Y,0,2100400153,pos,180826.661530517,21ARMI1020,Gave RR2,0,0,,
LostHorse,1,5/5/21,RALU,900111880425644,M,17,59,Y,0,2100400154,pos,448495.280313174,21ARMI1017,Gave RR2,0,0,,
LostHorse,1,5/5/21,RALU,900111880425649,M,14.3,54,Y,0,2100400155,pos,116275.910914376,21ARMI1007,Gave RR2,0,0,,
LostHorse,1,5/5/21,RALU,900111880425546,F,14.7,54,Y,0,2100400156,pos,6169.64808487039,21ARMI1004,Gave RR2,0,0,,
LostHorse,1,4/29/21,RALU,900111880425765,M,15.1,56,Y,0,2100400157,pos,3613.62547380743,21ARMI0970,Gave RR2,0,0,,
LostHorse,1,4/29/21,RALU,900111880425318,F,31.5,69,Y,0,2100400158,pos,928.597949436801,21ARMI0999,Gave RR2,0,0,,
LostHorse,1,4/29/21,RALU,900111880425634,F,33.3,73,Y,0,2100400159,pos,5654.30671406275,21ARMI0994,Gave RR2,0,0,,
LostHorse,1,4/29/21,RALU,900111880425773,F,38,77,Y,0,2100400160,pos,4817.61576664704,21ARMI0976,Gave RR2,0,0,,
LostHorse,1,4/29/21,RALU,900111880425316,M,13.4,50,Y,0,2100400161,pos,2563.22413611804,21ARMI0982,Gave RR2,0,0,,
LostHorse,1,4/29/21,RALU,900111880425589,M,13.9,54,Y,0,2100400162,pos,848.138861034748,21ARMI0964,Gave RR2,0,0,,
LostHorse,1,4/29/21,RALU,900111880425583,M,11.8,52,Y,0,2100400163,pos,16247.9664482887,21ARMI0983,Gave RR2,0,0,,
LostHorse,1,4/29/21,RALU,900111880425635,F,29.3,67,Y,0,2100400164,pos,474.916548671062,21ARMI0990,Gave RR2,0,0,,
LostHorse,1,4/28/21,RALU,900111880425588,F,33.9,72,Y,0,2100400165,pos,3170.45500617556,21ARMI0992,Gave RR2,0,0,,
LostHorse,1,4/29/21,RALU,900111880425762,F,23.9,69,Y,0,2100400166,pos,811.391590422035,21ARMI0979,Gave RR2,0,0,,
LostHorse,1,4/29/21,RALU,900111880425581,F,27.3,72,Y,0,2100400167,pos,166.288096569718,21ARMI0966,Gave RR2,0,0,,
LostHorse,1,4/29/21,RALU,900111880425312,M,14.3,55,Y,0,2100400168,pos,235.553377709342,21ARMI0968,Gave RR2,0,0,,
LostHorse,1,4/28/21,RALU,900111880425590,M,13.6,51,Y,0,2100400169,pos,15074.5724549667,21ARMI0995,Gave RR2,0,0,,
LostHorse,1,4/28/21,RALU,900111880425623,F,23.2,65,Y,0,2100400170,neg,0,21ARMI0993,Gave RR2,0,0,,
LostHorse,1,4/28/21,RALU,900111880425586,M,17.3,57,Y,0,2100400171,pos,614.028845799289,21ARMI0985,Gave RR2,0,0,,
LostHorse,1,4/28/21,RALU,900111880425780,M,10.7,50,Y,0,2100400172,pos,3892.25426846126,21ARMI0991,Gave RR2,0,0,,
LostHorse,1,4/28/21,RALU,900111880425624,M,18.2,58,Y,0,2100400173,pos,8853.42947434546,,"Has LR2, no toe clipped",0,0,,
LostHorse,1,4/28/21,RALU,900111880425639,M,14.1,50,Y,0,2100400174,pos,3813.49197847635,21ARMI0989,Gave RR2,0,0,,
LostHorse,1,4/28/21,RALU,900111880425307,M,15.2,55,Y,0,2100400175,pos,4076.85720958488,21ARMI0971,Gave RR2,0,0,,
LostHorse,1,4/28/21,RALU,900111880425770,F,24.9,65,Y,0,2100400176,pos,1100.31785727084,21ARMI0977,"Gave RR2 (lost), Gave LR2",0,0,,
LostHorse,1,4/28/21,RALU,900111880425627,F,28.9,68,Y,0,2100400177,pos,3705.8951201757,21ARMI0987,Gave RR2,0,0,,
LostHorse,1,4/28/21,RALU,900111880425315,M,15.3,55,Y,0,2100400178,neg,0,21ARMI0965,Gave RR2,0,0,,
LostHorse,1,4/28/21,RALU,900111880425584,F,21,67,Y,0,2100400179,neg,0,21ARMI0981,"Has RR2 (but looks natural), Gave LR2",0,0,,
LostHorse,1,4/28/21,RALU,900111880425638,M,11.8,49,Y,0,2100400180,pos,12279.0677097003,21ARMI0962,Gave RR2,0,0,,
LostHorse,1,4/28/21,RALU,900111880425621,M,16,55,Y,0,2100400181,pos,395.913072906922,21ARMI0998,Gave RR2,0,0,,
LostHorse,1,4/28/21,RALU,900111880425309,,16.3,56,Y,0,2100400182,pos,1329.81437435889,21ARMI0967,Gave RR2,0,0,,
LostHorse,1,4/28/21,RALU,900111880425319,F,28.2,66,Y,0,2100400183,pos,13.957356030782,21ARMI0961,Gave RR2,0,0,,
LostHorse,1,4/28/21,RALU,900111880425767,F,30.3,70,Y,0,2100400184,pos,21587.7960425043,21ARMI0963,Gave RR2,0,0,,
LostHorse,1,4/28/21,RALU,900111880425820,M,17.3,53,Y,0,2100400185,neg,0,,Has LR2,0,0,,
LostHorse,1,4/28/21,RALU,900111880425866,F,21.3,63,Y,0,2100400186,pos,189.273937051385,,Has LR2,0,0,,
LostHorse,1,5/6/21,RALU,900111880425616,M,9.7,45,Y,0,2100400199,pos,309.995501214432,21ARMI1054,Gave RR2,0,0,,
LostHorse,1,5/6/21,RALU,900111880425617,F,23.2,65,Y,0,2100400200,pos,12179.0677847911,21ARMI1046,Gave RR2,0,0,,
LostHorse,1,5/6/21,RALU,900111880425608,F,26.9,70,Y,0,2100400202,pos,11253.4157602359,21ARMI1072,Gave RR2,0,0,,
LostHorse,1,5/6/21,RALU,900111880425606,F,31,71,Y,0,2100400203,pos,306.842991407636,21ARMI1073,Gave RR2,0,0,,
LostHorse,1,5/6/21,RALU,900111880425613,F,23.4,69,Y,0,2100400204,pos,9947.59786506392,21ARMI1080,Gave RR2,0,0,,
LostHorse,1,5/6/21,RALU,900111880425172,M,14.9,59,Y,0,2100400205,pos,42702.155514406,21ARMI1070,Gave RR2,0,0,,
LostHorse,1,5/6/21,RALU,900111880425610,M,14.1,51,Y,0,2100400206,pos,3157.5186248909,21ARMI1045,Gave RR2,0,0,,
LostHorse,1,5/6/21,RALU,900111880425620,F,28.1,67,Y,0,2100400207,pos,247398.701287635,21ARMI1049,Gave RR2,0,0,,
LostHorse,1,5/6/21,RALU,900111880425605,F,34.2,73,Y,0,2100400208,pos,61027.4556756508,21ARMI1077,Gave RR2,0,0,,
LostHorse,1,5/6/21,RALU,900111880425602,M,9.6,49,Y,0,2100400209,pos,41271.7154437092,21ARMI1069,Gave RR2,0,0,,
LostHorse,1,5/6/21,RALU,900111880425604,M,14.1,42,Y,0,2100400210,pos,5700.73311194566,21ARMI1058,Gave RR2,0,0,,
LostHorse,1,4/27/21,RALU,900111880425803,F,30,73,Y,0,2100400211,pos,359.642924249462,,Has LR2,0,0,,
LostHorse,1,4/28/21,RALU,900111880425574,M,14.4,51,Y,0,2100400213,neg,0,,Has RR2,0,0,,
LostHorse,1,4/28/21,RALU,900111880425568,M,14.4,54,Y,0,2100400214,pos,309.995501214432,,Has RR2,0,0,,
LostHorse,1,4/28/21,RALU,900111880425281,F,28.4,69,Y,0,2100400215,neg,0,,Has LR2,0,0,,
LostHorse,1,4/28/21,RALU,900111880425311,M,13.7,55,Y,0,2100400216,pos,1732.27921676698,,Has RR2,0,0,,
LostHorse,1,4/27/21,RALU,900111880425452,F,28.4,70,Y,0,2100400217,pos,4853.86351706121,,Has LR2,0,0,,
LostHorse,1,4/28/21,RALU,900111880426808,M,18,58,Y,0,2100400218,pos,5011.837728979,,Has LR2,0,0,,
LostHorse,1,4/28/21,RALU,900111880425450,M,16.2,56,Y,0,2100400219,pos,8703.87997269873,,Has LR2,0,0,,
LostHorse,1,4/28/21,RALU,900111880425284,F,29.3,71,Y,0,2100400220,pos,398.077294102894,,Has LR2,0,0,,
LostHorse,1,4/28/21,RALU,900111880425595,F,27.2,71,Y,0,2100400221,neg,0,21ARMI0986,Gave RR2,0,0,,
LostHorse,1,4/28/21,RALU,900111880425308,F,25.7,65,Y,0,2100400222,pos,23700.2455759759,21ARMI0984,Gave RR2,0,0,,
LostHorse,1,5/5/21,RALU,900111880425612,F,12.3,54,Y,0,2100400225,pos,199.470475496365,21ARMI1018,Gave RR2,0,0,,
LostHorse,1,5/5/21,RALU,900111880425860,F,23.5,65,Y,0,2100400227,pos,199.606448941409,,Has LR2,0,0,,
LostHorse,1,5/5/21,RALU,900111880425459,M,16,57,Y,0,2100400229,pos,125583.215043043,,Has LR2,0,0,,
LostHorse,1,5/5/21,RALU,900111880425638,M,11.1,52,Y,0,2100400230,pos,38579.2616370294,,Has RR2,0,0,,
LostHorse,1,5/5/21,RALU,900111880425614,M,14.3,54,Y,0,2100400231,pos,125156.056157605,21ARMI1033,Gave RR2,0,0,,
LostHorse,1,5/5/21,RALU,900111880425872,M,15.9,60,Y,0,2100400232,pos,13619.1222152784,,Has LR2,0,0,,
LostHorse,1,5/5/21,RALU,900111880425172,M,14.9,54,Y,0,2100400233,pos,20694.7260832961,,Has LR2,0,0,,
LostHorse,1,4/27/21,RALU,900111880425311,M,13.4,54,Y,0,2100400235,pos,259.309040479891,21ARMI0978,Gave RR2,0,0,,
LostHorse,1,4/27/21,RALU,900111880425628,M,16.8,59,Y,0,2100400236,neg,0,21ARMI0988,"Gave RR2, shedding skin",0,0,,
LostHorse,1,4/27/21,RALU,900111880425637,M,16.1,57,Y,0,2100400237,pos,31.7477890044708,21ARMI0996,Gave RR2,0,0,,
LostHorse,1,4/27/21,RALU,900111880425313,M,16.5,58,Y,0,2100400238,pos,2417.32624330473,21ARMI0969,Gave RR2,0,0,,
LostHorse,1,4/27/21,RALU,900111880425777,M,15.9,55,Y,0,2100400239,pos,550.601622096323,21ARMI0997,Gave RR2,0,0,,
LostHorse,1,4/27/21,RALU,900111880425310,M,14.1,54,Y,0,2100400240,pos,13243.8834378882,21ARMI0974,Gave RR2,0,0,,
LostHorse,1,4/27/21,RALU,900111880425772,M,16.4,58,Y,0,2100400241,pos,1642.60878928825,21ARMI0973,Gave RR2,0,0,,
LostHorse,1,4/27/21,RALU,900111880425769,M,15.4,54,Y,0,2100400242,pos,15187.9935674869,21ARMI0980,Gave RR2,0,0,,
LostHorse,1,4/27/21,RALU,900111880425766,M,14.8,55,Y,0,2100400243,pos,5245.96456516693,21ARMI0972,Gave RR2,0,0,,
LostHorse,1,4/27/21,RALU,900111880425778,M,21.7,65,Y,0,2100400244,neg,0,,"Has LR2, RR2 missing",0,0,,
LostHorse,1,4/27/21,RALU,900111880425599,M,13.3,54,Y,0,2100400245,pos,1676.53455352844,21ARMI0975,Gave RR2,0,0,,
LostHorse,1,4/27/21,RALU,900111880425774,M,13.8,53,Y,0,2100400246,neg,0,21ARMI1000,Gave RR2,0,0,,
LostHorse,1,5/6/21,RALU,900111880425560,M,17,52,Y,0,2100400247,pos,6453.46261809036,21ARMI1074,Gave RR2,0,0,,
LostHorse,1,5/6/21,RALU,900111880425615,M,16,52,Y,0,2100400248,neg,0,21ARMI1042,Gave RR2,0,0,,
LostHorse,1,5/6/21,RALU,900111880425619,M,13.9,54,Y,0,2100400249,pos,19.4902080193715,21ARMI1059,Gave RR2,0,0,,
LostHorse,1,5/6/21,RALU,900111880425575,M,11.6,51,Y,0,2100400250,pos,14235.9212744012,,Has RR2,0,0,,
LostHorse,1,5/6/21,RALU,900111880425801,F,30.4,70,Y,0,2100400251,pos,3826.50746516684,,Has LR2,0,0,,
LostHorse,1,4/29/21,RALU,900111880425759,F,33.7,71,Y,0,2100400252,pos,21928.8094529782,,Has LR2,0,0,,
LostHorse,1,5/6/21,RALU,900111880425819,F,32.6,71,Y,0,2100400253,pos,27253.4622879405,,Has LR2,0,0,,
LostHorse,1,5/6/21,RALU,900111880425545,M,14.4,57,Y,0,2100400254,pos,1793.54021017236,,Has RR2,0,0,,
LostHorse,1,5/6/21,RALU,900111880425603,M,14.4,58,Y,0,2100400255,pos,22504.065571296,21ARMI1063,Gave RR2,0,0,,
LostHorse,1,5/6/21,RALU,900111880425553,M,16.4,55,Y,0,2100400256,pos,128176.958954472,21ARMI1044,Gave RR2,0,0,,
LostHorse,1,4/29/21,RALU,900111880425598,F,26.5,66,Y,0,2100400257,pos,1485.02649279798,21ARMI1028,Gave RR2,0,0,,
LostHorse,1,5/6/21,RALU,900111880425601,F,33.3,72,Y,0,2100400258,pos,65375.6114966205,21ARMI1056,Gave RR2,0,0,,
LostHorse,1,5/6/21,RALU,900111880425455,F,26.7,69,Y,0,2100400259,pos,331.856207587978,,Has LR2,0,0,,
LostHorse,1,4/29/21,RALU,900111880425763,F,31.4,76,Y,0,2100400260,pos,7172.39762982319,21ARMI1031,"Gave RR2, Looks like LR2 may have been clipped prior",0,0,,
LostHorse,1,5/6/21,RALU,900111880425643,M,14.8,51,Y,0,2100400261,pos,3480.69631962423,,Has RR2,0,0,,
LostHorse,1,5/6/21,RALU,900111880425624,M,18,58,Y,0,2100400262,pos,261973.185713757,,Has LR2,0,0,,
LostHorse,1,5/6/21,RALU,900111880425450,M,16.8,51,Y,0,2100400263,pos,21208.6840354542,21ARMI1066,Gave RR2,0,0,,
LostHorse,1,5/6/21,RALU,900111880425618,M,13.9,52,Y,0,2100400264,pos,6709.06029366639,21ARMI1048,Gave RR2,0,0,,
LostHorse,1,4/21/21,RALU,900111880425539,M,12.9,55,Y,0,2100400265,pos,4549.59495462868,20ARMI0490,Give RR2,0,0,,
LostHorse,1,4/21/21,RALU,900111880425525,M,14.9,54,Y,0,2100400266,pos,875.145890558372,20ARMI0412,Give RR2,0,0,,
LostHorse,1,4/21/21,RALU,900111880425564,F,28.1,74,Y,0,2100400267,pos,357687.658648605,20ARMI1786,Give RR2,0,0,,
LostHorse,1,4/21/21,RALU,900111880425522,M,14.5,53,Y,0,2100400268,neg,0,20ARMI0470,Give RR2,0,0,,
LostHorse,1,4/21/21,RALU,900111880425574,M,14,56,Y,0,2100400269,neg,0,20ARMI0448,Give RR2,0,0,,
LostHorse,1,4/21/21,RALU,900111880426054,M,14.6,56,Y,0,2100400270,pos,5052.98894066538,,Has RR2,0,0,,
LostHorse,1,4/21/21,RALU,900111880426519,M,18.2,60,Y,0,2100400271,pos,685.696530986677,,Has LR2,0,0,,
LostHorse,1,4/21/21,RALU,900111880425172,M,15.4,56,Y,0,2100400272,pos,2219.94427873227,,Has LR2,0,0,,
LostHorse,1,4/21/21,RALU,900111880425532,M,14.6,54,Y,0,2100400273,pos,331.856207587978,20ARMI0484,Give RR2,0,0,,
LostHorse,1,4/21/21,RALU,900111880425524,M,18.8,61,Y,0,2100400274,pos,1541.74023553799,20ARMI0498,Give RR2,0,0,,
LostHorse,1,4/21/21,RALU,900111880425580,M,12.5,55,Y,0,2100400275,pos,20.7229497317591,20ARMI0438,Give RR2,0,0,,
LostHorse,1,4/21/21,RALU,900111880425816,F,34.2,71,Y,0,2100400276,pos,758.975642856195,,Has LR2,0,0,,
LostHorse,1,4/29/21,RALU,900111880425837,F,28.7,70,Y,0,2100400277,pos,5084.07393479336,,Has LR2,0,0,,
LostHorse,1,4/29/21,RALU,900111880425758,M,13.7,54,Y,0,2100400278,pos,606.956685703168,,Has LR2,0,0,,
LostHorse,1,4/21/21,RALU,900111880425282,F,33.9,80,Y,0,2100400279,pos,1529.18440382273,,"Give RR2, clipped",0,0,,
LostHorse,1,4/22/21,RALU,900111880425582,M,20,69,Y,0,2100400280,pos,789.573711664053,20ARMI0492,Give RR2. Too windy for scale.,0,0,,
LostHorse,1,4/22/21,RALU,900111880425633,M,,60,Y,0,2100400281,pos,758.975642856195,20ARMI0433,Give RR2. Too windy for scale.,0,0,,
LostHorse,1,4/22/21,RALU,900111880426316,M,,63,Y,0,2100400282,neg,0,20ARMI0418,Give RR2. Too windy for scale.,0,0,,
LostHorse,1,4/21/21,RALU,900111880425511,M,11,54,Y,0,2100400283,pos,6400.90604030529,20ARMI0486,Give RR2,0,0,,
LostHorse,1,4/21/21,RALU,900111880425540,M,12.7,55,Y,0,2100400284,pos,9846.43542980009,20ARMI0409,Give RR2,0,0,,
LostHorse,1,4/21/21,RALU,900111880425857,M,14,56,Y,0,2100400285,neg,0,,"Has RR2, clipped",0,0,,
LostHorse,1,4/21/21,RALU,900111880425572,M,12.2,56,Y,0,2100400287,pos,162.368982088373,20ARMI1782,Give RR2,0,0,,
LostHorse,1,4/29/21,RALU,900111880425293,M,15.3,54,Y,0,2100400288,neg,0,,Has LR2,0,0,,
LostHorse,1,4/21/21,RALU,900111880425501,M,14.6,58,Y,0,2100400289,neg,0,20ARMI0483,"Shedding excess skin, Give RR2",0,0,,
LostHorse,1,4/21/21,RALU,900111880425502,M,15.6,60,Y,0,2100400290,pos,4755.64244014554,20ARMI0456,Give RR2,0,0,,
LostHorse,1,4/21/21,RALU,900111880425840,M,18.7,61,Y,0,2100400291,pos,2051.2206988722,,Has RR2,0,0,,
LostHorse,1,4/21/21,RALU,900111880425528,M,12.3,57,Y,0,2100400292,pos,708495.895379877,20ARMI0522,Give RR2,0,0,,
LostHorse,1,4/21/21,RALU,900111880425573,M,16.4,58,Y,0,2100400293,pos,1157.22586427739,20ARMI0508,Give RR2,0,0,,
LostHorse,1,4/21/21,RALU,900111880425565,M,16,61,Y,0,2100400294,pos,220.036527014194,20ARMI0510,"Sloughing skin, Give RR2",0,0,,
LostHorse,1,4/21/21,RALU,900111880425579,M,15.8,61,Y,0,2100400295,pos,65509.3968313849,20ARMI1794,Give RR2,0,0,,
LostHorse,1,4/21/21,RALU,900111880425563,M,18,60,Y,0,2100400296,pos,25268.0499890253,20ARMI0464,Give RR2,0,0,,
LostHorse,1,4/21/21,RALU,900111880425569,M,17.3,60,Y,0,2100400297,pos,21021.6320400965,20ARMI0487,Give RR2,0,0,,
LostHorse,1,4/21/21,RALU,900111880425575,M,12.4,55,Y,0,2100400298,pos,1781.35986131106,20ARMI0419,Give RR2,0,0,,
LostHorse,1,4/21/21,RALU,900111880425512,M,11.8,51,Y,0,2100400299,pos,3233.73193120572,20ARMI0455,Give RR2,0,0,,
LostHorse,1,4/21/21,RALU,900111880425527,M,12.5,50,Y,0,2100400300,pos,2264.25061565325,20ARMI0555,Give RR2,0,0,,
LostHorse,1,4/21/21,RALU,900111880425530,M,11.6,57,Y,0,2100400301,pos,11470.196012848,20ARMI1800,Give RR2,0,0,,
LostHorse,1,4/21/21,RALU,900111880425578,M,17.7,62,Y,0,2100400302,pos,8338.12351249756,20ARMI0408,Give RR2,0,0,,
LostHorse,1,4/21/21,RALU,900111880425535,M,13.7,58,Y,0,2100400303,pos,2284.3980806474,20ARMI1785,Give RR2,0,0,,
LostHorse,1,4/21/21,RALU,900111880425515,M,10.3,54,Y,0,2100400304,pos,20456.3717828302,20ARMI0565,Give RR2,0,0,,
LostHorse,1,4/21/21,RALU,900111880425526,M,11.5,53,Y,0,2100400305,neg,0,20ARMI1791,Give RR2,0,0,,
LostHorse,1,4/21/21,RALU,900111880426316,M,18.9,74,Y,0,2100400306,neg,0,,Has RR2,0,0,,
LostHorse,1,4/21/21,RALU,900111880425576,M,19.9,65,Y,0,2100400307,pos,1618.16700054545,20ARMI1796,Give RR2,0,0,,
LostHorse,1,4/21/21,RALU,900111880425534,M,20.1,66,Y,0,2100400308,pos,6216.06852908096,20ARMI0511,Give RR2,0,0,,
LostHorse,1,4/21/21,RALU,900111880425562,M,13.7,55,Y,0,2100400309,pos,16414.8983157358,20ARMI0465,Give RR2 (give = clipped today),0,0,,
LostHorse,1,4/21/21,RALU,900111880425842,M,17.4,65,Y,0,2100400310,pos,197.307454728371,,Has RR2 (has = already clipped),0,0,,
LostHorse,1,4/21/21,RALU,900111880425570,M,13.9,58,Y,0,2100400311,pos,11369.0335339427,20ARMI0432,Give RR2,0,0,,
LostHorse,1,4/21/21,RALU,900111880425536,F,29.9,71,Y,0,2100400313,neg,0,20ARMI0589,Give RR2,0,0,,
LostHorse,1,4/21/21,RALU,900111880426047,M,18.5,61,Y,0,2100400314,pos,2080.78518371528,,Has RR2,0,0,,
LostHorse,1,4/21/21,RALU,900111880425518,M,13.8,55,Y,0,2100400315,pos,1483.00395902583,20ARMI0599,Give RR2,0,0,,
LostHorse,1,4/21/21,RALU,900111880425300,M,17.4,59,Y,0,2100400316,pos,95165.9878285233,,Has LR2,0,0,,
LostHorse,1,4/21/21,RALU,900111880425508,M,14.3,55,Y,0,2100400317,pos,4141.25762259223,20ARMI0413,Give RR2,0,0,,
LostHorse,1,4/21/21,RALU,900111880426643,M,16.3,54,Y,0,2100400318,pos,4200.946055086,,Has RR2,0,0,,
LostHorse,1,4/21/21,RALU,900111880425561,M,13.3,53,Y,0,2100400319,pos,203.72903818589,20ARMI1792,Give RR2,0,0,,
LostHorse,1,4/21/21,RALU,900111880426883,M,16.3,60,Y,0,2100400320,pos,1571.43955926717,,Has RR2,0,0,,
LostHorse,1,4/21/21,RALU,900111880425568,M,14,56,Y,0,2100400321,pos,22.3360093931062,20ARMI0552,Give RR2,0,0,,
LostHorse,1,4/21/21,RALU,900111880426026,M,18.7,58,Y,0,2100400322,pos,447.579349254132,,Has RR2,0,0,,
LostHorse,1,4/21/21,RALU,900111880425571,M,16.2,57,Y,0,2100400323,pos,319.213352765963,20ARMI0402,Give RR2,0,0,,
LostHorse,1,4/21/21,RALU,900111880425531,M,15,56,Y,0,2100400324,neg,0,20ARMI0597,Give RR2,0,0,,
LostHorse,1,5/4/20,RALU,900111880425732,M,14.4,53,Y,1,2001800049,,,20ARMI0578,LR2 toe clipped today,0,0,,
LostHorse,1,4/22/20,RALU,900111880425453,F,28.5,73,Y,1,2001800064,,,20ARMI0759,LR2 toe clipped today,0,0,,
LostHorse,1,4/22/20,RALU,900111880425867,M,16.5,58,Y,1,2001800065,,,20ARMI0699,LR2 toe clipped today,0,0,,
LostHorse,1,5/6/21,RALU,900111880425842,M,17.8,60,Y,1,2001800066,,,,Has RR2 and LR2,0,0,,
LostHorse,1,4/22/20,RALU,900111880426499,M,17.4,59,Y,1,2001800067,,,,LR2 toe already clipped,0,0,,
LostHorse,1,4/22/20,RALU,900111880425293,M,15.4,57,Y,1,2001800068,,,20ARMI0642,LR2 toe clipped today,0,0,,
LostHorse,1,4/22/20,RALU,900111880425754,M,14.2,55,Y,1,2001800069,,,20ARMI0793,LR2 toe clipped today,0,0,,
LostHorse,1,4/22/20,RALU,900111880425742,M,15.5,56,Y,1,2001800070,,,20ARMI0767,LR2 toe clipped today,0,0,,
LostHorse,1,4/22/20,RALU,900111880425177,M,15.8,58,Y,1,2001800071,,,,"RR2, LR2 toes clipped already",0,0,,
LostHorse,1,4/22/20,RALU,900111880425819,F,24.7,70,Y,1,2001800072,,,20ARMI0762,LR2 toe clipped today,0,0,,
LostHorse,1,4/22/20,RALU,900111880425845,M,17.5,59,Y,1,2001800073,,,20ARMI0779,LR2 toe clipped today,0,0,,
LostHorse,1,4/22/20,RALU,900111880425443,M,13.9,54,Y,1,2001800074,,,20ARMI0831,"Chatty frog, LR2 toe clipped today",0,0,,
LostHorse,1,4/22/20,RALU,900111880425838,M,14.9,54,Y,1,2001800075,,,20ARMI0757,LR2 toe clipped today,0,0,,
LostHorse,1,4/22/20,RALU,900111880425459,M,17.8,59,Y,1,2001800076,,,20ARMI0794,"Uneven nuptial pads, LR2 toe clipped today",0,0,,
LostHorse,1,4/22/20,RALU,900111880426476,M,21.9,63,Y,1,2001800077,,,,Both RL and RR toes cut already/missing,0,0,,
LostHorse,1,4/22/20,RALU,900111880425756,M,14.6,54,Y,1,2001800079,,,20ARMI0772,LR2 toe clipped today,0,0,,
LostHorse,1,4/22/20,RALU,900111880425457,F,30.5,76,Y,1,2001800080,,,20ARMI0828,LR2 toe clipped today,0,0,,
LostHorse,1,4/22/20,RALU,900111880426523,M,18.2,59,Y,1,2001800081,,,,LR2 toe clipped already/missing,0,0,,
LostHorse,1,4/22/20,RALU,900111880425759,F,30.5,70,Y,1,2001800082,,,20ARMI0728,"Sloughing skin (into Ross's mouth!), LR2 and RR2 toe clipped today (LR2 was lost, had to clip the second for collection)",0,0,,
LostHorse,1,4/22/20,RALU,900111880425451,M,13.7,55,Y,1,2001800083,,,20ARMI0777,LR2 toe clipped today,0,0,,
LostHorse,1,4/22/20,RALU,900111880425449,M,16.2,59,Y,1,2001800084,,,20ARMI0806,LR2 toe clipped today,0,0,,
LostHorse,1,4/28/20,RALU,900111880425758,M,12.8,56,Y,1,2001800085,,,20ARMI0544,LR2 toe clipped today,0,0,,
LostHorse,1,4/28/20,RALU,900111880425866,F,20.3,63,Y,1,2001800086,,,20ARMI0602,LR2 toe clipped today,0,0,,
LostHorse,1,4/28/20,RALU,900111880425444,F,22.5,66,Y,1,2001800087,,,20ARMI0528,"LR2 toe clipped today, RF2 toe missing",0,0,,
LostHorse,1,4/28/20,RALU,900111880425282,F,30.7,72,Y,1,2001800088,,,20ARMI0553,LR2 toe clipped today,0,0,,
LostHorse,1,4/28/20,RALU,900111880425446,M,14.8,56,Y,1,2001800089,,,20ARMI0534,LR2 toe already clipped/missing. Healed. RR2 toe clipped today,0,0,,
LostHorse,1,4/28/20,RALU,900111880425852,F,28.2,74,Y,1,2001800090,,,20ARMI0545,"LR2 toe clipped today, RR2 toe missing",0,0,,
LostHorse,1,4/28/20,RALU,900111880425456,F,25.3,69,Y,1,2001800091,,,20ARMI0516,LR2 toe clipped today,0,0,,
LostHorse,1,4/28/20,RALU,900111880426334,M,18.6,60,Y,1,2001800092,,,20ARMI0580,LR2 toe clipped today,0,0,,
LostHorse,1,4/28/20,RALU,900111880425854,F,28.7,72,Y,1,2001800093,,,20ARMI0608,LR2 toe clipped today,0,0,,
LostHorse,1,4/28/20,RALU,900111880425757,F,23.2,64,Y,1,2001800094,,,20ARMI0538,"LF3 toe missing, LR2 toe clipped today",0,0,,
LostHorse,1,4/28/20,RALU,900111880425287,F,28.3,74,Y,1,2001800095,,,20ARMI0567,LR2 toe clipped today,0,0,,
LostHorse,1,4/26/20,RALU,900111880425841,M,13,55,Y,1,2001800096,,,20ARMI0804,LR2 toe clipped today,0,0,,
LostHorse,1,4/28/20,RALU,900111880426570,M,16,60,Y,1,2001800097,,,,LR2 toe already clipped/missing. Healed.,0,0,,
LostHorse,1,4/28/20,RALU,900111880425835,F,21.1,62,Y,1,2001800098,,,20ARMI0610,LR2 toe clipped today,0,0,,
LostHorse,1,4/28/20,RALU,900111880425294,F,27,69,Y,1,2001800099,,,20ARMI0459,"LR2 toe clipped today, LR4 toe missing",0,0,,
LostHorse,1,4/28/20,RALU,900111880425861,F,23.2,70,Y,1,2001800100,,,20ARMI0609,LR2 toe clipped today,0,0,,
LostHorse,1,4/28/20,RALU,900111880425750,F,29.2,75,Y,1,2001800101,,,20ARMI0592,LR2 toe clipped today,0,0,,
LostHorse,1,4/24/20,RALU,900111880425450,M,16.2,56,Y,1,2001800102,,,20ARMI0656,LR2 toe clipped today,0,0,,
LostHorse,1,4/28/20,RALU,900111880425874,F,38.5,78,Y,1,2001800103,,,20ARMI0590,LR2 toe clipped today,0,0,,
LostHorse,1,4/28/20,RALU,900111880425749,F,25.4,69,Y,1,2001800104,,,20ARMI0556,LR2 toe clipped today,0,0,,
LostHorse,1,4/28/20,RALU,900111880426438,M,17.1,61,Y,1,2001800105,,,20ARMI0617,LR2 toe clipped today. No toes appeared clipped despite having pit tag,0,0,,
LostHorse,1,4/24/20,RALU,900111880425811,F,23.4,68,Y,1,2001800155,,,20ARMI0780,LR2 toe clipped today,0,0,,
LostHorse,1,4/22/20,RALU,900111880425295,M,13.3,54,Y,1,2001800156,,,20ARMI0719,LR2 toe clipped today,0,0,,
LostHorse,1,4/24/20,RALU,900111880426644,M,18.3,58,Y,1,2001800157,,,20ARMI0743,No toe clips present; LR2 toe clipped today. Caught previous years,0,0,,
LostHorse,1,4/24/20,RALU,900111880425862,F,32.4,74,Y,1,2001800158,,,20ARMI0763,LR2 toe clipped today,0,0,,
LostHorse,1,4/24/20,RALU,900111880425822,M,13.6,55,Y,1,2001800159,,,20ARMI0796,LR2 toe clipped today,0,0,,
LostHorse,1,4/24/20,RALU,900111880425747,F,38.4,78,Y,1,2001800160,,,20ARMI0745,LR2 toe clipped today,0,0,,
LostHorse,1,4/24/20,RALU,900111880426519,M,18.6,60,Y,1,2001800161,,,20ARMI0730,LR2 toe clipped today,0,0,,
LostHorse,1,4/24/20,RALU,900111880425281,F,23.7,67,Y,1,2001800162,,,20ARMI0768,LR2 toe clipped today,0,0,,
LostHorse,1,4/24/20,RALU,900111880426808,M,19.7,61,Y,1,2001800163,,,,Clip present on LR2; caught previous years,0,0,,
LostHorse,1,4/24/20,RALU,900111880426061,F,28,74,Y,1,2001800164,,,20ARMI0765,LR2 toe clipped today,0,0,,
LostHorse,1,4/24/20,RALU,900111880425296,M,17,59,Y,1,2001800165,,,20ARMI0837,LR2 toe clipped today,0,0,,
LostHorse,1,4/24/20,RALU,900111880425458,M,17.4,59,Y,1,2001800166,,,20ARMI0775,LR2 toe clipped today,0,0,,
LostHorse,1,4/24/20,RALU,900111880425847,M,19.1,60,Y,1,2001800167,,,20ARMI0823,LR2 toe clipped today,0,0,,
LostHorse,1,4/24/20,RALU,900111880425297,F,45.5,80,Y,1,2001800168,,,20ARMI0782,LR2 toe clipped today; appear gravid,0,0,,
LostHorse,1,4/24/20,RALU,900111880425853,M,19.6,60,Y,1,2001800169,,,20ARMI0690,LR2 toe clipped today,0,0,,
LostHorse,1,4/24/20,RALU,900111880425284,F,27.7,70,Y,1,2001800170,,,20ARMI0821,LR2 toe clipped today,0,0,,
LostHorse,1,4/24/20,RALU,900111880425445,M,18.9,64,Y,1,2001800171,,,20ARMI0646,LR2 toe clipped today,0,0,,
LostHorse,1,4/24/20,RALU,900111880425863,F,27.4,71,Y,1,2001800172,,,20ARMI0752,LR2 toe clipped today,0,0,,
LostHorse,1,4/28/20,RALU,900111880425849,M,16.2,57,Y,1,2001800173,,,20ARMI0532,LR2 toe clipped today,0,0,,
LostHorse,1,4/24/20,RALU,900111880425809,F,27.7,74,Y,1,2001800174,,,20ARMI0760,LR2 toe clipped today,0,0,,
LostHorse,1,4/24/20,RALU,900111880425452,F,32.4,73,Y,1,2001800175,,,20ARMI0810,"RF3 toe missing, LR2 toe clipped today",0,0,,
LostHorse,1,4/28/20,RALU,900111880425870,M,11.1,51,Y,1,2001800225,,,20ARMI0648,LR2 toe clipped today,0,0,,
LostHorse,1,4/26/20,RALU,900111880425825,F,31.9,70,Y,1,2001800228,,,20ARMI0650,LR2 toe clipped today,0,0,,
LostHorse,1,4/28/20,RALU,900111880425810,F,25.8,68,Y,1,2001800231,,,20ARMI0709,LR2 toe clipped today,0,0,,
LostHorse,1,4/24/20,RALU,900111880425827,M,16.5,59,Y,1,2001800253,,,20ARMI0803,"LR2 toe missing, appears already cut, healed. RR2 toe clipped today",0,0,,
LostHorse,1,4/24/20,RALU,900111880425815,F,29,73,Y,1,2001800254,,,20ARMI0805,LR2 toe clipped today,0,0,,
LostHorse,1,4/24/20,RALU,900111880425454,F,35.2,78,Y,1,2001800255,,,20ARMI0815,LR2 toe clipped today,0,0,,
LostHorse,1,4/22/20,RALU,900111880426313,F,21.4,65,Y,1,2001800256,,,20ARMI0764,LR2 toe clipped today,0,0,,
LostHorse,1,4/24/20,RALU,900111880425860,F,22.9,66,Y,1,2001800257,,,20ARMI0733,LR2 toe clipped today,0,0,,
LostHorse,1,4/22/20,RALU,900111880425839,F,20.7,66,Y,1,2001800258,,,20ARMI0801,"LR2 toe clipped today, Split webbing LR foot",0,0,,
LostHorse,1,4/24/20,RALU,900111880425840,M,16.6,55,Y,1,2001800259,,,20ARMI0776,LR2 toe clipped today,0,0,,
LostHorse,1,4/24/20,RALU,900111880425751,M,15.2,57,Y,1,2001800260,,,20ARMI0667,LR2 toe clipped today,0,0,,
LostHorse,1,4/22/20,RALU,900111880426530,F,25.6,67,Y,1,2001800261,,,20ARMI0629,LR2 toe clipped today,0,0,,
LostHorse,1,4/24/20,RALU,900111880425880,M,13.3,50,Y,1,2001800262,,,20ARMI0632,LR2 toe clipped today,0,0,,
LostHorse,1,4/24/20,RALU,900111880425447,M,16.3,58,Y,1,2001800263,,,20ARMI0712,LR2 toe clipped today,0,0,,
LostHorse,1,4/24/20,RALU,900111880425442,M,16.7,57,Y,1,2001800264,,,20ARMI0715,LR2 toe clipped today,0,0,,
LostHorse,1,4/24/20,RALU,900111880425851,F,29.3,72,Y,1,2001800265,,,20ARMI0726,LR2 toe clipped today; split toe on RF3,0,0,,
LostHorse,1,4/24/20,RALU,900111880425868,F,28.1,73,Y,1,2001800266,,,20ARMI0748,LR2 toe clipped today,0,0,,
LostHorse,1,4/26/20,RALU,900111880426475,M,18.2,59,Y,1,2001800267,,,,"LR2 toe clipped already/missing, healed",0,0,,
LostHorse,1,4/24/20,RALU,900111880426839,M,21.8,65,Y,1,2001800268,,,,"LR2 toe clipped already/missing, split RF3",0,0,,
LostHorse,1,4/26/20,RALU,900111880425829,F,30.5,76,Y,1,2001800270,,,20ARMI0636,LR2 toe clipped today,0,0,,
LostHorse,1,4/26/20,RALU,900111880425857,M,9.1,48,Y,1,2001800271,,,20ARMI0749,"LR2 toe clipped today, RF1 toe short",0,0,,
LostHorse,1,4/24/20,RALU,900111880425441,M,18.4,60,Y,1,2001800272,,,20ARMI0761,"LR2 toe clipped today, slightly shorter RR2 toe",0,0,,
LostHorse,1,4/26/20,RALU,900111880426527,F,29,70,Y,1,2001800273,,,20ARMI0718,"LR2 toe clipped already/missing, healed; RR2 toe clipped today",0,0,,
LostHorse,1,4/24/20,RALU,900111880425289,M,16.5,57,Y,1,2001800274,,,20ARMI0737,LR2 toe clipped today,0,0,,
LostHorse,1,4/26/20,RALU,900111880425869,M,18.1,57,Y,1,2001800275,,,20ARMI0839,LR2 toe clipped today,0,0,,
LostHorse,1,4/24/20,RALU,900111880426538,F,32.3,73,Y,1,2001800276,,,20ARMI0714,LR2 toe clipped today,0,0,,
LostHorse,1,4/26/20,RALU,900111880425878,F,24.8,67,Y,1,2001800277,,,20ARMI0829,LR2 toe clipped today,0,0,,
LostHorse,1,4/24/20,RALU,900111880425448,F,40.4,80,Y,1,2001800279,,,20ARMI0838,LR2 toe clipped today,0,0,,
LostHorse,1,4/26/20,RALU,900111880425850,F,29.8,71,Y,1,2001800280,,,20ARMI0792,LR2 toe clipped today,0,0,,
LostHorse,1,4/26/20,RALU,900111880425836,M,16.6,57,Y,1,2001800282,,,20ARMI0809,LR2 toe clipped today. Sloughing skin on hind feet,0,0,,
LostHorse,1,4/28/20,RALU,900111880425871,F,29.6,68,Y,1,2001800283,,,20ARMI0707,LR2 toe clipped today,0,0,,
LostHorse,1,4/28/20,RALU,900111880425285,M,15.5,55,Y,1,2001800284,,,20ARMI0774,LR2 toe clipped today,0,0,,
LostHorse,1,4/28/20,RALU,900111880425816,F,26.6,68,Y,1,2001800286,,,20ARMI0795,LR2 toe clipped today,0,0,,
LostHorse,1,4/28/20,RALU,900111880426563,M,18,59,Y,1,2001800287,,,,LR2 and RR2 toes clipped already/missing. Healed.,0,0,,
LostHorse,1,4/28/20,RALU,900111880425300,M,16.6,59,Y,1,2001800302,,,20ARMI0523,LR2 toe clipped today,0,0,,
LostHorse,1,4/26/20,RALU,900111880425855,F,28.6,71,Y,1,2001800303,,,20ARMI0624,LR2 toe clipped today,0,0,,
LostHorse,1,4/26/20,RALU,900111880425299,F,32.2,75,Y,1,2001800304,,,20ARMI0835,RR2 toe clipped already/missing. LR2 toe clipped today. Sloughing skin all over body,0,0,,
LostHorse,1,4/26/20,RALU,900111880426330,F,24.3,68,Y,1,2001800305,,,20ARMI0670,LR2 toe clipped today,0,0,,
LostHorse,1,4/26/20,RALU,900111880425808,M,17.6,60,Y,1,2001800306,,,20ARMI0706,LR2 toe clipped already/missing. RR2 toe clipped today,0,0,,
LostHorse,1,4/28/20,RALU,900111880425872,M,13,53,Y,1,2001800307,,,20ARMI0527,LR2 toe clipped today,0,0,,
LostHorse,1,4/26/20,RALU,900111880425803,F,27.6,71,Y,1,2001800308,,,20ARMI0689,LR2 toe clipped today,0,0,,
LostHorse,1,4/26/20,RALU,900111880425755,F,31.7,75,Y,1,2001800309,,,20ARMI0751,LR2 toe clipped today,0,0,,
LostHorse,1,4/26/20,RALU,900111880425856,F,25.1,68,Y,1,2001800310,,,20ARMI0633,LR2 toe clipped today,0,0,,
LostHorse,1,4/26/20,RALU,900111880426321,M,16.9,58,Y,1,2001800311,,,,LR2 and RR2 toes clipped already/missing. Healed.,0,0,,
LostHorse,1,4/26/20,RALU,900111880426643,M,16.5,57,Y,1,2001800312,,,,Captured previous year. LR4 toe clipped/missing,0,0,,
LostHorse,1,4/26/20,RALU,900111880425817,F,30.9,74,Y,1,2001800313,,,20ARMI0681,LR2 toe clipped today,0,0,,
LostHorse,1,4/26/20,RALU,900111880425837,F,32.3,69,Y,1,2001800314,,,20ARMI0638,LR2 toe clipped today,0,0,,
LostHorse,1,4/26/20,RALU,900111880425858,F,26.8,68,Y,1,2001800315,,,20ARMI0631,LR2 toe clipped today,0,0,,
LostHorse,1,4/26/20,RALU,900111880425813,F,25.2,68,Y,1,2001802269,,,20ARMI0739,LR2 toe clipped today,0,0,,
LostHorse,1,5/4/20,RALU,,U,2.1,29,N,,,,,,Too small to tag. No Hg or Bd or tag data,0,0,,
LostHorse,1,5/1/20,RALU,,U,2.4,31,N,,,,,,Frog too small to collect Hg or Bd data,0,0,,
LostHorse,1,5/6/21,RALU,900111880425515,M,9.7,50,N,,,,,,Has RR2,0,0,,
LostHorse,1,5/6/21,RALU,900111880425638,M,11.1,50,N,,,,,,Has RR2,0,0,,
LostHorse,1,4/23/19,RALU,900111880425176,M,11.2,50,N,,,,,,,0,0,,
LostHorse,1,4/30/21,RALU,900111880425647,M,11.2,49,N,,,,,21ARMI1039,"Gave RR2, ran out of swabs",0,0,,
LostHorse,1,4/30/21,RALU,900111880425648,M,11.3,52,N,,,,,21ARMI1027,"Gave RR2, ran out of swabs",0,0,,
LostHorse,1,5/6/21,RALU,900111880425512,M,11.5,50,N,,,,,,Has RR2,0,0,,
LostHorse,1,5/6/21,RALU,900111880425612,F,11.7,52,N,,,,,,Has RR2,0,0,,
LostHorse,1,4/29/21,RALU,900111880425527,M,11.8,50,N,,,,,,Has RR2,0,0,,
LostHorse,1,5/5/21,RALU,900111880425512,M,11.8,54,N,,,,,,Has RR2,0,0,,
LostHorse,1,5/6/21,RALU,900111880425527,M,12,51,N,,,,,,Has RR2,0,0,,
LostHorse,1,4/19/19,RALU,900111880425177,M,12.1,55,N,,,,,,,0,0,,
LostHorse,1,5/5/21,RALU,900111880425527,M,12.1,52,N,,,,,,Has RR2,0,0,,
LostHorse,1,4/22/19,RALU,900111880426789,M,12.2,55,N,,,,,,,0,0,,
LostHorse,1,4/28/21,RALU,900111880425774,M,12.2,52,N,,,,,,Has RR2,0,0,,
LostHorse,1,4/29/21,RALU,900111880425580,M,12.3,53,N,,,,,,Has RR2,0,0,,
LostHorse,1,4/29/21,RALU,900111880425774,M,12.3,53,N,,,,,,Has RR2,0,0,,
LostHorse,1,4/28/21,RALU,900111880425572,M,12.4,52,N,,,,,,Has RR2,0,0,,
LostHorse,1,4/19/19,RALU,900111880426470,M,12.5,58,N,,,,,,,0,0,,
LostHorse,1,4/23/19,RALU,900111880426466,M,12.7,50,N,,,,,,,0,0,,
LostHorse,1,4/23/19,RALU,900111880426031,M,12.7,52,N,,,,,,,0,0,,
LostHorse,1,4/22/19,RALU,900111880426031,M,13.0,55,N,,,,,,,0,0,,
LostHorse,1,5/5/21,RALU,900111880425779,M,13,55,N,,,,,,Has LR2,0,0,,
LostHorse,1,5/5/21,RALU,900111880425639,F,13.1,55,N,,,,,,Has RR2,0,0,,
LostHorse,1,4/23/19,RALU,900111880425165,M,13.2,55,N,,,,,,,0,0,,
LostHorse,1,5/6/21,RALU,900111880425649,M,13.2,51,N,,,,,,Has RR2,0,0,,
LostHorse,1,4/29/21,RALU,900111880425311,M,13.3,54,N,,,,,,Has RR2,0,0,,
LostHorse,1,5/6/21,RALU,900111880425574,M,13.3,52,N,,,,,,Has RR2,0,0,,
LostHorse,1,4/22/19,RALU,900111880426782,M,13.4,55,N,,,,,,,0,0,,
LostHorse,1,4/23/19,RALU,900111880426782,M,13.4,52,N,,,,,,,0,0,,
LostHorse,1,4/29/21,RALU,900111880425310,M,13.4,51,N,,,,,,Has RR2,0,0,,
LostHorse,1,5/5/21,RALU,900111880425633,M,13.4,57,N,,,,,,Has RR2,0,0,,
LostHorse,1,4/22/19,RALU,900111880426564,M,13.6,57,N,,,,,,,0,0,,
LostHorse,1,4/23/19,RALU,900111880426478,M,13.6,53,N,,,,,,,0,0,,
LostHorse,1,4/27/21,RALU,900111880425633,M,13.6,54,N,,,,,,Has RR2,0,0,,
LostHorse,1,4/30/21,RALU,900111880425660,M,13.7,49,N,,,,,21ARMI1021,"Gave RR2, ran out of swabs",0,0,,
LostHorse,1,4/30/21,RALU,900111880425312,M,13.7,55,N,,,,,,Has RR2,0,0,,
LostHorse,1,4/19/19,RALU,900111880426473,M,13.8,53,N,,,,,,,0,0,,
LostHorse,1,4/19/19,RALU,900111880426043,M,13.8,55,N,,,,,,Sex not recorded,0,0,,
LostHorse,1,4/30/21,RALU,900111880425568,M,13.8,54,N,,,,,,Has RR2,0,0,,
LostHorse,1,5/6/21,RALU,900111880425589,M,13.8,55,N,,,,,,Has RR2,0,0,,
LostHorse,1,4/19/19,RALU,900111880426060,M,13.9,64,N,,,,,,,0,0,,
LostHorse,1,4/23/19,RALU,900111880426949,M,14.1,54,N,,,,,,,0,0,,
LostHorse,1,5/5/21,RALU,900111880425589,M,14.1,55,N,,,,,,Has RR2,0,0,,
LostHorse,1,4/29/21,RALU,900111880425532,M,14.2,55,N,,,,,,Has RR2,0,0,,
LostHorse,1,5/6/21,RALU,900111880425531,M,14.2,56,N,,,,,,Has RR2,0,0,,
LostHorse,1,4/23/19,RALU,900111880426070,M,14.5,55,N,,,,,,,0,0,,
LostHorse,1,4/30/21,RALU,900111880426883,M,14.6,57,N,,,,,,Has LR2,0,0,,
LostHorse,1,5/6/21,RALU,900111880425872,M,14.7,59,N,,,,,,Has LR2,0,0,,
LostHorse,1,4/23/19,RALU,900111880426498,M,14.9,51,N,,,,,,,0,0,,
LostHorse,1,5/5/21,RALU,900111880425525,M,14.9,57,N,,,,,,Has LR2,0,0,,
LostHorse,1,4/22/19,RALU,900111880426498,M,15.0,56,N,,,,,,,0,0,,
LostHorse,1,4/22/19,RALU,900111880425178,M,15,60,N,,,,,,,0,0,,
LostHorse,1,4/29/21,RALU,900111880425582,M,15,58,N,,,,,,Has RR2,0,0,,
LostHorse,1,5/6/21,RALU,900111880426883,M,15,56,N,,,,,,Has LR2,0,0,,
LostHorse,1,4/19/19,RALU,900111880425169,M,15.1,55,N,,,,,,,0,0,,
LostHorse,1,4/28/21,RALU,900111880425508,M,15.1,56,N,,,,,,Has RR2,0,0,,
LostHorse,1,5/6/21,RALU,900111880425657,F,15.1,55,N,,,,,,Has RR2,0,0,,
LostHorse,1,4/23/19,RALU,900111880426022,M,15.3,58,N,,,,,,,0,0,,
LostHorse,1,4/30/21,RALU,900111880425652,M,15.4,55,N,,,,,21ARMI1019,"Gave RR2, ran out of swabs",0,0,,
LostHorse,1,4/30/21,RALU,900111880425655,M,15.4,56,N,,,,,21ARMI1037,"Gave RR2, ran out of swabs",0,0,,
LostHorse,1,4/28/21,RALU,900111880425296,M,15.4,60,N,,,,,,Has LR2,0,0,,
LostHorse,1,4/23/19,RALU,900111880426791,M,15.5,53,N,,,,,,,0,0,,
LostHorse,1,4/22/19,RALU,900111880426799,M,15.6,59,N,,,,,,,0,0,,
LostHorse,1,5/5/21,RALU,900111880425573,M,15.6,57,N,,,,,,Has LR2,0,0,,
LostHorse,1,4/23/19,RALU,900111880426465,M,15.7,58,N,,,,,,,0,0,,
LostHorse,1,4/22/19,RALU,900111880425168,M,15.8,58,N,,,,,,,0,0,,
LostHorse,1,5/5/21,RALU,900111880425579,M,16,60,N,,,,,,Has RR2,0,0,,
LostHorse,1,5/5/21,RALU,900111880425450,M,16.1,60,N,,,,,,Has LR2,0,0,,
LostHorse,1,5/6/21,RALU,900111880425628,M,16.1,60,N,,,,,,Has RR2,0,0,,
LostHorse,1,4/22/19,RALU,900111880426643,M,16.3,61,N,,,,,,,0,0,,
LostHorse,1,4/23/19,RALU,900111880426467,M,16.3,56,N,,,,,,,0,0,,
LostHorse,1,4/29/21,RALU,900111880425637,M,16.5,57,N,,,,,,Has RR2,0,0,,
LostHorse,1,4/28/21,RALU,900111880425569,M,16.6,56,N,,,,,,Has RR2,0,0,,
LostHorse,1,5/6/21,RALU,900111880425820,M,16.6,58,N,,,,,,Has LR2,0,0,,
LostHorse,1,4/11/18,RALU,900111880426809,M,16.9,58,N,,,,,,,0,0,,
LostHorse,1,4/23/19,RALU,900111880426948,M,16.9,57,N,,,,,,,0,0,,
LostHorse,1,4/30/21,RALU,900111880425643,M,16.9,53,N,,,,,21ARMI1014,"Gave RR2, ran out of swabs",0,0,,
LostHorse,1,4/28/21,RALU,900111880425628,M,17,58,N,,,,,,Has RR2,0,0,,
LostHorse,1,4/23/19,RALU,900111880426494,M,17.1,53,N,,,,,,,0,0,,
LostHorse,1,4/29/21,RALU,900111880425524,M,17.2,59,N,,,,,,Has RR2,0,0,,
LostHorse,1,5/6/21,RALU,900111880425524,M,17.2,59,N,,,,,,Has RR2,0,0,,
LostHorse,1,4/23/19,RALU,900111880426499,M,17.3,55,N,,,,,,,0,0,,
LostHorse,1,4/23/19,RALU,900111880426953,M,17.3,58,N,,,,,,,0,0,,
LostHorse,1,4/27/21,RALU,900111880425563,M,17.3,56,N,,,,,,Has RR2,0,0,,
LostHorse,1,4/28/21,RALU,900111880425300,M,17.3,61,N,,,,,,Has LR2,0,0,,
LostHorse,1,4/19/19,RALU,900111880426561,M,17.4,48,N,,,,,,,0,0,,
LostHorse,1,4/22/19,RALU,900111880426797,M,17.4,59,N,,,,,,,0,0,,
LostHorse,1,5/5/21,RALU,900111880425840,M,17.5,58,N,,,,,,Has LR2,0,0,,
LostHorse,1,5/5/21,RALU,900111880425820,M,17.6,57,N,,,,,,Has LR2,0,0,,
LostHorse,1,4/22/19,RALU,900111880426040,M,17.7,65,N,,,,,,,0,0,,
LostHorse,1,4/27/21,RALU,900111880425842,M,17.7,60,N,,,,,,Has RR2,0,0,,
LostHorse,1,4/29/21,RALU,900111880425300,M,17.7,61,N,,,,,,Has LR2,0,0,,
LostHorse,1,4/22/20,RALU,900111880426047,M,17.8,61,N,,,,,,RR2 toe clipped already/missing,0,0,,
LostHorse,1,5/6/21,RALU,900111880426519,M,17.8,60,N,,,,,,Has LR2,0,0,,
LostHorse,1,4/23/19,RALU,900111880426644,M,17.9,61,N,,,,,,,0,0,,
LostHorse,1,4/28/21,RALU,900111880425524,M,17.9,60,N,,,,,,Has RR2,0,0,,
LostHorse,1,5/6/21,RALU,900111880425301,M,18,57,N,,,,,,Has RR2,0,0,,
LostHorse,1,5/5/21,RALU,900111880426519,M,18.1,60,N,,,,,,Has LR2,0,0,,
LostHorse,1,4/19/19,RALU,900111880426040,M,18.2,60,N,,,,,,,0,0,,
LostHorse,1,4/23/19,RALU,900111880426064,M,18.4,59,N,,,,,,,0,0,,
LostHorse,1,4/28/21,RALU,900111880426316,M,18.4,56,N,,,,,,Has RR2,0,0,,
LostHorse,1,4/30/21,RALU,900111880426047,M,18.6,61,N,,,,,,Has RR2,0,0,,
LostHorse,1,4/19/19,RALU,900111880426654,M,18.8,62,N,,,,,,,0,0,,
LostHorse,1,4/28/21,RALU,900111880426047,M,18.8,60,N,,,,,,Has RR2,0,0,,
LostHorse,1,4/28/21,RALU,900111880426519,M,18.8,61,N,,,,,,Has LR2,0,0,,
LostHorse,1,4/23/19,RALU,900111880426784,M,18.9,60,N,,,,,,,0,0,,
LostHorse,1,4/19/19,RALU,900111880426784,M,19.0,61,N,,,,,,,0,0,,
LostHorse,1,4/19/19,RALU,900111880426947,M,19.1,61,N,,,,,,,0,0,,
LostHorse,1,4/19/19,RALU,900111880425172,M,19.1,65,N,,,,,,,0,0,,
LostHorse,1,4/19/19,RALU,900111880426030,M,19.1,65,N,,,,,,,0,0,,
LostHorse,1,4/19/19,RALU,900111880426484,M,19.5,60,N,,,,,,,0,0,,
LostHorse,1,5/6/21,RALU,900111880425534,M,19.7,60,N,,,,,,Has RR2,0,0,,
LostHorse,1,4/19/19,RALU,900111880426463,M,19.9,64,N,,,,,,,0,0,,
LostHorse,1,4/22/19,RALU,900111880426404,M,20.4,64,N,,,,,,,0,0,,
LostHorse,1,4/22/19,RALU,900111880426476,M,21.2,63,N,,,,,,,0,0,,
LostHorse,1,4/23/19,RALU,900111880425172,M,21.3,64,N,,,,,,,0,0,,
LostHorse,1,5/6/21,RALU,900111880425762,F,22.2,70,N,,,,,,Has RR2,0,0,,
LostHorse,1,4/30/21,RALU,900111880425650,F,22.7,67,N,,,,,21ARMI1035,"Gave RR2, ran out of swabs",0,0,,
LostHorse,1,4/23/19,RALU,900111880426440,M,25.1,65,N,,,,,,,0,0,,
LostHorse,1,4/30/21,RALU,900111880425455,F,26.8,69,N,,,,,,"Has LR2, ran out of swabs",0,0,,
LostHorse,1,4/30/21,RALU,900111880425319,F,27.1,70,N,,,,,,Has RR2,0,0,,
LostHorse,1,4/27/21,RALU,900111880425564,F,27.2,73,N,,,,,,Has RR2,0,0,,
LostHorse,1,4/30/21,RALU,900111880425635,F,28.1,65,N,,,,,,Has RR2,0,0,,
LostHorse,1,5/6/21,RALU,900111880425837,F,28.2,68,N,,,,,,Has LR2,0,0,,
LostHorse,1,5/6/21,RALU,900111880425627,F,28.5,72,N,,,,,,Has RR2 and LR2,0,0,,
LostHorse,1,4/30/21,RALU,900111880425658,F,29.1,70,N,,,,,21ARMI1040,"Gave RR2, ran out of swabs",0,0,,
LostHorse,1,5/5/21,RALU,900111880425839,F,29.2,75,N,,,,,,Has LR2,0,0,,
LostHorse,1,4/30/21,RALU,900111880425646,F,30.1,70,N,,,,,21ARMI1024,"Gave RR2, Needs swab (ran out of swabs)",0,0,,
LostHorse,1,4/28/21,RALU,900111880425803,F,30.4,73,N,,,,,,Has LR2,0,0,,
LostHorse,1,4/30/21,RALU,900111880425318,F,32.1,68,N,,,,,,Has RR2,0,0,,
LostHorse,1,5/6/21,RALU,900111880425320,F,32.8,73,N,,,,,,Has RR2,0,0,,
LostHorse,1,5/5/21,RALU,900111880425759,F,33.5,75,N,,,,,,Has RR2 & LR2,0,0,,
LostHorse,1,5/6/21,RALU,900111880425816,F,34.3,75,N,,,,,,Has LR2,0,0,,
LostHorse,1,4/30/21,RALU,900111880425672,F,34.4,76,N,,,,,,"Has LR2, ran out of swabs",0,0,,
LostHorse,1,4/30/21,RALU,900111880425588,F,34.5,72,N,,,,,,Has RR2,0,0,,
LostHorse,1,4/29/21,RALU,900111880425588,F,35.2,70,N,,,,,,Has RR2,0,0,,
LostHorse,1,4/27/21,RALU,900111880425816,F,35.6,71,N,,,,,,Has LR2,0,0,,
LostHorse,1,4/11/18,RALU,900111880426884,M,,,N,,,,,,,0,0,,
LostHorse,1,4/13/18,RALU,900111880426968,M,,,N,,,,,,,0,0,,
LostHorse,1,4/13/18,RALU,900111880426955,M,,,N,,,,,,,0,0,,
LostHorse,1,4/13/18,RALU,900111880426884,M,,,N,,,,,,,0,0,,
LostHorse,1,4/13/18,RALU,900111880426949,M,,,N,,,,,,,0,0,,
LostHorse,1,4/13/18,RALU,900111880426389,M,,,N,,,,,,,0,0,,
LostHorse,1,4/13/18,RALU,900111880426900,M,,,N,,,,,,,0,0,,
LostHorse,1,4/13/18,RALU,900111880426957,M,,,N,,,,,,,0,0,,
LostHorse,1,4/13/18,RALU,900111880426958,M,,,N,,,,,,,0,0,,
LostHorse,1,4/13/18,RALU,900111880426898,M,,,N,,,,,,,0,0,,
LostHorse,1,4/13/18,RALU,900111880426811,M,,,N,,,,,,,0,0,,
LostHorse,1,4/13/18,RALU,900111880426941,M,,,N,,,,,,,0,0,,
LostHorse,1,4/13/18,RALU,900111880426961,M,,,N,,,,,,,0,0,,
LostHorse,1,4/13/18,RALU,900111880426384,M,,,N,,,,,,,0,0,,
LostHorse,1,4/15/18,RALU,900111880426577,M,,,N,,,,,,,0,0,,
LostHorse,1,4/15/18,RALU,900111880426838,M,,,N,,,,,,,0,0,,
LostHorse,1,4/15/18,RALU,900111880426575,M,,,N,,,,,,,0,0,,
LostHorse,1,4/15/18,RALU,900111880426397,M,,,N,,,,,,,0,0,,
LostHorse,1,4/15/18,RALU,900111880426834,M,,,N,,,,,,,0,0,,
LostHorse,1,4/15/18,RALU,900111880426837,M,,,N,,,,,,,0,0,,
LostHorse,1,4/15/18,RALU,900111880426384,M,,,N,,,,,,,0,0,,
LostHorse,1,4/15/18,RALU,900111880426826,M,,,N,,,,,,,0,0,,
LostHorse,1,4/15/18,RALU,900111880426831,M,,,N,,,,,,,0,0,,
LostHorse,1,4/15/18,RALU,900111880426563,M,,,N,,,,,,,0,0,,
LostHorse,1,4/15/18,RALU,900111880426579,M,,,N,,,,,,"Originally indicated as recapture, but no previous record, captured again later so number is probably correct.",0,0,,
LostHorse,1,4/15/18,RALU,900111880426580,M,,,N,,,,,,,0,0,,
LostHorse,1,4/15/18,RALU,900111880426809,M,,,N,,,,,,,0,0,,
LostHorse,1,4/15/18,RALU,900111880426569,M,,,N,,,,,,,0,0,,
LostHorse,1,4/15/18,RALU,900111880426949,M,,,N,,,,,,,0,0,,
LostHorse,1,4/15/18,RALU,900111880426818,M,,,N,,,,,,,0,0,,
LostHorse,1,4/15/18,RALU,900111880426832,M,,,N,,,,,,,0,0,,
LostHorse,1,4/15/18,RALU,900111880426808,M,,,N,,,,,,,0,0,,
LostHorse,1,4/15/18,RALU,900111880426884,M,,,N,,,,,,,0,0,,
LostHorse,1,4/15/18,RALU,900111880426811,M,,,N,,,,,,,0,0,,
LostHorse,1,4/15/18,RALU,900111880426950,M,,,N,,,,,,,0,0,,
LostHorse,1,4/15/18,RALU,900111880426400,M,,,N,,,,,,,0,0,,
LostHorse,1,4/15/18,RALU,900111880426959,M,,,N,,,,,,Shedding skin,0,0,,
LostHorse,1,4/18/18,RALU,900111880426942,M,,,N,,,,,,,0,0,,
LostHorse,1,4/18/18,RALU,900111880426949,M,,,N,,,,,,,0,0,,
LostHorse,1,4/18/18,RALU,900111880426948,M,,,N,,,,,,,0,0,,
LostHorse,1,4/18/18,RALU,900111880426898,M,,,N,,,,,,,0,0,,
LostHorse,1,4/18/18,RALU,900111880426886,M,,,N,,,,,,,0,0,,
LostHorse,1,4/18/18,RALU,900111880426624,M,,,N,,,,,,,0,0,,
LostHorse,1,4/18/18,RALU,900111880426563,M,,,N,,,,,,,0,0,,
LostHorse,1,4/18/18,RALU,900111880426941,M,,,N,,,,,,,0,0,,
LostHorse,1,4/18/18,RALU,900111880426900,M,,,N,,,,,,,0,0,,
LostHorse,1,4/18/18,RALU,900111880426803,M,,,N,,,,,,,0,0,,
LostHorse,1,4/18/18,RALU,900111880426811,M,,,N,,,,,,,0,0,,
LostHorse,1,4/18/18,RALU,900111880426571,M,,,N,,,,,,,0,0,,
LostHorse,1,4/18/18,RALU,900111880426818,M,,,N,,,,,,,0,0,,
LostHorse,1,4/18/18,RALU,900111880426397,M,,,N,,,,,,,0,0,,
LostHorse,1,4/18/18,RALU,900111880426384,M,,,N,,,,,,,0,0,,
LostHorse,1,4/18/18,RALU,900111880426957,M,,,N,,,,,,,0,0,,
LostHorse,1,4/18/18,RALU,900111880426627,M,,,N,,,,,,,0,0,,
LostHorse,1,4/18/18,RALU,900111880426575,M,,,N,,,,,,,0,0,,
LostHorse,1,4/18/18,RALU,900111880426631,M,,,N,,,,,,,0,0,,
LostHorse,1,4/18/18,RALU,900111880426569,M,,,N,,,,,,,0,0,,
LostHorse,1,4/18/18,RALU,900111880426899,M,,,N,,,,,,,0,0,,
LostHorse,1,4/18/18,RALU,900111880426958,M,,,N,,,,,,,0,0,,
LostHorse,1,4/18/18,RALU,900111880426568,M,,,N,,,,,,,0,0,,
LostHorse,1,4/18/18,RALU,900111880426382,M,,,N,,,,,,,0,0,,
LostHorse,1,4/18/18,RALU,900111880426808,M,,,N,,,,,,,0,0,,
LostHorse,1,4/18/18,RALU,900111880426822,M,,,N,,,,,,,0,0,,
LostHorse,1,4/18/18,RALU,900111880426637,M,,,N,,,,,,,0,0,,
LostHorse,1,4/18/18,RALU,900111880426834,M,,,N,,,,,,,0,0,,
LostHorse,1,4/18/18,RALU,900111880426836,M,,,N,,,,,,,0,0,,
LostHorse,1,4/18/18,RALU,900111880426831,M,,,N,,,,,,,0,0,,
LostHorse,1,4/18/18,RALU,900111880426626,M,,,N,,,,,,east pond,0,0,,
LostHorse,1,4/18/18,RALU,900111880426389,M,,,N,,,,,,east pond,0,0,,
LostHorse,1,4/18/18,RALU,900111880426947,M,,,N,,,,,,100 m W of main breeding area,0,0,,
LostHorse,1,4/18/18,RALU,900111880426896,M,,,N,,,,,,100 m W of main breeding area,0,0,,
LostHorse,1,4/18/18,RALU,900111880426840,M,,,N,,,,,,100 m W of main breeding area,0,0,,
LostHorse,1,4/18/18,RALU,900111880426955,M,,,N,,,,,,100 m W of main breeding area,0,0,,
LostHorse,1,4/18/18,RALU,900111880426945,M,,,N,,,,,,100 m W of main breeding area,0,0,,
LostHorse,1,4/18/18,RALU,900111880426567,M,,,N,,,,,,100 m W of main breeding area,0,0,,
LostHorse,1,4/18/18,RALU,900111880426804,M,,,N,,,,,,100 m W of main breeding area,0,0,,
LostHorse,1,4/18/18,RALU,900111880426386,M,,,N,,,,,,100 m W of main breeding area,0,0,,
LostHorse,1,4/18/18,RALU,900111880426824,M,,,N,,,,,,100 m W of main breeding area,0,0,,
LostHorse,1,4/18/18,RALU,900111880426882,M,,,N,,,,,,100 m W of main breeding area,0,0,,
LostHorse,1,4/18/18,RALU,900111880426566,M,,,N,,,,,,100 m W of main breeding area,0,0,,
LostHorse,1,4/18/18,RALU,900111880426829,M,,,N,,,,,,100 m W of main breeding area,0,0,,
LostHorse,1,4/18/18,RALU,900111880426576,M,,,N,,,,,,100 m W of main breeding area,0,0,,
LostHorse,1,4/18/18,RALU,900111880426894,M,,,N,,,,,,100 m W of main breeding area,0,0,,
LostHorse,1,4/18/18,RALU,900111880426574,M,,,N,,,,,,100 m W of main breeding area,0,0,,
LostHorse,1,4/18/18,RALU,900111880426884,M,,,N,,,,,,,0,0,,
LostHorse,1,4/18/18,RALU,900111880426564,M,,,N,,,,,,,0,0,,
LostHorse,1,4/18/18,RALU,900111880426821,M,,,N,,,,,,,0,0,,
LostHorse,1,4/18/18,RALU,900111880426833,M,,,N,,,,,,,0,0,,
LostHorse,1,4/20/18,RALU,900111880426562,M,,,N,,,,,,east pond,0,0,,
LostHorse,1,4/20/18,RALU,900111880426433,M,,,N,,,,,,east pond; shedding skin,0,0,,
LostHorse,1,4/20/18,RALU,900111880426567,M,,,N,,,,,,100 m W of main breeding area,0,0,,
LostHorse,1,4/20/18,RALU,900111880426815,M,,,N,,,,,,100 m W of main breeding area,0,0,,
LostHorse,1,4/20/18,RALU,900111880426829,M,,,N,,,,,,100 m W of main breeding area,0,0,,
LostHorse,1,4/20/18,RALU,900111880426827,M,,,N,,,,,,100 m W of main breeding area,0,0,,
LostHorse,1,4/20/18,RALU,900111880426624,M,,,N,,,,,,,0,0,,
LostHorse,1,4/20/18,RALU,900111880426811,M,,,N,,,,,,,0,0,,
LostHorse,1,4/20/18,RALU,900111880426655,M,,,N,,,,,,,0,0,,
LostHorse,1,4/20/18,RALU,900111880426579,M,,,N,,,,,,,0,0,,
LostHorse,1,4/20/18,RALU,900111880426634,M,,,N,,,,,,,0,0,,
LostHorse,1,4/20/18,RALU,900111880426580,M,,,N,,,,,,,0,0,,
LostHorse,1,4/20/18,RALU,900111880426621,M,,,N,,,,,,,0,0,,
LostHorse,1,4/20/18,RALU,900111880426650,M,,,N,,,,,,,0,0,,
LostHorse,1,4/20/18,RALU,900111880426397,M,,,N,,,,,,,0,0,,
LostHorse,1,4/20/18,RALU,900111880426637,M,,,N,,,,,,,0,0,,
LostHorse,1,4/20/18,RALU,900111880426644,M,,,N,,,,,,"No previous capture, so maybe recorded wrong number, or was new. Corrected above.",0,0,,
LostHorse,1,4/20/18,RALU,900111880426636,M,,,N,,,,,,,0,0,,
LostHorse,1,4/20/18,RALU,900111880426825,M,,,N,,,,,,,0,0,,
LostHorse,1,4/20/18,RALU,900111880426576,M,,,N,,,,,,,0,0,,
LostHorse,1,4/20/18,RALU,900111880426563,M,,,N,,,,,,,0,0,,
LostHorse,1,4/20/18,RALU,900111880426643,M,,,N,,,,,,,0,0,,
LostHorse,1,4/20/18,RALU,900111880426960,M,,,N,,,,,,,0,0,,
LostHorse,1,4/20/18,RALU,900111880426882,M,,,N,,,,,,,0,0,,
LostHorse,1,4/20/18,RALU,900111880426622,M,,,N,,,,,,,0,0,,
LostHorse,1,4/20/18,RALU,900111880426575,M,,,N,,,,,,,0,0,,
LostHorse,1,4/20/18,RALU,900111880426802,M,,,N,,,,,,,0,0,,
LostHorse,1,4/20/18,RALU,900111880426837,M,,,N,,,,,,,0,0,,
LostHorse,1,4/20/18,RALU,900111880426898,M,,,N,,,,,,,0,0,,
LostHorse,1,4/20/18,RALU,900111880426631,M,,,N,,,,,,,0,0,,
LostHorse,1,4/20/18,RALU,900111880426660,M,,,N,,,,,,,0,0,,
LostHorse,1,4/20/18,RALU,900111880426391,M,,,N,,,,,,,0,0,,
LostHorse,1,4/19/19,RALU,900111880426381,M,,,N,,,,,,Part of pair - not captured. Recap from 2018.,0,0,,
LostHorse,1,4/19/19,RALU,900111880426948,M,,,N,,,,,,Part of pair - not captured,0,0,,
LostHorse,1,4/24/20,RALU,900111880425453,,,,N,,,,,,Captured 4/22/20; Sex obstensibly not recorded,0,0,,
LostHorse,1,4/24/20,RALU,900111880425499,,,,N,,,,,,Captured 4/22/20; Sex obstensibly not recorded,0,0,,
LostHorse,1,4/24/20,RALU,900111880425759,,,,N,,,,,,Captured 4/22/20,0,0,,
LostHorse,1,4/24/20,RALU,900111880425459,,,,N,,,,,,Captured 4/22/20,0,0,,
LostHorse,1,4/24/20,RALU,900111880425845,,,,N,,,,,,Captured 4/22/20,0,0,,
LostHorse,1,4/24/20,RALU,900111880425756,,,,N,,,,,,Captured 4/22/20,0,0,,
LostHorse,1,4/24/20,RALU,900111880425451,,,,N,,,,,,Captured 4/22/20,0,0,,
LostHorse,1,4/24/20,RALU,900111880426047,,,,N,,,,,,Captured 4/22/20,0,0,,
LostHorse,1,4/26/20,RALU,900111880425457,,,,N,,,,,,Captured 4/22/20,0,0,,
LostHorse,1,4/26/20,RALU,900111880425860,,,,N,,,,,,Captured 4/24/20,0,0,,
LostHorse,1,4/26/20,RALU,900111880425297,,,,N,,,,,,Captured 4/24/20,0,0,,
LostHorse,1,4/26/20,RALU,900111880425851,,,,N,,,,,,Captured 4/24/20,0,0,,
LostHorse,1,4/26/20,RALU,900111880425458,,,,N,,,,,,Captured 4/24/20,0,0,,
LostHorse,1,4/26/20,RALU,900111880425451,,,,N,,,,,,Captured 4/22/20,0,0,,
LostHorse,1,4/26/20,RALU,900111880425867,,,,N,,,,,,Captured 4/22/20,0,0,,
LostHorse,1,4/26/20,RALU,900111880425756,,,,N,,,,,,Captured 4/22/20,0,0,,
LostHorse,1,4/26/20,RALU,900111880425281,,,,N,,,,,,Captured 4/24/20,0,0,,
LostHorse,1,4/26/20,RALU,900111880425863,,,,N,,,,,,Captured 4/24/20,0,0,,
LostHorse,1,4/28/20,RALU,900111880425858,,,,N,,,,,,Captured 04/26/20,0,0,,
LostHorse,1,4/28/20,RALU,900111880425808,,,,N,,,,,,Captured 04/26/20,0,0,,
LostHorse,1,4/28/20,RALU,900111880425855,,,,N,,,,,,Captured 04/26/20,0,0,,
LostHorse,1,4/28/20,RALU,900111880425856,,,,N,,,,,,Captured 04/26/20,0,0,,
LostHorse,1,4/28/20,RALU,900111880425299,,,,N,,,,,,Captured 04/26/20,0,0,,
LostHorse,1,4/28/20,RALU,900111880425869,,,,N,,,,,,Captured 04/26/20,0,0,,
LostHorse,1,4/28/20,RALU,900111880425284,,,,N,,,,,,Captured 04/26/20,0,0,,
LostHorse,1,4/28/20,RALU,900111880425851,,,,N,,,,,,Captured 04/26/20,0,0,,
LostHorse,1,4/28/20,RALU,900111880426527,,,,N,,,,,,Captured 04/26/20,0,0,,
LostHorse,1,4/28/20,RALU,900111880425458,,,,N,,,,,,Captured 04/24/2020,0,0,,
LostHorse,1,4/28/20,RALU,900111880425296,,,,N,,,,,,Captured 04/24/2020,0,0,,
LostHorse,1,4/28/20,RALU,900111880425297,,,,N,,,,,,Captured 04/24/2020 and 04/26/2020,0,0,,
LostHorse,1,4/29/20,RALU,900111880425841,,,,N,,,,,,Captured 04/26/2020,0,0,,
LostHorse,1,4/29/20,RALU,900111880425858,,,,N,,,,,,Captured 04/26/2020,0,0,,
LostHorse,1,4/29/20,RALU,900111880426530,,,,N,,,,,,Captured 04/22/2020,0,0,,
LostHorse,1,4/29/20,RALU,900111880425869,,,,N,,,,,,Captured 04/26/2020,0,0,,
LostHorse,1,4/29/20,RALU,900111880425857,,,,N,,,,,,Captured 04/26/2020,0,0,,
LostHorse,1,4/29/20,RALU,900111880425751,,,,N,,,,,,Captured 04/24/2020,0,0,,
LostHorse,1,4/29/20,RALU,900111880426538,,,,N,,,,,,Captured 04/24/2020,0,0,,
LostHorse,1,4/29/20,RALU,900111880426438,,,,N,,,,,,Captured 04/28/2020,0,0,,
LostHorse,1,4/29/20,RALU,900111880425862,,,,N,,,,,,Captured 04/28/2020,0,0,,
LostHorse,1,4/29/20,RALU,900111880425803,,,,N,,,,,,Captured 04/26/2020,0,0,,
LostHorse,1,4/29/20,RALU,900111880425453,,,,N,,,,,,Captured 04/22/2020,0,0,,
LostHorse,1,4/29/20,RALU,900111880425835,,,,N,,,,,,Captured 04/28/2020,0,0,,
LostHorse,1,4/29/20,RALU,900111880426519,,,,N,,,,,,Captured 04/24/2020,0,0,,
LostHorse,1,4/29/20,RALU,900111880425850,,,,N,,,,,,Captured 04/26/2020,0,0,,
LostHorse,1,4/29/20,RALU,900111880425282,,,,N,,,,,,Captured 04/28/2020,0,0,,
LostHorse,1,4/29/20,RALU,900111880425863,,,,N,,,,,,Captured 04/26/2020,0,0,,
LostHorse,1,4/29/20,RALU,900111880425851,,,,N,,,,,,Captured 04/26/2020 and 04/28/2020,0,0,,
LostHorse,1,4/29/20,RALU,900111880425742,,,,N,,,,,,Captured 04/24/2020,0,0,,
LostHorse,1,4/29/20,RALU,900111880425874,,,,N,,,,,,Captured 04/28/2020,0,0,,
LostHorse,1,4/29/20,RALU,900111880425756,,,,N,,,,,,Captured 04/22/2020 and 04/26/2020,0,0,,
LostHorse,1,5/1/20,RALU,900111880425843,,,,N,,,,,,Captured 04/29/2020,0,0,,
LostHorse,1,5/1/20,RALU,900111880426334,,,,N,,,,,,Captured 04/28/2020,0,0,,
LostHorse,1,5/1/20,RALU,900111880425744,,,,N,,,,,,Captured 04/29/2020,0,0,,
LostHorse,1,5/1/20,RALU,900111880426047,,,,N,,,,,,Captured 04/22/2020,0,0,,
LostHorse,1,5/1/20,RALU,900111880425810,,,,N,,,,,,Captured 04/28/2020,0,0,,
LostHorse,1,5/1/20,RALU,900111880425286,,,,N,,,,,,Captured 04/29/2020,0,0,,
LostHorse,1,5/1/20,RALU,900111880425816,,,,N,,,,,,Captured 04/28/2020,0,0,,
LostHorse,1,5/1/20,RALU,900111880425452,,,,N,,,,,,Captured 04/24/2020,0,0,,
LostHorse,1,5/1/20,RALU,900111880425742,,,,N,,,,,,Captured 04/22/2020,0,0,,
LostHorse,1,5/1/20,RALU,900111880425865,,,,N,,,,,,Captured 04/29/2020,0,0,,
LostHorse,1,5/1/20,RALU,900111880425837,,,,N,,,,,,Captured 04/26/2020,0,0,,
LostHorse,1,5/1/20,RALU,900111880425281,,,,N,,,,,,Captured 04/24/2020,0,0,,
LostHorse,1,5/1/20,RALU,900111880425871,,,,N,,,,,,Captured 04/28/2020,0,0,,
LostHorse,1,5/1/20,RALU,900111880425282,,,,N,,,,,,Captured 04/28/2020,0,0,,
LostHorse,1,5/1/20,RALU,900111880425284,,,,N,,,,,,Captured 04/24/2020,0,0,,
LostHorse,1,5/1/20,RALU,900111880425861,,,,N,,,,,,Captured 04/28/2020,0,0,,
LostHorse,1,5/1/20,RALU,900111880426330,,,,N,,,,,,Captured 04/26/2020,0,0,,
LostHorse,1,5/1/20,RALU,900111880425828,,,,N,,,,,,Captured 04/29/2020,0,0,,
LostHorse,1,5/1/20,RALU,900111880425866,,,,N,,,,,,Captured 04/28/2020,0,0,,
LostHorse,1,5/1/20,RALU,900111880426321,,,,N,,,,,,Captured 04/26/2020,0,0,,
LostHorse,1,5/1/20,RALU,,F,,,N,,,,,,Female with eggs rupturing from L side of body cavity. Did not handle. Scanned for tag and toe clip. No tag/clips present. Release,0,0,,
LostHorse,1,5/4/20,RALU,900111880425450,,,,N,,,,,,Captured 04/24/2020,0,0,,
LostHorse,1,5/4/20,RALU,900111880425862,,,,N,,,,,,Captured 04/24/2020,0,0,,
LostHorse,1,5/4/20,RALU,900111880425283,,,,N,,,,,,Captured 04/29/2020,0,0,,
LostHorse,1,5/4/20,RALU,900111880425880,,,,N,,,,,,Captured 04/24/2020,0,0,,
LostHorse,1,5/4/20,RALU,900111880425846,,,,N,,,,,,Captured 05/01/2020,0,0,,
LostHorse,1,5/4/20,RALU,900111880425810,,,,N,,,,,,Captured 04/28/2020,0,0,,
LostHorse,1,5/4/20,RALU,900111880425823,,,,N,,,,,,Captured 04/29/2020,0,0,,
LostHorse,1,5/4/20,RALU,900111880426527,,,,N,,,,,,Captured 04/26/2020,0,0,,
LostHorse,1,5/4/20,RALU,900111880425852,,,,N,,,,,,Captured 04/28/2020,0,0,,
LostHorse,1,5/4/20,RALU,900111880425837,,,,N,,,,,,Captured 04/26/2020,0,0,,
LostHorse,1,5/4/20,RALU,900111880425807,,,,N,,,,,,Captured 05/01/2020,0,0,,
LostHorse,1,5/4/20,RALU,900111880425744,,,,N,,,,,,Captured 04/29/2020,0,0,,
LostHorse,1,5/4/20,RALU,900111880425452,,,,N,,,,,,Captured 04/24/2020,0,0,,
LostHorse,1,5/4/20,RALU,900111880425742,,,,N,,,,,,Captured 04/22/2020,0,0,,
LostHorse,1,5/4/20,RALU,900111880425869,,,,N,,,,,,Captured 04/26/2020,0,0,,
LostHorse,1,5/4/20,RALU,900111880425747,,,,N,,,,,,Captured 04/24/4040,0,0,,
LostHorse,1,5/4/20,RALU,900111880425842,,,,N,,,,,,Captured 05/01/2020,0,0,,
LostHorse,1,5/4/20,RALU,900111880426316,,,,N,,,,,,Captured 05/01/2020,0,0,,
LostHorse,1,5/4/20,RALU,900111880425828,,,,N,,,,,,Captured 04/29/2020,0,0,,
LostHorse,1,5/4/20,RALU,900111880425826,,,,N,,,,,,Captured 05/01/2020,0,0,,
LostHorse,1,5/4/20,RALU,900111880426334,,,,N,,,,,,Captured 04/28/2020,0,0,,
LostHorse,1,5/4/20,RALU,900111880425866,,,,N,,,,,,Captured 04/28/2020,0,0,,
LostHorse,1,5/4/20,RALU,900111880425824,,,,N,,,,,,Captured 04/29/2020,0,0,,
LostHorse,1,5/4/20,RALU,900111880425863,,,,N,,,,,,Captured 04/24/2020,0,0,,
LostHorse,1,5/4/20,RALU,900111880425849,,,,N,,,,,,Captured 04/28/2020,0,0,,
LostHorse,1,5/4/20,RALU,900111880425759,,,,N,,,,,,Captured 04/22/2020,0,0,,
LostHorse,1,5/4/20,RALU,900111880426644,,,,N,,,,,,Captured 04/24/2020,0,0,,
LostHorse,1,4/22/21,RALU,900111880426054,M,,61,N,,,,,,"Too windy for scale, captured 4/21/2021, Has LR2",0,0,,
LostHorse,1,4/22/21,RALU,900111880426519,M,,62,N,,,,,,"Too windy for scale, captured 4/21/2021, Has LR2",0,0,,
LostHorse,1,4/22/21,RALU,900111880426026,M,,54,N,,,,,,"Too windy for scale, captured 4/21/2021, Has LR2",0,0,,
LostHorse,1,4/30/21,RALU,900111880425547,F,,64,N,,,,,20ARMI1030,"Gave RR2, ran out of swabs",0,0,,
LostHorse,1,4/30/21,RALU,900111880425584,F,,65,N,,,,,,Has LR2 and RR2,0,0,,
LostHorse,1,4/30/21,RALU,900111880425574,M,,53,N,,,,,,Has RR2,0,0,,
LostHorse,1,4/30/21,RALU,900111880425766,M,,59,N,,,,,,Has RR2,0,0,,
LostHorse,1,4/30/21,RALU,900111880425627,F,,71,N,,,,,,Has RR2,0,0,,
LostHorse,1,4/30/21,RALU,900111880425623,F,,66,N,,,,,,Has RR2,0,0,,
LostHorse,1,4/30/21,RALU,900111880425316,M,,52,N,,,,,,Has RR2,0,0,,
LostHorse,1,4/27/21,RALU,900111880425575,,,,N,,,,,,"On top of female in pond, did not capture",0,1,Didnt capture individual,
LostHorse,1,4/27/21,RALU,900111880425172,,,,N,,,,,,"On top of female in pond, did not capture",0,1,Didnt capture individual,