Site,SubSite,CaptureDate,Species,IndividualID,SVLmm,Sex,Age,MassG,BdSample,SwabLost,SwabID,BdResult,TargetCopies/sawb,HgSampleID,Notes,potential_injury_effect,flagged,reason,dead
SanFrancisquito,1,11/4/20,RADR,836380350,91.0,F,A,98.5,Y,0,1903200094,neg,0,,"CJH20-046 -S2, Abrasion on snout",1,,,
SanFrancisquito,1,8/4/21,RADR,842789539,101.0,F,A,102.0,Y,0,2101900053,pos,853.938153718166,,Deformity on left front foot,1,,,
SanFrancisquito,1,9/4/18,RADR,836524257,80.0,F,A,47.0,Y,0,1701600154,neg,0,,Missing 4 toe (right pinkie). changed lat from 34.545 to put in creek KLB 15Apr2019,0,,,
SanFrancisquito,1,9/4/18,RADR,836512818,81.0,F,A,56.0,Y,0,1701600155,pos,10980.7075380168,,KLB18-018 -S5,0,,,
SanFrancisquito,1,9/4/18,RADR,836517551,86.0,M,A,72.0,Y,0,1701600156,pos,19.1218540511245,,"KLB18-018 -S9, Nubby back right toes",0,,,
SanFrancisquito,1,9/4/18,RADR,836543316,75.0,F,A,37.0,Y,0,1701600157,pos,431.114902465867,,KLB18-018 -S10,0,,,
SanFrancisquito,1,9/4/18,RADR,836523366,81.0,F,A,50.0,Y,0,1701600158,pos,3028.95793911552,,KLB18-018 -S11,0,,,
SanFrancisquito,1,9/4/18,RADR,836525305,102.0,F,A,100.0,Y,0,1701600159,pos,983.972796241166,,KLB18-018 -S12,0,,,
SanFrancisquito,1,9/4/18,RADR,836524302,75.0,F,A,43.0,Y,0,1701600160,pos,3291.53592322388,,KLB18-018 -S13,0,,,
SanFrancisquito,1,9/4/18,RADR,836537016,102.0,F,A,105.0,Y,0,1701600161,pos,9568.62036589378,,KLB18-018 -S14,0,,,
SanFrancisquito,1,9/4/18,RADR,836512803,70.0,F,A,33.0,Y,0,1701600162,pos,43643.5486047485,,"KLB18-018 -S15, Stubby toes right hind foot. 100s foot",0,,,
SanFrancisquito,1,9/4/18,RADR,836515824,65.0,F,A,26.0,Y,0,1701600163,neg,0,,"KLB18-018 -S16, Shorter toes on hind right foot",0,,,
SanFrancisquito,1,9/5/18,RADR,836380350,69.0,F,A,23.5,Y,0,1701600164,pos,55.3234309191316,,ARB18-020 -S20,0,,,
SanFrancisquito,1,9/5/18,RADR,108005302,98.0,F,A,86.5,Y,0,1701600165,pos,5182.01102832703,,ARB18-020 -S21,0,,,
SanFrancisquito,1,9/5/18,RADR,108001881,92.0,M,A,68.5,Y,0,1701600166,pos,14480.5219511966,,ARB18-020 -S23,0,,,
SanFrancisquito,1,9/5/18,RADR,044069046,106.0,F,A,150.0,Y,0,1701600167,pos,10049.7996448074,,ARB18-020 -S24,0,,,
SanFrancisquito,1,9/5/18,RADR,836522382,100.0,M,A,84.5,Y,0,1701600168,pos,94713.119552142,,ARB18-020 -S25,0,,,
SanFrancisquito,1,9/5/18,RADR,044033348,82.0,M,A,68.0,Y,0,1701600169,pos,13508.2089740573,,ARB18-020 -S26,0,,,
SanFrancisquito,1,9/5/18,RADR,836519126,69.0,F,A,43.0,Y,0,1701600170,pos,222752.097100711,,ARB18-020 -S27,0,,,
SanFrancisquito,1,9/5/18,RADR,044062822,77.0,M,A,50.5,Y,0,1701600171,pos,20124.5378148327,,ARB18-020 -S28,0,,,
SanFrancisquito,1,9/5/18,RADR,836525271,98.0,F,A,102.0,Y,0,1701600172,pos,25199.2691516247,,ARB18-020 -S29,0,,,
SanFrancisquito,1,11/5/20,RADR,845534061,90.0,F,A,101.0,Y,0,1903200065,pos,267.019707995224,,CJH20-047 -S39,0,,,
SanFrancisquito,1,11/5/20,RADR,836383585,85.0,F,A,87.0,Y,0,1903200066,pos,1843.10017180107,19ARMI1933,CJH20-047 -S38,0,,,
SanFrancisquito,1,11/5/20,RADR,605520857,79.0,M,A,52.0,Y,0,1903200067,pos,7172.39762982319,,CJH20-047 -S37,0,,,
SanFrancisquito,1,11/5/20,RADR,605531032,60.0,M,A,30.0,Y,0,1903200068,pos,16.7083198705856,18ARMI1118,CJH20-047 -S36,0,,,
SanFrancisquito,1,11/5/20,RADR,605309834,95.0,F,A,100.0,Y,0,1903200069,neg,0,19ARMI1942,CJH20-047 -S35,0,,,
SanFrancisquito,1,11/5/20,RADR,836571085,70.0,M,A,54.0,Y,0,1903200070,neg,0,,CJH20-047 -S34,0,,,
SanFrancisquito,1,11/5/20,RADR,845296549,91.0,F,A,95.0,Y,0,1903200071,pos,73957.4464841314,,CJH20-047 -S31,0,,,
SanFrancisquito,1,11/5/20,RADR,605535515,71.0,M,A,49.0,Y,0,1903200072,neg,0,20ARMI0943,CJH20-047 -S30,0,,,
SanFrancisquito,1,11/5/20,RADR,605529357,89.0,F,A,95.0,Y,0,1903200073,pos,2768.39738651174,20ARMI0927,CJH20-047 -S26,0,,,
SanFrancisquito,1,11/5/20,RADR,605317365,94.0,F,A,100.0,Y,0,1903200074,pos,9172.77414875229,18ARMI1120,CJH20-047 -S25,0,,,
SanFrancisquito,1,11/5/20,RADR,605529068,94.0,F,A,90.0,Y,0,1903200075,neg,0,20ARMI0899,CJH20-047 -S24,0,,,
SanFrancisquito,1,11/5/20,RADR,845535067,90.0,F,A,83.0,Y,0,1903200076,pos,68476.2645700393,,CJH20-047 -S18,0,,,
SanFrancisquito,1,11/5/20,RADR,605310381,102.0,F,A,112.0,Y,0,1903200077,pos,8389.41800838265,19ARMI1886,CJH20-047 -S23,0,,,
SanFrancisquito,1,11/5/20,RADR,845296834,93.0,F,A,90.0,Y,0,1903200078,pos,2475.6734606391,,CJH20-047 -S17,0,,,
SanFrancisquito,1,11/5/20,RADR,845263051,94.0,F,A,102.0,Y,0,1903200079,pos,281.980424708277,,CJH20-047 -S10,0,,,
SanFrancisquito,1,11/5/20,RADR,845263552,97.0,F,A,110.0,Y,0,1903200080,pos,29455.0303975607,,CJH20-047 -S9,0,,,
SanFrancisquito,1,11/4/20,RADR,841559829,74.0,M,A,47.0,Y,0,1903200081,neg,0,,CJH20-046 -S35,0,,,
SanFrancisquito,1,11/4/20,RADR,836530322,76.0,M,A,65.0,Y,0,1903200082,pos,339.634730723253,,CJH20-046 -S32,0,,,
SanFrancisquito,1,11/4/20,RADR,605533315,63.0,F,A,33.0,Y,0,1903200083,pos,4144.08060210516,18ARMI1098,CJH20-046 -S30,0,,,
SanFrancisquito,1,11/4/20,RADR,845296621,92.0,F,A,86.0,Y,0,1903200084,pos,2076.53573927156,,CJH20-046 -S29,0,,,
SanFrancisquito,1,11/4/20,RADR,605525017,79.0,M,A,55.0,Y,0,1903200085,pos,946.486002481579,19ARMI1955,CJH20-046 -S28,0,,,
SanFrancisquito,1,11/4/20,RADR,605535793,72.0,M,A,49.5,Y,0,1903200086,neg,0,18ARMI1109,CJH20-046 -S23,0,,,
SanFrancisquito,1,11/4/20,RADR,845529850,96.0,F,A,105.0,Y,0,1903200087,pos,1752.46345106364,,CJH20-046 -S21,0,,,
SanFrancisquito,1,11/4/20,RADR,605530024,84.0,M,A,51.5,Y,0,1903200088,pos,65912.3977561333,19ARMI1867,CJH20-046 -S17,0,,,
SanFrancisquito,1,11/4/20,RADR,044038116,85.0,M,A,65.5,Y,0,1903200089,pos,4758.88422860759,20ARMI0916,CJH20-046 -S16,0,,,
SanFrancisquito,1,11/4/20,RADR,044035879,87.0,F,A,70.5,Y,0,1903200090,pos,2690.28764798401,,CJH20-046 -S15,0,,,
SanFrancisquito,1,11/4/20,RADR,845263842,80.0,F,A,63.0,Y,0,1903200091,pos,33778.8243385219,,CJH20-046 -S10,0,,,
SanFrancisquito,1,11/4/20,RADR,605525333,84.0,M,A,54.5,Y,0,1903200092,pos,112380.891559379,19ARMI1900,CJH20-046 -S7,0,,,
SanFrancisquito,1,11/4/20,RADR,044063269,101.0,F,A,115.0,Y,0,1903200093,neg,0,,CJH20-046 -S6,0,,,
SanFrancisquito,1,11/3/20,RADR,605521281,99.0,F,A,102.0,Y,0,1903200095,pos,59751.7943949068,19ARMI1854,CJH20-045 -S33,0,,,
SanFrancisquito,1,11/3/20,RADR,845296080,74.0,M,A,47.0,Y,0,1903200096,pos,907.949130965886,,CJH20-045 -S32,0,,,
SanFrancisquito,1,11/3/20,RADR,605523779,72.0,F,A,43.5,Y,0,1903200097,pos,15364.9615860922,19ARMI1875,CJH20-045 -S30,0,,,
SanFrancisquito,1,11/3/20,RADR,836515890,94.0,F,A,105.0,Y,0,1903200098,pos,2409.10394716844,,CJH20-045 -S29,0,,,
SanFrancisquito,1,11/3/20,RADR,605317122,64.0,M,A,33.5,Y,0,1903200099,pos,145.101550426884,19ARMI1892,CJH20-045 -S27,0,,,
SanFrancisquito,1,11/3/20,RADR,053545060,78.0,M,A,67.0,Y,0,1903200100,pos,335.49424483289,,CJH20-045 -S26,0,,,
SanFrancisquito,1,11/3/20,RADR,845296001,92.0,F,A,79.0,Y,0,1903200101,pos,630.99598479296,,CJH20-045 -S25,0,,,
SanFrancisquito,1,11/3/20,RADR,845296532,92.0,F,A,93.0,Y,0,1903200102,pos,20001.492566509,,CJH20-045 -S24,0,,,
SanFrancisquito,1,11/3/20,RADR,845263382,85.0,F,A,69.0,Y,0,1903200103,pos,23539.291694052,,CJH20-045 -S23,0,,,
SanFrancisquito,1,11/3/20,RADR,845263089,79.0,M,A,44.5,Y,0,1903200104,neg,0,18ARMI1089,CJH20-045 -S21,0,,,
SanFrancisquito,1,11/3/20,RADR,845296075,72.0,M,A,44.0,Y,0,1903200105,neg,0,,CJH20-045 -S17,0,,,
SanFrancisquito,1,11/3/20,RADR,845263350,90.0,M,A,98.0,Y,0,1903200106,pos,163034.209221014,,CJH20-045 -S16,0,,,
SanFrancisquito,1,11/3/20,RADR,842802279,86.0,F,A,56.5,Y,0,1903200107,neg,0,,CJH20-045 -S15,0,,,
SanFrancisquito,1,11/3/20,RADR,605518520,78.0,M,A,53.0,Y,0,1903200108,pos,151569.761730045,18ARMI1106,CJH20-045 -S13,0,,,
SanFrancisquito,1,11/3/20,RADR,842802574,99.0,F,A,101.0,Y,0,1903200109,pos,133253.572039567,,CJH20-045 -S12,0,,,
SanFrancisquito,1,11/3/20,RADR,044034288,90.0,F,A,88.5,Y,0,1903200110,pos,21705.8036784393,,CJH20-045 -S7,0,,,
SanFrancisquito,1,11/3/20,RADR,605519068,65.0,M,A,48.5,Y,0,1903200111,pos,158542.234160225,,CJH20-045 -S3,0,,,
SanFrancisquito,1,11/3/20,RADR,845533599,71.0,M,A,61.0,Y,0,1903200112,pos,2983.8874691768,,CJH20-045 -S2,0,,,
SanFrancisquito,1,11/3/20,RADR,845296064,87.0,F,A,100.0,Y,0,1903200113,pos,56813.4263208378,,CJH20-045 -S1,0,,,
SanFrancisquito,1,8/31/20,RADR,845263618,80.0,M,A,52.0,Y,0,1903200169,pos,19.0568129557743,20ARMI0950,CJH20-040 -S1,0,,,
SanFrancisquito,1,8/31/20,RADR,836380350,100.0,F,A,112.0,Y,0,1903200170,pos,10320.4653466638,20ARMI0928,CJH20-040 -S2,0,,,
SanFrancisquito,1,8/31/20,RADR,836545292,100.0,F,A,132.0,Y,0,1903200171,pos,2154.37087716688,,CJH20-040 -S3,0,,,
SanFrancisquito,1,8/31/20,RADR,845263127,,M,A,,Y,0,1903200172,pos,2770.28452559315,20ARMI0930,CJH20-040 -S4,0,,,
SanFrancisquito,1,8/31/20,RADR,845263826,80.0,M,A,60.0,Y,0,1903200173,pos,171349.47028558,,CJH20-040 -S5,0,,,
SanFrancisquito,1,8/31/20,RADR,108005553,110.0,F,A,150.0,Y,0,1903200174,neg,0,,CJH20-040 -S10,0,,,
SanFrancisquito,1,8/31/20,RADR,845263842,85.0,F,A,55.0,Y,0,1903200175,pos,194106.822851268,20ARMI0913,CJH20-040 -S13,0,,,
SanFrancisquito,1,8/31/20,RADR,842802279,90.0,F,A,75.0,Y,0,1903200176,pos,90362.8455403488,,CJH20-040 -S15,0,,,
SanFrancisquito,1,8/31/20,RADR,845262825,75.0,M,A,46.0,Y,0,1903200177,pos,2523.36361353285,,CJH20-040 -S16,0,,,
SanFrancisquito,1,8/31/20,RADR,108014549,90.0,M,A,75.0,Y,0,1903200178,pos,20386.7914574031,,CJH20-040 -S19,0,,,
SanFrancisquito,1,8/31/20,RADR,845263051,100.0,F,A,95.0,Y,0,1903200179,pos,4391.20351318384,20ARMI0937,CJH20-040 -S21,0,,,
SanFrancisquito,1,8/31/20,RADR,836363273,110.0,F,A,125.0,Y,0,1903200180,pos,187349.109302634,20ARMI0917,CJH20-040 -S22,0,,,
SanFrancisquito,1,8/31/20,RADR,845263350,95.0,F,A,85.0,Y,0,1903200181,pos,105479.858230761,20ARMI0901,CJH20-040 -S24,0,,,
SanFrancisquito,1,8/31/20,RADR,836525271,105.0,F,A,100.0,Y,0,1903200182,pos,655540.527552644,,CJH20-040 -S25,0,,,
SanFrancisquito,1,8/31/20,RADR,845527851,78.0,M,A,42.0,Y,0,1903200183,pos,18875.872436603,,CJH20-040 -S26,0,,,
SanFrancisquito,1,8/31/20,RADR,845531050,85.0,F,A,72.0,Y,0,1903200184,pos,204424.367453643,20ARMI0912,CJH20-040 -S28,0,,,
SanFrancisquito,1,8/31/20,RADR,836517518,95.0,F,A,80.0,Y,0,1903200185,pos,47394.6659273169,,CJH20-040 -S29,0,,,
SanFrancisquito,1,8/31/20,RADR,845532866,90.0,F,A,75.0,Y,0,1903200186,pos,94.3909622433774,20ARMI0941,CJH20-040 -S30,0,,,
SanFrancisquito,1,8/31/20,RADR,845296382,75.0,M,A,45.0,Y,0,1903200187,pos,5995.57278734797,,CJH20-040 -S31,0,,,
SanFrancisquito,1,8/31/20,RADR,108005257,101.0,F,A,95.0,Y,0,1903200188,pos,4057.45658821075,,CJH20-040 -S33,0,,,
SanFrancisquito,1,8/31/20,RADR,845263872,80.0,M,A,60.0,Y,0,1903200189,pos,53945.9841103982,,CJH20-040 -S34,0,,,
SanFrancisquito,1,8/31/20,RADR,845263382,91.0,F,A,70.0,Y,0,1903200190,pos,114623.824272877,20ARMI0908,CJH20-040 -S35,0,,,
SanFrancisquito,1,8/31/20,RADR,845531284,86.0,F,A,74.0,Y,0,1903200191,pos,554.744349773687,20ARMI0938,CJH20-040 -S39,0,,,
SanFrancisquito,1,8/31/20,RADR,836515082,100.0,F,A,107.0,Y,0,1903200192,pos,98733.1105346199,20ARMI0911,CJH20-040 -S41,0,,,
SanFrancisquito,1,9/1/20,RADR,842789008,90.0,M,A,78.0,Y,0,1903200193,pos,2132.46192916235,20ARMI0926,CJH20-040 -S43,0,,,
SanFrancisquito,1,9/1/20,RADR,842802357,85.0,F,A,65.0,Y,0,1903200194,pos,4967.63535196932,20ARMI0915,CJH20-040 -S44,0,,,
SanFrancisquito,1,9/1/20,RADR,842805337,83.0,M,A,65.0,Y,0,1903200195,pos,245.718559146172,,CJH20-040 -S45,0,,,
SanFrancisquito,1,9/1/20,RADR,044056598,88.0,M,A,74.0,Y,0,1903200196,neg,0,,CJH20-040 -S46,0,,,
SanFrancisquito,1,9/1/20,RADR,845296621,90.0,F,A,85.0,Y,0,1903200197,pos,9254.3941535272,,CJH20-040 -S52,0,,,
SanFrancisquito,1,9/1/20,RADR,845533548,80.0,M,A,65.0,Y,0,1903200198,pos,68.6163951136656,20ARMI0924,CJH20-040 -S53,0,,,
SanFrancisquito,1,9/1/20,RADR,836534277,90.0,F,A,78.0,Y,0,1903200199,pos,65420.1762227783,,CJH20-040 -S55,0,,,
SanFrancisquito,1,9/1/20,RADR,845296562,88.0,F,A,65.0,Y,0,1903200200,pos,2425.57660222088,,"ARB18-020 -S71, Two swabs associated with ID. No swab for S58.",0,,,
SanFrancisquito,1,9/1/20,RADR,845533599,80.0,M,A,55.0,Y,0,1903200202,pos,2357.13947859782,20ARMI0933,CJH20-041 -S1,0,,,
SanFrancisquito,1,9/1/20,RADR,845263026,80.0,M,A,58.0,Y,0,1903200203,pos,66317.8778633074,,CJH20-041 -S2,0,,,
SanFrancisquito,1,9/1/20,RADR,845263618,74.0,M,A,48.0,Y,0,1903200204,pos,89994.1387706263,20ARMI0909,CJH20-041 -S3,0,,,
SanFrancisquito,1,9/1/20,RADR,836544312,90.0,F,A,100.0,Y,0,1903200205,pos,179966.158104874,,CJH20-041 -S18,0,,,
SanFrancisquito,1,9/1/20,RADR,845531056,65.0,M,A,36.5,Y,0,1903200206,pos,103415.852548333,20ARMI0925,CJH20-041 -S22,0,,,
SanFrancisquito,1,9/1/20,RADR,845528558,68.0,F,A,30.0,Y,0,1903200207,pos,1983.86017182778,20ARMI0898,CJH20-041 -S23,0,,,
SanFrancisquito,1,9/1/20,RADR,845530888,75.0,M,A,48.0,Y,0,1903200208,pos,3055.90982492939,20ARMI0907,CJH20-041 -S25,0,,,
SanFrancisquito,1,9/1/20,RADR,836521368,90.0,M,A,70.0,Y,0,1903200209,pos,6519.76559635945,20ARMI0905,CJH20-041 -S26,0,,,
SanFrancisquito,1,9/1/20,RADR,845535074,84.0,M,A,58.0,Y,0,1903200210,pos,8400.85957005033,20ARMI0904,CJH20-041 -S27,0,,,
SanFrancisquito,1,9/1/20,RADR,845296075,70.0,M,A,45.0,Y,0,1903200211,pos,11353.5494638668,,CJH20-041 -S28,0,,,
SanFrancisquito,1,9/1/20,RADR,845295886,96.0,F,A,101.0,Y,0,1903200212,pos,1464.92466261635,,CJH20-041 -S29,0,,,
SanFrancisquito,1,9/1/20,RADR,845529850,96.0,F,A,92.0,Y,0,1903200213,pos,3095.73302436524,20ARMI0902,CJH20-041 -S32,0,,,
SanFrancisquito,1,9/1/20,RADR,836515890,98.0,F,A,100.0,Y,0,1903200214,neg,0,,CJH20-041 -S33,0,,,
SanFrancisquito,1,9/1/20,RADR,044062540,80.0,M,A,60.0,Y,0,1903200215,pos,5555.00914970628,20ARMI0939,CJH20-041 -S38,0,,,
SanFrancisquito,1,9/1/20,RADR,836523609,95.0,F,A,80.0,Y,0,1903200216,pos,444539.7337573,20ARMI0945,CJH20-041 -S39,0,,,
SanFrancisquito,1,9/1/20,RADR,845528010,90.0,F,A,106.0,Y,0,1903200217,pos,2179.47325450059,20ARMI0942,CJH20-041 -S40,0,,,
SanFrancisquito,1,9/1/20,RADR,845296015,71.0,M,A,40.0,Y,0,1903200218,pos,85860.6125499844,,CJH20-041 -S41,0,,,
SanFrancisquito,1,9/1/20,RADR,845534790,104.0,F,A,107.0,Y,0,1903200219,pos,3844.80380941677,20ARMI0900,CJH20-041 -S43,0,,,
SanFrancisquito,1,9/1/20,RADR,845533273,63.0,F,A,26.0,Y,0,1903200220,pos,6946.32210136366,20ARMI0929,CJH20-041 -S44,0,,,
SanFrancisquito,1,9/1/20,RADR,842796060,73.0,M,A,41.0,Y,0,1903200221,pos,7751.79270720834,,CJH20-041 -S45,0,,,
SanFrancisquito,1,9/1/20,RADR,108001369,110.0,F,A,125.0,Y,0,1903200222,pos,1331.62798683542,20ARMI0923,CJH20-041 -S46,0,,,
SanFrancisquito,1,9/1/20,RADR,845532042,62.0,M,A,28.0,Y,0,1903200223,neg,0,20ARMI0940,CJH20-041 -S47,0,,,
SanFrancisquito,1,9/2/20,RADR,836539371,84.0,M,A,70.0,Y,0,1903200224,neg,0,20ARMI0934,CJH20-041 -S56,0,,,
SanFrancisquito,1,9/2/20,RADR,842806843,80.0,F,A,70.0,Y,0,1903200225,pos,508.407393479335,,CJH20-041 -S57,0,,,
SanFrancisquito,1,9/2/20,RADR,845263537,74.0,M,A,53.0,Y,0,1903200226,pos,48970.535440928,20ARMI0935,CJH20-041 -S58,0,,,
SanFrancisquito,1,9/2/20,RADR,845263267,85.0,M,A,65.0,Y,0,1903200227,pos,64.2275239735675,20ARMI0903,CJH20-041 -S59,0,,,
SanFrancisquito,1,9/2/20,RADR,845263562,85.0,F,A,52.0,Y,0,1903200228,pos,37312.3480385642,,CJH20-042 -S2,0,,,
SanFrancisquito,1,9/2/20,RADR,845263569,100.0,F,A,90.0,Y,0,1903200229,pos,5401.95561154295,20ARMI0919,CJH20-042 -S4,0,,,
SanFrancisquito,1,9/2/20,RADR,845263772,83.0,M,A,60.0,Y,0,1903200230,pos,82871.4264090745,20ARMI0947,CJH20-042 -S10,0,,,
SanFrancisquito,1,9/2/20,RADR,845296123,107.0,F,A,143.0,Y,0,1903200231,pos,2981.85482213077,,CJH20-042 -S17,0,,,
SanFrancisquito,1,9/2/20,RADR,053545060,81.0,M,A,63.0,Y,0,1903200232,pos,318.778599723091,20ARMI0906,CJH20-042 -S18,0,,,
SanFrancisquito,1,9/2/20,RADR,044020771,82.0,F,A,65.0,Y,0,1903200233,neg,0,,CJH20-042 -S19,0,,,
SanFrancisquito,1,9/2/20,RADR,845535067,85.0,F,A,80.0,Y,0,1903200234,pos,303102.269503917,20ARMI0914,CJH20-042 -S20,0,,,
SanFrancisquito,1,9/2/20,RADR,845296532,100.0,F,A,95.0,Y,0,1903200235,pos,1570.36908257824,,CJH20-042 -S21,0,,,
SanFrancisquito,1,9/2/20,RADR,845296834,93.0,F,A,85.0,Y,0,1903200236,neg,0,,CJH20-042 -S22,0,,,
SanFrancisquito,1,9/2/20,RADR,845263379,70.0,M,A,52.0,Y,0,1903200237,pos,38448.0380941676,20ARMI0921,CJH20-042 -S28,0,,,
SanFrancisquito,1,9/2/20,RADR,836522368,100.0,F,A,110.0,Y,0,1903200238,pos,24672.5270221374,,CJH20-042 -S31,0,,,
SanFrancisquito,1,9/2/20,RADR,845296087,86.0,F,A,75.0,Y,0,1903200239,pos,1257.54486530279,,CJH20-042 -S38,0,,,
SanFrancisquito,1,9/2/20,RADR,845263038,85.0,M,A,60.0,Y,0,1903200240,neg,0,,CJH20-042 -S42,0,,,
SanFrancisquito,1,9/2/20,RADR,836533558,75.0,M,A,60.0,Y,0,1903200241,neg,0,,CJH20-042 -S43,0,,,
SanFrancisquito,1,9/2/20,RADR,845263322,80.0,M,A,54.0,Y,0,1903200242,neg,0,20ARMI0896,CJH20-042 -S44,0,,,
SanFrancisquito,1,9/2/20,RADR,044054034,85.0,M,A,53.0,Y,0,1903200243,pos,32.2273271186682,20ARMI0918,CJH20-042 -S45,0,,,
SanFrancisquito,1,9/2/20,RADR,044057262,83.0,M,A,53.5,Y,0,1903200244,pos,576.32284906981,,CJH20-042 -S46,0,,,
SanFrancisquito,1,9/2/20,RADR,845527868,95.0,F,A,85.0,Y,0,1903200245,pos,442.725881966038,20ARMI0944,CJH20-042 -S47,0,,,
SanFrancisquito,1,7/8/19,RADR,044063269,93.0,F,A,86.0,Y,0,1904200163,pos,250.281350518281,19ARMI1888,LG19-022 -S1,0,,,
SanFrancisquito,1,7/8/19,RADR,836380350,,F,A,86.0,Y,0,1904200164,neg,0,19ARMI1871,LG19-022 -S2,0,,,
SanFrancisquito,1,7/8/19,RADR,044051331,90.0,M,A,87.0,Y,0,1904200165,neg,0,19ARMI1856,LG19-022 -S3,0,,,
SanFrancisquito,1,7/8/19,RADR,044034288,90.0,F,A,90.0,Y,0,1904200166,pos,14323.4978621233,19ARMI1890,LG19-022 -S6,0,,,
SanFrancisquito,1,7/8/19,RADR,108014549,86.0,M,A,69.0,Y,0,1904200167,neg,0,19ARMI1894,LG19-022 -S8,0,,,
SanFrancisquito,1,7/8/19,RADR,108005785,,M,A,,Y,0,1904200168,pos,1843.10017180107,19ARMI1874,LG19-022 -S9,0,,,
SanFrancisquito,1,7/8/19,RADR,836525271,104.0,F,A,105.0,Y,0,1904200169,pos,229219.475440004,19ARMI1901,LG19-022 -S12,0,,,
SanFrancisquito,1,7/8/19,RADR,836539070,100.0,F,A,125.0,Y,0,1904200170,pos,31986.659430793,19ARMI1869,LG19-022 -S13,0,,,
SanFrancisquito,1,7/9/19,RADR,044032073,77.0,M,A,63.0,Y,0,1904200171,pos,302.895793911552,19ARMI1862,LG19-022 -S14,0,,,
SanFrancisquito,1,7/9/19,RADR,044027808,89.0,F,A,102.0,Y,0,1904200172,pos,228.751356273295,19ARMI1907,LG19-022 -S15,0,,,
SanFrancisquito,1,7/9/19,RADR,044050895,78.0,M,A,67.0,Y,0,1904200173,pos,43.8522290782168,19ARMI1881,LG19-022 -S21,0,,,
SanFrancisquito,1,7/9/19,RADR,836516520,79.0,F,A,64.0,Y,0,1904200174,pos,25147.8064176912,19ARMI1873,LG19-022 -S22,0,,,
SanFrancisquito,1,7/9/19,RADR,044032618,106.0,F,A,140.0,Y,0,1904200175,neg,0,19ARMI1959,LG19-022 -S23,0,,,
SanFrancisquito,1,7/9/19,RADR,108005257,100.0,F,A,112.0,Y,0,1904200176,neg,0,19ARMI1857,LG19-022 -S24,0,,,
SanFrancisquito,1,7/9/19,RADR,044035879,84.0,F,A,77.0,Y,0,1904200177,neg,0,19ARMI1891,LG19-022 -S28,0,,,
SanFrancisquito,1,7/9/19,RADR,044020771,80.0,F,A,70.0,Y,0,1904200178,pos,975.294555073216,19ARMI1899,LG19-022 -S29,0,,,
SanFrancisquito,1,7/9/19,RADR,845263891,82.0,F,A,102.0,Y,0,1904200179,neg,0,19ARMI1889,LG19-022 -S32,0,,,
SanFrancisquito,1,7/9/19,RADR,845263827,75.0,M,A,41.0,Y,0,1904200180,pos,40.5745658821074,19ARMI1905,LG19-022 -S36,0,,,
SanFrancisquito,1,7/9/19,RADR,845263589,85.0,F,A,51.0,Y,0,1904200181,neg,0,19ARMI1882,LG19-022 -S37,0,,,
SanFrancisquito,1,7/9/19,RADR,842802574,99.0,F,A,120.0,Y,0,1904200182,neg,0,19ARMI1883,LG19-022 -S38,0,,,
SanFrancisquito,1,7/9/19,RADR,845263303,81.0,M,A,52.0,Y,0,1904200183,neg,0,19ARMI1898,LG19-022 -S39,0,,,
SanFrancisquito,1,7/9/19,RADR,836533558,83.0,M,A,70.0,Y,0,1904200184,neg,0,19ARMI1879,LG19-022 -S40,0,,,
SanFrancisquito,1,7/9/19,RADR,845263859,72.0,M,A,42.0,Y,0,1904200185,pos,11691.1522133612,19ARMI1884,LG19-022 -S41,0,,,
SanFrancisquito,1,7/9/19,RADR,845263038,77.0,M,A,55.0,Y,0,1904200186,pos,4534.11995735815,19ARMI1902,LG19-022 -S42,0,,,
SanFrancisquito,1,7/9/19,RADR,845263795,91.0,F,A,88.0,Y,0,1904200187,pos,101946.485874094,19ARMI1855,LG19-022 -S43,0,,,
SanFrancisquito,1,7/9/19,RADR,845263820,72.0,M,A,44.0,Y,0,1904200188,pos,172521.10122361,19ARMI1865,LG19-022 -S44,0,,,
SanFrancisquito,1,7/9/19,RADR,836530588,85.0,F,A,65.0,Y,0,1904200189,pos,52388.1981687321,19ARMI1903,LG19-022 -S45,0,,,
SanFrancisquito,1,7/9/19,RADR,836530365,74.0,F,A,53.0,Y,0,1904200190,neg,0,19ARMI1868,LG19-022 -S30,0,,,
SanFrancisquito,1,7/9/19,RADR,044038343,85.0,M,A,69.0,Y,0,1904200191,neg,0,19ARMI1930,LG19-024 -S1,0,,,
SanFrancisquito,1,7/9/19,RADR,845263562,75.0,F,A,44.0,Y,0,1904200192,neg,0,19ARMI1922,LG19-024 -S3,0,,,
SanFrancisquito,1,7/9/19,RADR,845263611,85.0,F,A,66.0,Y,0,1904200193,neg,0,19ARMI1943,LG19-024 -S5,0,,,
SanFrancisquito,1,7/9/19,RADR,845263552,93.0,F,A,91.0,Y,0,1904200194,pos,9673.51819958676,19ARMI1956,LG19-024 -S9,0,,,
SanFrancisquito,1,7/9/19,RADR,845263026,82.0,M,A,64.0,Y,0,1904200195,neg,0,19ARMI1931,LG19-024 -S14,0,,,
SanFrancisquito,1,7/9/19,RADR,836544313,93.0,F,A,93.0,Y,0,1904200196,pos,2814.04555484299,19ARMI1931,LG19-024 -S16,0,,,
SanFrancisquito,1,7/9/19,RADR,845262825,73.0,M,A,39.0,Y,0,1904200197,neg,0,19ARMI1913,LG19-024 -S19,0,,,
SanFrancisquito,1,7/9/19,RADR,845263375,72.0,F,A,37.0,Y,0,1904200198,neg,0,19ARMI1957,LG19-024 -S24,0,,,
SanFrancisquito,1,7/9/19,RADR,845263089,77.0,M,A,47.0,Y,0,1904200199,neg,0,19ARMI1925,LG19-024 -S25,0,,,
SanFrancisquito,1,7/9/19,RADR,836571085,76.0,M,A,48.0,Y,0,1904200200,neg,0,19ARMI1912,LG19-024 -S26,0,,,
SanFrancisquito,1,7/9/19,RADR,836543595,80.0,M,A,55.0,Y,0,1904200201,neg,0,,LG19-024 -S29,0,,,
SanFrancisquito,1,7/9/19,RADR,842795814,82.0,F,A,75.0,Y,0,1904200202,pos,111.6176867777,19ARMI1921,LG19-024 -S30,0,,,
SanFrancisquito,1,7/9/19,RADR,842807344,97.0,F,A,130.0,Y,0,1904200203,pos,43882.1219164716,19ARMI1962,LG19-024 -S31,0,,,
SanFrancisquito,1,7/10/19,RADR,044034821,88.0,M,A,75.0,Y,0,1904200204,neg,0,19ARMI1951,LG19-024 -S36,0,,,
SanFrancisquito,1,7/10/19,RADR,842789008,80.0,M,A,81.0,Y,0,1904200205,pos,2672.01727863079,19ARMI1944,LG19-024 -S37,0,,,
SanFrancisquito,1,7/10/19,RADR,842796060,70.0,M,A,33.0,Y,0,1904200206,pos,23539.291694052,19ARMI1917,LG19-024 -S39,0,,,
SanFrancisquito,1,7/10/19,RADR,842802314,90.0,F,A,69.0,Y,0,1904200207,neg,0,19ARMI1960,LG19-024 -S40,0,,,
SanFrancisquito,1,7/10/19,RADR,842805337,75.0,M,A,57.0,Y,0,1904200208,pos,41.4408060210515,19ARMI1909,LG19-024 -S41,0,,,
SanFrancisquito,1,7/10/19,RADR,044057262,84.0,M,A,70.0,Y,0,1904200209,neg,0,19ARMI1940,LG19-024 -S42,0,,,
SanFrancisquito,1,7/10/19,RADR,836530322,85.0,M,A,79.0,Y,0,1904200210,neg,0,19ARMI1915,LG19-024 -S48,0,,,
SanFrancisquito,1,7/10/19,RADR,842789539,97.0,F,A,105.0,Y,0,1904200211,neg,0,19ARMI1910,LG19-024 -S49,0,,,
SanFrancisquito,1,7/10/19,RADR,842799624,70.0,M,A,46.0,Y,0,1904200212,neg,0,19ARMI1938,LG19-024 -S50,0,,,
SanFrancisquito,1,7/10/19,RADR,842806843,84.0,F,A,66.0,Y,0,1904200213,neg,0,19ARMI1948,LG19-024 -S51,0,,,
SanFrancisquito,1,7/10/19,RADR,842795625,80.0,F,A,65.0,Y,0,1904200214,neg,0,19ARMI1924,LG19-024 -S53,0,,,
SanFrancisquito,1,7/10/19,RADR,842801302,73.0,M,A,40.0,Y,0,1904200215,pos,509.795080005235,19ARMI1920,LG19-025 -S6,0,,,
SanFrancisquito,1,7/10/19,RADR,836545292,106.0,F,A,155.0,Y,0,1904200216,neg,0,19ARMI1929,LG19-025 -S8,0,,,
SanFrancisquito,1,7/10/19,RADR,842800513,80.0,F,A,82.0,Y,0,1904200217,pos,2559.73314965683,19ARMI1923,LG19-025 -S13,0,,,
SanFrancisquito,1,7/10/19,RADR,842802279,80.0,F,A,56.0,Y,0,1904200218,pos,10780.5221166485,19ARMI1947,LG19-025 -S14,0,,,
SanFrancisquito,1,7/10/19,RADR,836538638,87.0,F,A,67.0,Y,0,1904200219,neg,0,19ARMI1928,LG19-025 -S18,0,,,
SanFrancisquito,1,7/10/19,RADR,842798812,73.0,M,A,46.0,Y,0,1904200220,neg,0,19ARMI1961,LG19-025 -S19,0,,,
SanFrancisquito,1,7/10/19,RADR,842798127,76.0,M,A,42.0,Y,0,1904200221,neg,0,19ARMI1963,LG19-025 -S21,0,,,
SanFrancisquito,1,7/10/19,RADR,842802357,78.0,F,A,50.0,Y,0,1904200222,pos,856.268958669203,19ARMI1935,LG19-025 -S25,0,,,
SanFrancisquito,1,7/10/19,RADR,841562309,85.0,M,A,66.0,Y,0,1904200223,neg,0,19ARMI1916,LG19-025 -S27,0,,,
SanFrancisquito,1,7/11/19,RADR,842799272,77.0,M,A,56.0,Y,0,1904200224,pos,563.891542146666,19ARMI1958,LG19-025 -S36,0,,,
SanFrancisquito,1,9/17/19,RADR,845296064,92.0,F,A,78.0,Y,0,1904200225,pos,2371.64013706184,18ARMI1058,ARB19-038 -S1,0,,,
SanFrancisquito,1,9/17/19,RADR,044063269,92.0,F,A,98.0,Y,0,1904200226,neg,0,,ARB19-038 -S2,0,,,
SanFrancisquito,1,9/17/19,RADR,845263562,75.0,F,A,44.5,Y,0,1904200227,pos,665442.214511643,,ARB19-038 -S3,0,,,
SanFrancisquito,1,9/17/19,RADR,842799610,69.0,M,A,46.5,Y,0,1904200228,pos,10015.6162452688,18ARMI1043,ARB19-038 -S10,0,,,
SanFrancisquito,1,9/17/19,RADR,845263552,88.0,F,A,101.0,Y,0,1904200229,neg,0,,ARB19-038 -S14,0,,,
SanFrancisquito,1,9/17/19,RADR,108008536,87.0,M,A,73.0,Y,0,1904200230,pos,292549.944329764,18ARMI1079,ARB19-038 -S15,0,,,
SanFrancisquito,1,9/17/19,RADR,836525271,96.0,F,A,122.0,Y,0,1904200231,pos,44910.6942099754,,ARB19-038 -S16,0,,,
SanFrancisquito,1,9/17/19,RADR,845263026,81.0,M,A,69.0,Y,0,1904200232,pos,71821.7940845251,,ARB19-038 -S17,0,,,
SanFrancisquito,1,9/17/19,RADR,845296512,60.0,M,A,35.0,Y,0,1904200233,neg,0,19ARMI1936,ARB19-038 -S21,0,,,
SanFrancisquito,1,9/17/19,RADR,845296031,81.0,F,A,60.0,Y,0,1904200234,neg,0,18ARMI1068,ARB19-038 -S22,0,,,
SanFrancisquito,1,9/17/19,RADR,044032618,98.0,F,A,137.0,Y,0,1904200235,pos,9927.28257023825,,ARB19-038 -S23,0,,,
SanFrancisquito,1,9/17/19,RADR,845296026,75.0,M,A,42.0,Y,0,1904200236,pos,23220.6557326571,18ARMI1069,ARB19-038 -S24,0,,,
SanFrancisquito,1,9/17/19,RADR,044050287,102.0,F,A,120.0,Y,0,1904200237,pos,4947.36595061491,19ARMI1870,ARB19-038 -S25,0,,,
SanFrancisquito,1,9/17/19,RADR,845295886,101.0,F,A,116.0,Y,0,1904200238,pos,7280.73393107542,18ARMI1047,ARB19-038 -S26,0,,,
SanFrancisquito,1,9/17/19,RADR,845296527,72.0,M,A,41.0,Y,0,1904200239,pos,3341.25330446306,19ARMI1887,ARB19-038 -S27,0,,,
SanFrancisquito,1,9/17/19,RADR,845296047,62.0,M,A,29.0,Y,0,1904200240,pos,669.535884134416,18ARMI1072,ARB19-038 -S28,0,,,
SanFrancisquito,1,9/17/19,RADR,845296075,77.0,M,A,49.0,Y,0,1904200241,pos,207.229497317591,18ARMI1075,ARB19-038 -S29,0,,,
SanFrancisquito,1,9/17/19,RADR,845296321,72.0,M,A,48.0,Y,0,1904200242,pos,2113.65447943057,19ARMI1872,ARB19-038 -S30,0,,,
SanFrancisquito,1,9/17/19,RADR,836529120,78.0,F,A,76.0,Y,0,1904200243,pos,12843.9261623162,18ARMI1057,ARB19-038 -S31,0,,,
SanFrancisquito,1,9/17/19,RADR,836383541,79.0,M,A,63.0,Y,0,1904200244,pos,2418.97406700535,18ARMI1078,ARB19-038 -S32,0,,,
SanFrancisquito,1,9/17/19,RADR,044035879,80.0,F,A,72.0,Y,0,1904200245,pos,1436.25935268244,,ARB19-038 -S33,0,,,
SanFrancisquito,1,9/17/19,RADR,845296294,72.0,M,A,45.0,Y,0,1904200246,pos,1578.95335596195,18ARMI1054,ARB19-038 -S34,0,,,
SanFrancisquito,1,9/17/19,RADR,845296113,67.0,M,A,46.0,Y,0,1904200247,pos,644.906646982312,18ARMI1070,ARB19-038 -S35,0,,,
SanFrancisquito,1,9/17/19,RADR,842795814,85.0,F,A,74.0,Y,0,1904200248,pos,191.871171323909,,ARB19-038 -S37,0,,,
SanFrancisquito,1,9/17/19,RADR,845296621,86.0,F,A,99.0,Y,0,1904200249,neg,0,18ARMI1045,ARB19-038 -S41,0,,,
SanFrancisquito,1,9/18/19,RADR,836530588,82.0,F,A,73.0,Y,0,1904200250,pos,476.212822690619,,ARB19-038 -S42,0,,,
SanFrancisquito,1,9/18/19,RADR,845296598,89.0,F,A,88.0,Y,0,1904200251,pos,429.648507763596,18ARMI1046,ARB19-038 -S44,0,,,
SanFrancisquito,1,9/18/19,RADR,044056598,83.0,M,A,76.0,Y,0,1904200252,neg,0,18ARMI1052,ARB19-038 -S45,0,,,
SanFrancisquito,1,9/18/19,RADR,842799050,80.0,F,A,82.0,Y,0,1904200253,pos,73.0558314961626,18ARMI1066,ARB19-038 -S46,0,,,
SanFrancisquito,1,9/18/19,RADR,836515103,90.0,F,A,99.0,Y,0,1904200254,pos,29.981548481996,18ARMI1065,ARB19-038 -S47,0,,,
SanFrancisquito,1,9/18/19,RADR,845295884,98.0,F,A,106.0,Y,0,1904200255,pos,218.840257539127,18ARMI1063,ARB19-038 -S48,0,,,
SanFrancisquito,1,9/18/19,RADR,842795374,74.0,M,A,65.0,Y,0,1904200256,neg,0,18ARMI1056,ARB19-038 -S49,0,,,
SanFrancisquito,1,9/18/19,RADR,842802279,85.0,F,A,71.0,Y,0,1904200257,neg,0,,ARB19-040 -S5,0,,,
SanFrancisquito,1,9/18/19,RADR,836525009,87.0,F,A,91.0,Y,0,1904200258,neg,0,18ARMI1061,ARB19-040 -S6,0,,,
SanFrancisquito,1,9/18/19,RADR,108005553,106.0,F,A,158.0,Y,0,1904200259,neg,0,18ARMI1077,ARB19-040 -S7,0,,,
SanFrancisquito,1,9/18/19,RADR,845296815,85.0,M,A,74.0,Y,0,1904200260,neg,0,19ARMI1927,ARB19-040 -S8,0,,,
SanFrancisquito,1,9/18/19,RADR,845296054,77.0,M,A,49.0,Y,0,1904200261,pos,22812.8684169676,18ARMI1041,ARB19-040 -S13,0,,,
SanFrancisquito,1,9/18/19,RADR,835517518,84.0,F,A,88.0,Y,0,1904200262,pos,12447.5621996819,18ARMI1053,ARB19-040 -S15,0,,,
SanFrancisquito,1,9/18/19,RADR,842798127,72.0,M,A,45.0,Y,0,1904200263,pos,6106.90563855797,,ARB19-040 -S16,0,,,
SanFrancisquito,1,9/18/19,RADR,836517591,88.0,F,A,67.0,Y,0,1904200264,pos,166.855639525074,18ARMI1048,ARB19-040 -S17,0,,,
SanFrancisquito,1,9/18/19,RADR,836383541,79.0,M,A,63.0,Y,0,1904200265,pos,1931.8312285819,,ARB19-040 -S18,0,,,
SanFrancisquito,1,9/18/19,RADR,836571085,69.0,M,A,50.0,Y,0,1904200266,neg,0,,ARB19-040 -S19,0,,,
SanFrancisquito,1,9/18/19,RADR,845296001,87.0,F,A,65.0,Y,0,1904200267,pos,26.8845500338963,18ARMI1073,ARB19-040 -S24,0,,,
SanFrancisquito,1,9/18/19,RADR,845296532,92.0,F,A,103.0,Y,0,1904200268,pos,2262.70819075523,18ARMI1059,ARB19-040 -S25,0,,,
SanFrancisquito,1,9/18/19,RADR,845296834,82.0,F,A,75.0,Y,0,1904200269,pos,183.683104885443,19ARMI1858,ARB19-040 -S26,0,,,
SanFrancisquito,1,9/18/19,RADR,845296085,86.0,F,A,80.0,Y,0,1904200270,pos,3545.3299850311,18ARMI1071,ARB19-040 -S27,0,,,
SanFrancisquito,1,9/18/19,RADR,836380853,73.0,M,A,46.0,Y,0,1904200271,neg,0,18ARMI1055,ARB19-040 -S33,0,,,
SanFrancisquito,1,9/18/19,RADR,845296024,77.0,F,A,53.0,Y,0,1904200272,pos,43.5544183876678,19ARMI1861,ARB19-040 -S35,0,,,
SanFrancisquito,1,9/18/19,RADR,845296069,80.0,F,A,69.0,Y,0,1904200273,pos,2695.79308074952,18ARMI1044,ARB19-040 -S36,0,,,
SanFrancisquito,1,9/18/19,RADR,845295888,87.0,M,A,77.0,Y,0,1904200274,neg,0,19ARMI1906,ARB19-040 -S38,0,,,
SanFrancisquito,1,9/18/19,RADR,845296548,72.0,M,A,65.0,Y,0,1904200275,neg,0,18ARMI1064,ARB19-040 -S39,0,,,
SanFrancisquito,1,9/18/19,RADR,845296549,89.0,F,A,72.0,Y,0,1904200276,neg,0,18ARMI1067,ARB19-040 -S40,0,,,
SanFrancisquito,1,9/18/19,RADR,845296347,73.0,M,A,47.0,Y,0,1904200277,neg,0,18ARMI1076,ARB19-040 -S41,0,,,
SanFrancisquito,1,9/18/19,RADR,836534277,76.0,F,A,82.0,Y,0,1904200278,neg,0,18ARMI1062,ARB19-040 -S42,0,,,
SanFrancisquito,1,9/18/19,RADR,845296286,76.0,M,A,52.0,Y,0,1904200279,pos,213.682582154568,18ARMI1080,ARB19-040 -S43,0,,,
SanFrancisquito,1,9/18/19,RADR,842789539,90.0,F,A,108.0,Y,0,1904200280,neg,0,,ARB19-040 -S45,0,,,
SanFrancisquito,1,9/18/19,RADR,845263795,85.0,F,A,85.0,Y,0,1904200281,pos,10839.4528165045,,ARB19-040 -S46,0,,,
SanFrancisquito,1,9/19/19,RADR,842806843,78.0,F,A,67.0,Y,0,1904200282,neg,0,,ARB19-040 -S47,0,,,
SanFrancisquito,1,9/19/19,RADR,845296123,100.0,F,A,157.0,Y,0,1904200283,neg,0,18ARMI1060,ARB19-040 -S49,0,,,
SanFrancisquito,1,9/19/19,RADR,845263303,77.0,M,A,53.0,Y,0,1904200284,neg,0,,ARB19-040 -S50,0,,,
SanFrancisquito,1,9/19/19,RADR,842795625,80.0,F,A,63.0,Y,0,1904200285,pos,14.9009490323679,,ARB19-040 -S52,0,,,
SanFrancisquito,1,9/19/19,RADR,836534551,85.0,F,A,85.0,Y,0,1904200286,neg,0,18ARMI1908,ARB19-040 -S53,0,,,
SanFrancisquito,1,9/19/19,RADR,845263038,75.0,M,A,56.0,Y,0,1904200287,pos,37.6700171025121,,ARB19-040 -S54,0,,,
SanFrancisquito,1,9/19/19,RADR,842801345,79.0,F,A,71.0,Y,0,1904200288,neg,0,18ARMI1042,ARB19-040 -S55,0,,,
SanFrancisquito,1,9/19/19,RADR,845295853,91.0,F,A,100.0,Y,0,1904200289,pos,61152.3428988903,18ARMI1049,ARB19-040 -S56,0,,,
SanFrancisquito,1,9/19/19,RADR,845296576,68.0,M,A,40.0,Y,0,1904200290,pos,973.302778093794,18ARMI1074,ARB19-040 -S57,0,,,
SanFrancisquito,1,9/19/19,RADR,836380350,88.0,F,A,91.0,Y,0,1904200291,neg,0,,ARB19-041 -S1,0,,,
SanFrancisquito,1,9/19/19,RADR,845295872,91.0,F,A,109.0,Y,0,1904200292,pos,104407.177220265,19ARMI1939,ARB19-041 -S4,0,,,
SanFrancisquito,1,9/19/19,RADR,044034288,89.0,F,A,94.0,Y,0,1904200293,pos,8214.05340235763,,ARB19-041 -S5,0,,,
SanFrancisquito,1,9/19/19,RADR,842801302,75.0,M,A,50.0,Y,0,1904200294,neg,0,,ARB19-041 -S7,0,,,
SanFrancisquito,1,9/19/19,RADR,842800118,79.0,F,A,48.0,Y,0,1904200295,pos,3026.89458971944,18ARMI1103,ARB19-041 -S9,0,,,
SanFrancisquito,1,9/19/19,RADR,044050895,82.0,M,A,63.0,Y,0,1904200296,neg,0,,ARB19-041 -S10,0,,,
SanFrancisquito,1,9/19/19,RADR,841559829,75.0,M,A,42.0,Y,0,1904200297,pos,1071.46079558809,18ARMI1093,ARB19-041 -S11,0,,,
SanFrancisquito,1,9/19/19,RADR,845296382,74.0,M,A,40.0,Y,0,1904200298,neg,0,19ARMI1950,ARB19-041 -S12,0,,,
SanFrancisquito,1,9/19/19,RADR,836542864,88.0,M,A,82.0,Y,0,1904200299,pos,42.1528392645851,18ARMI1115,ARB19-041 -S19,0,,,
SanFrancisquito,1,9/19/19,RADR,842802314,81.0,F,A,81.0,Y,0,1904200300,pos,46309.2041884093,,ARB19-041 -S21,0,,,
SanFrancisquito,1,9/19/19,RADR,845296080,73.0,M,A,47.0,Y,0,1904200301,pos,728.569700379379,18ARMI1051,ARB19-041 -S22,0,,,
SanFrancisquito,1,9/19/19,RADR,836383513,80.0,M,A,70.0,Y,0,1904200302,pos,2812.12860541257,,ARB19-041 -S23,0,,,
SanFrancisquito,1,9/19/19,RADR,845296015,70.0,F,A,37.0,Y,0,1904200303,neg,0,18ARMI1092,ARB19-041 -S24,0,,,
SanFrancisquito,1,9/19/19,RADR,845296562,74.0,F,A,69.0,Y,0,1904200304,pos,887.75947106247,18ARMI1108,ARB19-041 -S29,0,,,
SanFrancisquito,1,9/19/19,RADR,845263859,73.0,M,A,44.0,Y,0,1904200305,pos,5253.11905753086,,ARB19-041 -S30,0,,,
SanFrancisquito,1,9/19/19,RADR,845296784,89.0,F,A,82.0,Y,0,1904200306,neg,0,18ARMI1112,ARB19-041 -S32,0,,,
SanFrancisquito,1,9/19/19,RADR,845296361,42.0,F,J,7.8,Y,0,1904200307,neg,0,19ARMI1878,ARB19-041 -S35,0,,,
SanFrancisquito,1,9/19/19,RADR,836541098,71.0,M,A,53.3,Y,0,1904200308,pos,2158.77960425043,19ARMI1897,ARB19-041 -S36,0,,,
SanFrancisquito,1,8/3/21,RADR,836380350,93.0,F,A,75.0,Y,0,2101900001,pos,52138.8974096191,,CJH21-022 -S2,0,,,
SanFrancisquito,1,8/3/21,RADR,845263127,81.0,M,A,53.0,Y,0,2101900002,pos,8372.28487709127,,CJH21-022 -S3,0,,,
SanFrancisquito,1,8/3/21,RADR,845530361,98.0,F,A,86.0,Y,0,2101900003,pos,14931.4424902335,19ARMI1946,CJH21-022 -S4,0,,,
SanFrancisquito,1,8/3/21,RADR,845529036,101.0,F,A,112.0,Y,0,2101900004,pos,176444.621584028,19ARMI1880,CJH21-022 -S6,0,,,
SanFrancisquito,1,8/3/21,RADR,845263026,75.0,M,A,46.0,Y,0,2101900005,pos,3278105.49647692,,CJH21-022 -S9,0,,,
SanFrancisquito,1,8/3/21,RADR,842802574,90.0,F,A,70.0,Y,0,2101900006,pos,45932.065056113,,CJH21-022 -S10,0,,,
SanFrancisquito,1,8/3/21,RADR,836525271,95.0,F,A,72.0,Y,0,2101900007,pos,6479902.51059831,,CJH21-022 -S12,0,,,
SanFrancisquito,1,8/3/21,RADR,845531026,97.0,F,A,78.0,Y,0,2101900008,pos,108764.479785926,19ARMI1914,CJH21-022 -S13,0,,,
SanFrancisquito,1,8/3/21,RADR,845530362,80.0,M,A,52.0,Y,0,2101900010,pos,1112.38030255426,19ARMI1896,CJH21-022 -S15,0,,,
SanFrancisquito,1,8/3/21,RADR,845527789,75.0,M,A,48.0,Y,0,2101900011,pos,4331.76266970861,21ARMI0673,CJH21-022 -S16,0,,,
SanFrancisquito,1,8/3/21,RADR,842799610,66.0,M,A,33.0,Y,0,2101900012,pos,2955.55607142027,,CJH21-022 -S17,0,,,
SanFrancisquito,1,8/3/21,RADR,836545625,81.0,M,A,57.0,Y,0,2101900013,pos,3280.34008932313,,CJH21-022 -S18,0,,,
SanFrancisquito,1,8/3/21,RADR,845296815,82.0,M,A,57.0,Y,0,2101900014,pos,4118.74290583353,,CJH21-022 -S19,0,,,
SanFrancisquito,1,8/3/21,RADR,845263569,99.0,F,A,93.0,Y,0,2101900016,pos,288983.46891618,,CJH21-022 -S22,0,,,
SanFrancisquito,1,8/3/21,RADR,845527786,100.0,F,A,94.0,Y,0,2101900017,pos,20303.6074011871,19ARMI1860,CJH21-022 -S23,0,,,
SanFrancisquito,1,8/3/21,RADR,845263051,93.0,F,A,85.0,Y,0,2101900018,pos,994.082148504813,,CJH21-022 -S24,0,,,
SanFrancisquito,1,8/3/21,RADR,836524257,104.0,F,A,110.0,Y,0,2101900019,pos,21676.2414307595,,CJH21-022 -S25,0,,,
SanFrancisquito,1,8/3/21,RADR,836544312,92.0,F,A,75.0,Y,0,2101900020,pos,1487051.78491938,,CJH21-022 -S26,0,,,
SanFrancisquito,1,8/3/21,RADR,845295872,88.0,F,A,79.0,Y,0,2101900021,pos,292749.367445787,,CJH21-022 -S27,0,,,
SanFrancisquito,1,8/3/21,RADR,845263552,92.0,F,A,81.0,Y,0,2101900022,pos,22320.7939320736,,CJH21-022 -S28,0,,,
SanFrancisquito,1,8/3/21,RADR,845532615,78.0,M,A,58.0,Y,0,2101900023,pos,13307.2087163023,19ARMI1895,CJH21-022 -S29,0,,,
SanFrancisquito,1,8/3/21,RADR,845528852,107.0,F,A,120.0,Y,0,2101900024,pos,9160.28127701559,20ARMI0931,CJH21-022 -S31,0,,,
SanFrancisquito,1,8/3/21,RADR,845534266,73.0,M,A,41.0,Y,0,2101900025,pos,1301130.22507495,21ARMI0688,CJH21-022 -S32,0,,,
SanFrancisquito,1,8/3/21,RADR,845535776,87.0,M,A,62.0,Y,0,2101900026,pos,743.110720586369,18ARMI1090,CJH21-022 -S34,0,,,
SanFrancisquito,1,8/3/21,RADR,836513519,77.0,M,A,43.0,Y,0,2101900027,pos,10285.36130451,,CJH21-022 -S35,0,,,
SanFrancisquito,1,8/3/21,RADR,845296113,74.0,M,A,38.0,Y,0,2101900028,pos,3410.26217170716,,CJH21-022 -S36,0,,,
SanFrancisquito,1,8/3/21,RADR,845296123,108.0,F,A,122.0,Y,0,2101900029,pos,7788.85769903605,,CJH21-022 -S37,0,,,
SanFrancisquito,1,8/3/21,RADR,836521368,82.0,M,A,61.0,Y,0,2101900030,pos,2708.68294407291,,CJH21-022 -S38,0,,,
SanFrancisquito,1,8/3/21,RADR,841559829,70.0,M,A,33.0,Y,0,2101900031,pos,48077.7708137008,,CJH21-022 -S39,0,,,
SanFrancisquito,1,8/3/21,RADR,845530620,81.0,F,A,60.0,Y,0,2101900032,pos,434654.701950984,21ARMI0666,CJH21-022 -S40,0,,,
SanFrancisquito,1,8/3/21,RADR,845535524,80.0,M,A,55.0,Y,0,2101900033,pos,22812.8684169676,,CJH21-022 -S41,0,,,
SanFrancisquito,1,8/3/21,RADR,845531848,86.0,F,A,74.0,Y,0,2101900034,pos,307261.466563479,21ARMI0682,CJH21-022 -S42,0,,,
SanFrancisquito,1,8/3/21,RADR,845534639,75.0,M,A,51.0,Y,0,2101900035,pos,1622.58375091555,19ARMI1885,CJH21-022 -S43,0,,,
SanFrancisquito,1,8/4/21,RADR,845533310,72.0,M,A,43.0,Y,0,2101900036,pos,3683.23657320588,19ARMI1934,CJH21-022 -S45,0,,,
SanFrancisquito,1,8/4/21,RADR,845531603,92.0,F,A,65.0,Y,0,2101900037,pos,681039.806307168,21ARMI0689,CJH21-022 -S46,0,,,
SanFrancisquito,1,8/4/21,RADR,845263382,80.0,F,A,56.0,Y,0,2101900038,pos,96801.1236642786,,CJH21-022 -S48,0,,,
SanFrancisquito,1,8/4/21,RADR,108005257,96.0,F,A,78.0,Y,0,2101900039,pos,18760.4617656769,,CJH21-022 -S49,0,,,
SanFrancisquito,1,8/4/21,RADR,845296834,89.0,F,A,75.0,Y,0,2101900040,pos,35768.7658648605,,CJH21-022 -S50,0,,,
SanFrancisquito,1,8/4/21,RADR,845296294,75.0,M,A,45.0,Y,0,2101900041,pos,30207.129711186,,CJH21-022 -S53,0,,,
SanFrancisquito,1,8/4/21,RADR,845296532,93.0,F,A,81.0,Y,0,2101900042,pos,428.478984030472,,CJH21-022 -S54,0,,,
SanFrancisquito,1,8/4/21,RADR,845529850,92.0,F,A,79.0,Y,0,2101900043,pos,15778.7776081703,,CJH21-022 -S55,0,,,
SanFrancisquito,1,8/4/21,RADR,845534014,79.0,F,A,58.0,Y,0,2101900044,neg,0,19ARMI1864,CJH21-022 -S57,0,,,
SanFrancisquito,1,8/4/21,RADR,845527016,83.0,M,A,56.0,Y,0,2101900045,pos,828.714264090743,19ARMI1949,CJH21-022 -S59,0,,,
SanFrancisquito,1,8/4/21,RADR,842802357,81.0,F,A,54.0,Y,0,2101900046,pos,6955.79555620964,,CJH21-022 -S61,0,,,
SanFrancisquito,1,8/4/21,RADR,845534353,84.0,M,A,60.0,Y,0,2101900047,pos,1934.46587691045,21ARMI0671,CJH21-022 -S62,0,,,
SanFrancisquito,1,8/4/21,RADR,845530774,75.0,M,A,44.0,Y,0,2101900048,pos,3633.37901411692,20ARMI0920,CJH21-022 -S63,0,,,
SanFrancisquito,1,8/4/21,RADR,845531110,76.0,F,A,58.0,Y,0,2101900049,pos,5213.88974096191,18ARMI1082,CJH21-022 -S64,0,,,
SanFrancisquito,1,8/4/21,RADR,845532366,82.0,F,A,56.0,Y,0,2101900050,pos,2573.72568771032,19ARMI1932,CJH21-022 -S65,0,,,
SanFrancisquito,1,8/4/21,RADR,845531791,79.0,M,A,50.0,Y,0,2101900051,pos,96143.7247112417,18ARMI1087,CJH21-022 -S66,0,,,
SanFrancisquito,1,8/4/21,RADR,845534341,78.0,M,A,45.0,Y,0,2101900052,pos,16170.6469276487,21ARMI0683,CJH21-022 -S67,0,,,
SanFrancisquito,1,8/4/21,RADR,845529060,75.0,M,A,44.0,Y,0,2101900054,pos,101807.639724458,21ARMI0669,CJH21-022 -S70,0,,,
SanFrancisquito,1,8/4/21,RADR,845532568,84.0,M,A,67.0,Y,0,2101900055,pos,1332.53572039567,18ARMI1119,CJH21-022 -S71,0,,,
SanFrancisquito,1,8/4/21,RADR,605533315,73.0,M,A,45.0,Y,0,2101900056,pos,3461.77286716093,,CJH21-022 -S74,0,,,
SanFrancisquito,1,8/4/21,RADR,845532042,65.0,M,A,30.0,Y,0,2101900057,pos,172051.490556518,,CJH21-022 -S75,0,,,
SanFrancisquito,1,8/4/21,RADR,836541598,74.0,M,A,54.0,Y,0,2101900058,neg,0,,CJH21-022 -S77,0,,,
SanFrancisquito,1,8/4/21,RADR,845527104,81.0,M,A,55.0,Y,0,2101900059,pos,4957.49029201308,20ARMI0936,CJH21-022 -S78,0,,,
SanFrancisquito,1,8/4/21,RADR,845529539,77.0,F,A,40.0,Y,0,2101900060,pos,57007.3311194566,20ARMI0910,CJH21-022 -S79,0,,,
SanFrancisquito,1,8/4/21,RADR,845531285,72.0,M,A,53.0,Y,0,2101900061,pos,1527.10172912597,19ARMI1876,CJH21-022 -S80,0,,,
SanFrancisquito,1,8/4/21,RADR,845533299,77.0,M,A,51.0,Y,0,2101900062,pos,1615.96313588482,18ARMI1113,CJH21-022 -S81,0,,,
SanFrancisquito,1,8/4/21,RADR,845534049,82.0,F,A,55.0,Y,0,2101900063,pos,208078.518371528,19ARMI1937,CJH21-022 -S83,0,,,
SanFrancisquito,1,8/4/21,RADR,845533581,96.0,F,A,82.0,Y,0,2101900064,pos,2241.22424190613,21ARMI0670,CJH21-022 -S84,0,,,
SanFrancisquito,1,8/4/21,RADR,845529059,83.0,M,A,48.0,Y,0,2101900065,pos,40134.5828297938,21ARMI0684,CJH21-022 -S85,0,,,
SanFrancisquito,1,8/4/21,RADR,845532858,73.0,M,A,40.0,Y,0,2101900066,pos,2775.95366480523,18ARMI1100,CJH21-022 -S86,0,,,
SanFrancisquito,1,8/4/21,RADR,845531610,75.0,M,A,43.0,Y,0,2101900067,pos,2881.96842128768,18ARMI1094,CJH21-022 -S87,0,,,
SanFrancisquito,1,8/4/21,RADR,845535295,83.0,F,A,66.0,Y,0,2101900068,pos,26720.1727863079,21ARMI0680,CJH21-022 -S88,0,,,
SanFrancisquito,1,8/4/21,RADR,845527885,90.0,M,A,65.0,Y,0,2101900069,pos,11268.7632670908,21ARMI0676,CJH21-022 -S89,0,,,
SanFrancisquito,1,8/4/21,RADR,845526860,99.0,F,A,88.0,Y,0,2101900070,pos,4118.74290583353,21ARMI0687,CJH21-022 -S90,0,,,
SanFrancisquito,1,8/4/21,RADR,845528125,75.0,F,A,51.0,Y,0,2101900071,pos,2051.2206988722,21ARMI0674,CJH21-022 -S91,0,,,
SanFrancisquito,1,8/4/21,RADR,845534061,86.0,F,A,80.0,Y,0,2101900072,pos,415.539177674097,,CJH21-022 -S92,0,,,
SanFrancisquito,1,8/4/21,RADR,605525333,82.0,M,A,51.0,Y,0,2101900073,neg,0,,CJH21-023 -S2,0,,,
SanFrancisquito,1,8/4/21,RADR,845530356,79.0,M,A,50.0,Y,0,2101900074,pos,3997.08220241125,21ARMI0681,CJH21-023 -S5,0,,,
SanFrancisquito,1,8/4/21,RADR,845532818,99.0,F,A,82.0,Y,0,2101900075,pos,486379.651410193,21ARMI0644,CJH21-023 -S6,0,,,
SanFrancisquito,1,8/4/21,RADR,836378037,80.0,M,A,51.0,Y,0,2101900076,pos,61907.0515618112,,CJH21-023 -S7,0,,,
SanFrancisquito,1,8/4/21,RADR,842802279,89.0,F,A,53.0,Y,0,2101900077,pos,146492.466261635,,CJH21-023 -S17,0,,,
SanFrancisquito,1,8/4/21,RADR,845533350,78.0,M,A,49.0,Y,0,2101900078,pos,159952.954374125,19ARMI1877,CJH21-023 -S20,0,,,
SanFrancisquito,1,8/4/21,RADR,845532002,77.0,M,A,41.0,Y,0,2101900079,pos,1881166.80233863,21ARMI0665,CJH21-023 -S21,0,,,
SanFrancisquito,1,8/4/21,RADR,605317122,70.0,M,A,32.0,Y,0,2101900080,pos,49003.9172854993,,CJH21-023 -S29,0,,,
SanFrancisquito,1,8/4/21,RADR,845535596,79.0,M,A,46.0,Y,0,2101900082,pos,236357.323769746,18ARMI1105,CJH21-023 -S35,0,,,
SanFrancisquito,1,8/4/21,RADR,845532037,91.0,F,A,58.0,Y,0,2101900083,pos,731.554656782253,21ARMI0643,CJH21-023 -S37,0,,,
SanFrancisquito,1,8/4/21,RADR,842789008,87.0,M,A,64.0,Y,0,2101900084,pos,539.459841103982,,CJH21-023 -S38,0,,,
SanFrancisquito,1,8/4/21,RADR,845534622,82.0,F,A,52.0,Y,0,2101900085,pos,7405831.02966019,18ARMI1107,CJH21-023 -S41,0,,,
SanFrancisquito,1,8/4/21,RADR,845533048,85.0,M,A,55.0,Y,0,2101900086,neg,0,18ARMI1102,CJH21-023 -S42,0,,,
SanFrancisquito,1,8/5/21,RADR,836516047,88.0,M,A,65.0,Y,0,2101900087,pos,60861.3360301844,,CJH21-023 -S43,0,,,
SanFrancisquito,1,8/5/21,RADR,845535358,74.0,F,A,48.0,Y,0,2101900088,pos,195.967493896772,21ARMI0679,CJH21-023 -S45,0,,,
SanFrancisquito,1,8/5/21,RADR,845532616,92.0,F,A,92.0,Y,0,2101900089,pos,39537.3858579991,21ARMI0686,CJH21-023 -S46,0,,,
SanFrancisquito,1,8/5/21,RADR,845531122,86.0,F,A,71.0,Y,0,2101900090,neg,0,19ARMI1952,CJH21-023 -S47,0,,,
SanFrancisquito,1,8/5/21,RADR,845263379,74.0,M,A,44.0,Y,0,2101900091,pos,14431.2678879437,,CJH21-023 -S48,0,,,
SanFrancisquito,1,8/5/21,RADR,845533270,104.0,F,A,110.0,Y,0,2101900092,pos,1248.15375402578,18ARMI1083,CJH21-023 -S49,0,,,
SanFrancisquito,1,8/5/21,RADR,845534307,72.0,M,A,31.0,Y,0,2101900093,pos,1086163.47860574,21ARMI0650,CJH21-023 -S50,0,,,
SanFrancisquito,1,8/5/21,RADR,845527063,80.0,M,A,49.0,Y,0,2101900094,pos,7574.25639110641,21ARMI0677,CJH21-023 -S53,0,,,
SanFrancisquito,1,8/5/21,RADR,845296051,68.0,M,A,36.0,Y,0,2101900095,neg,0,,CJH21-023 -S54,0,,,
SanFrancisquito,1,8/5/21,RADR,845296087,87.0,F,A,75.0,Y,0,2101900096,pos,23.7973456883534,,CJH21-023 -S55,0,,,
SanFrancisquito,1,8/5/21,RADR,845531523,92.0,F,A,89.0,Y,0,2101900097,pos,7255.96923469376,20ARMI0948,CJH21-023 -S56,0,,,
SanFrancisquito,1,8/5/21,RADR,845535784,83.0,M,A,68.0,Y,0,2101900098,pos,5669.74001684522,21ARMI0646,CJH21-023 -S57,0,,,
SanFrancisquito,1,8/5/21,RADR,845532042,67.0,M,A,31.0,Y,0,2101900099,pos,37.1094925235854,,CJH21-023 -S61,0,,,
SanFrancisquito,1,8/5/21,RADR,845531600,81.0,M,A,48.0,Y,0,2101900100,pos,198.115825087472,19ARMI1945,CJH21-023 -S62,0,,,
SanFrancisquito,1,8/5/21,RADR,605309834,92.0,F,A,80.0,Y,0,2101900101,pos,660.022896607731,,CJH21-023 -S63,0,,,
SanFrancisquito,1,8/5/21,RADR,845529297,83.0,M,A,62.0,Y,0,2101900102,pos,9686.71102832808,21ARMI0685,CJH21-023 -S64,0,,,
SanFrancisquito,1,8/5/21,RADR,845531092,91.0,F,A,65.0,Y,0,2101900103,pos,431114.902465867,21ARMI0690,CJH21-023 -S65,0,,,
SanFrancisquito,1,8/5/21,RADR,845529332,70.0,M,A,40.0,Y,0,2101900104,pos,869.795082285706,21ARMI0668,CJH21-023 -S66,0,,,
SanFrancisquito,1,8/5/21,RADR,845527049,78.0,M,A,54.0,Y,0,2101900106,pos,1279.15191968478,21ARMI0654,CJH21-023 -S68,0,,,
SanFrancisquito,1,8/5/21,RADR,845527362,91.0,F,A,83.0,Y,0,2101900107,pos,3557.4302321259,21ARMI0656,CJH21-023 -S69,0,,,
SanFrancisquito,1,8/5/21,RADR,845527323,64.0,M,A,31.0,Y,0,2101900108,pos,561590.700160832,21ARMI0657,CJH21-023 -S70,0,,,
SanFrancisquito,1,8/5/21,RADR,845530779,75.0,M,A,42.0,Y,0,2101900109,pos,437.030700581149,21ARMI0641,CJH21-023 -S71,0,,,
SanFrancisquito,1,8/5/21,RADR,845531829,79.0,M,A,50.0,Y,0,2101900110,pos,917.277414875228,19ARMI1866,CJH21-023 -S72,0,,,
SanFrancisquito,1,8/5/21,RADR,845533372,87.0,F,A,56.0,Y,0,2101900111,pos,4099.14296216476,19ARMI1904,CJH21-023 -S73,0,,,
SanFrancisquito,1,8/5/21,RADR,845528788,67.0,M,A,33.0,Y,0,2101900112,pos,3334.4296926838,21ARMI0652,CJH21-023 -S74,0,,,
SanFrancisquito,1,8/5/21,RADR,845534620,94.0,F,A,80.0,Y,0,2101900113,pos,249.090331684706,21ARMI0667,CJH21-023 -S75,0,,,
SanFrancisquito,1,8/5/21,RADR,845531338,98.0,F,A,87.0,Y,0,2101900114,pos,263.046492135463,21ARMI0663,CJH21-023 -S76,0,,,
SanFrancisquito,1,8/5/21,RADR,852805872,103.0,F,A,96.0,Y,0,2101900115,pos,1741.74855651559,,CJH21-023 -S77,0,,,
SanFrancisquito,1,8/5/21,RADR,845532357,80.0,M,A,52.0,Y,0,2101900116,pos,756.909674951863,18ARMI1111,CJH21-023 -S78,0,,,
SanFrancisquito,1,8/5/21,RADR,845263322,71.0,M,A,44.0,Y,0,2101900117,pos,2473.98701287635,,CJH21-023 -S79,0,,,
SanFrancisquito,1,8/5/21,RADR,845528881,79.0,M,A,60.0,Y,0,2101900118,pos,6932.13610557278,21ARMI0660,CJH21-023 -S80,0,,,
SanFrancisquito,1,8/5/21,RADR,845533111,79.0,M,A,51.0,Y,0,2101900119,pos,1004.97996448074,21ARMI0672,CJH21-023 -S81,0,,,
SanFrancisquito,1,8/5/21,RADR,845532303,86.0,F,A,58.0,Y,0,2101900120,pos,1778.93373592048,21ARMI0659,CJH21-023 -S82,0,,,
SanFrancisquito,1,8/5/21,RADR,836543316,89.0,M,A,70.0,Y,0,2101900121,pos,35939.7932729123,,CJH21-024 -S15,0,,,
SanFrancisquito,1,8/5/21,RADR,845263350,90.0,F,A,59.0,Y,0,2101900122,pos,376187.123735012,,CJH21-024 -S17,0,,,
SanFrancisquito,1,8/5/21,RADR,845533633,86.0,M,A,61.0,Y,0,2101900123,pos,5967.04153604611,21ARMI0678,CJH21-024 -S19,0,,,
SanFrancisquito,1,8/5/21,RADR,044035879,90.0,F,A,61.0,Y,0,2101900125,neg,0,,CJH21-024 -S24,0,,,
SanFrancisquito,1,8/5/21,RADR,845295886,100.0,F,A,86.0,Y,0,2101900126,neg,0,,CJH21-024 -S26,0,,,
SanFrancisquito,1,8/5/21,RADR,845532778,91.0,F,A,68.0,Y,0,2101900127,neg,0,21ARMI0651,CJH21-024 -S27,0,,,
SanFrancisquito,1,8/5/21,RADR,836526773,80.0,M,A,60.0,Y,0,2101900128,pos,5178.48100264141,,CJH21-024 -S28,0,,,
SanFrancisquito,1,8/5/21,RADR,845531063,74.0,M,A,44.0,Y,0,2101900129,pos,4226.7894489639,21ARMI0658,CJH21-024 -S32,0,,,
SanFrancisquito,1,8/5/21,RADR,845532326,97.0,F,A,89.0,Y,0,2101900130,pos,5862.25190914639,21ARMI0675,CJH21-024 -S33,0,,,
SanFrancisquito,1,8/5/21,RADR,605523779,78.0,F,A,56.0,Y,0,2101900131,pos,17453.1288896885,,CJH21-024 -S34,0,,,
SanFrancisquito,1,8/5/21,RADR,845532080,98.0,F,A,100.0,Y,0,2101900132,pos,2643.04241981153,21ARMI0661,CJH21-024 -S37,0,,,
SanFrancisquito,1,8/5/21,RADR,845531089,94.0,F,A,86.0,Y,0,2101900133,pos,6941.5902134336,21ARMI0649,CJH21-024 -S38,0,,,
SanFrancisquito,1,8/5/21,RADR,845532619,85.0,M,A,65.0,Y,0,2101900134,pos,448.495280313175,19ARMI1893,CJH21-024 -S39,0,,,
SanFrancisquito,1,8/5/21,RADR,605529357,91.0,F,A,92.0,Y,0,2101900135,pos,1895.3207050244,,CJH21-024 -S40,0,,,
SanFrancisquito,1,8/5/21,RADR,605317365,96.0,F,A,81.0,Y,0,2101900136,neg,0,,CJH21-024 -S41,0,,,
SanFrancisquito,1,8/5/21,RADR,845531566,75.0,M,A,41.0,Y,0,2101900137,pos,697.478124346371,19ARMI1953,CJH21-024 -S43,0,,,
SanFrancisquito,1,8/5/21,RADR,845531537,79.0,M,A,48.0,Y,0,2101900138,pos,685.696530986677,21ARMI0648,CJH21-024 -S46,0,,,
SanFrancisquito,1,8/5/21,RADR,845530573,82.0,M,A,57.0,Y,0,2101900139,pos,928.597949436801,19ARMI1941,CJH21-024 -S48,0,,,
SanFrancisquito,1,8/5/21,RADR,836516047,94.0,M,A,65.0,Y,0,2101900140,pos,702.247248801336,,CJH21-024 -S50,0,,,
SanFrancisquito,1,8/5/21,RADR,845530845,79.0,F,A,53.0,Y,0,2101900141,pos,875.742453038905,20ARMI0932,CJH21-024 -S51,0,,,
SanFrancisquito,1,8/6/21,RADR,845532590,92.0,F,A,87.0,Y,0,2101900142,neg,0,21ARMI0642,CJH21-024 -S56,0,,,
SanFrancisquito,1,8/6/21,RADR,845296015,71.0,M,A,36.0,Y,0,2101900144,pos,124985.599703396,,CJH21-024 -S59,0,,,
SanFrancisquito,1,8/6/21,RADR,845529800,79.0,M,A,52.0,Y,0,2101900145,pos,5122.32651698379,21ARMI0662,CJH21-024 -S60,0,,,
SanFrancisquito,1,8/6/21,RADR,845533273,78.0,F,A,54.0,Y,0,2101900146,pos,350.92756310087,,CJH21-024 -S62,0,,,
SanFrancisquito,1,8/6/21,RADR,845531889,76.0,F,A,46.0,Y,0,2101900147,neg,0,20ARMI0922,CJH21-024 -S68,0,,,
SanFrancisquito,1,8/6/21,RADR,845531092,89.0,F,A,64.0,Y,0,2101900148,pos,34.664940632796,,CJH21-024 -S71,0,,,
SanFrancisquito,1,8/6/21,RADR,845535082,88.0,M,A,63.0,Y,0,2101900149,pos,307.890249640584,19ARMI1918,CJH21-024 -S77,0,,,
SanFrancisquito,1,8/6/21,RADR,836534551,87.0,F,A,66.0,Y,0,2101900150,pos,6044.80125369009,,CJH21-024 -S78,0,,,
SanFrancisquito,1,8/6/21,RADR,845533109,71.0,M,A,41.0,Y,0,2101900151,pos,835.518673561533,21ARMI0655,CJH21-024 -S79,0,,,
SanFrancisquito,1,8/6/21,RADR,836523609,91.0,F,A,74.0,Y,0,2101900152,neg,0,,CJH21-024 -S81,0,,,
SanFrancisquito,1,8/6/21,RADR,845535018,80.0,M,A,48.0,Y,0,2101900153,pos,40963.5059451707,,CJH21-024 -S83,0,,,
SanFrancisquito,1,8/6/21,RADR,845529079,99.0,F,A,105.0,Y,0,2101900154,pos,8281.49737573474,18ARMI1095,CJH21-024 -S84,0,,,
SanFrancisquito,1,8/6/21,RADR,845534020,80.0,F,A,52.0,Y,0,2101900155,pos,4509.46937149916,21ARMI0664,CJH21-024 -S89,0,,,
SanFrancisquito,1,8/6/21,RADR,845530556,70.0,M,A,35.0,Y,0,2101900156,pos,8202.86626159409,21ARMI0645,CJH21-024 -S90,0,,,
SanFrancisquito,1,8/6/21,RADR,845534816,75.0,M,A,49.0,Y,0,2101900157,pos,1583.26307357265,21ARMI0653,CJH21-024 -S91,0,,,
SanFrancisquito,1,10/4/21,RADR,845530256,82.0,F,A,51.0,Y,0,2101900158,pos,25.9309040479891,,MNW21-048 -S1,0,,,
SanFrancisquito,1,10/4/21,RADR,845530361,97.0,F,A,85.0,Y,0,2101900159,pos,22596.2649237846,,MNW21-048 -S2,0,,,
SanFrancisquito,1,10/4/21,RADR,845263127,84.0,M,A,50.5,Y,0,2101900160,neg,0,,MNW21-048 -S3,0,,,
SanFrancisquito,1,10/4/21,RADR,044043328,86.0,M,A,51.0,Y,0,2101900161,neg,0,,MNW21-048 -S4,0,,,
SanFrancisquito,1,10/4/21,RADR,845530028,73.0,M,A,31.0,Y,0,2101900162,pos,35671.401577943,21ARMI0754,MNW21-048 -S6,0,,,
SanFrancisquito,1,10/4/21,RADR,845530589,78.0,M,A,51.5,Y,0,2101900163,pos,139098.814646648,,MNW21-048 -S7,0,,,
SanFrancisquito,1,10/4/21,RADR,845263350,87.0,F,A,58.0,Y,0,2101900164,pos,3884305.38531652,,MNW21-048 -S8,0,,,
SanFrancisquito,1,10/4/21,RADR,605518520,81.0,M,A,41.5,Y,0,2101900165,pos,130024.388517915,,MNW21-048 -S9,0,,,
SanFrancisquito,1,10/4/21,RADR,845529036,103.0,F,A,109.0,Y,0,2101900166,pos,146592.32607929,,MNW21-048 -S10,0,,,
SanFrancisquito,1,10/4/21,RADR,836378037,81.0,M,A,48.0,Y,0,2101900167,pos,2526804.99890254,,MNW21-048 -S12,0,,,
SanFrancisquito,1,10/4/21,RADR,845296075,68.0,M,A,45.0,Y,0,2101900168,pos,1518799.3567487,,MNW21-048 -S13,0,,,
SanFrancisquito,1,10/4/21,RADR,845296031,85.0,F,A,41.5,Y,0,2101900169,pos,1497.21975260998,,MNW21-048 -S14,0,,,
SanFrancisquito,1,10/4/21,RADR,845528097,,U,A,11.5,Y,0,2101900170,pos,112304.336833499,21ARMI0751,MNW21-048 -S15,0,,,
SanFrancisquito,1,10/4/21,RADR,836543316,85.0,M,A,67.0,Y,0,2101900171,pos,24009.0961835924,,MNW21-048 -S16,0,,,
SanFrancisquito,1,10/4/21,RADR,845530044,71.0,M,A,42.5,Y,0,2101900172,pos,109359.030480586,,MNW21-048 -S17,0,,,
SanFrancisquito,1,10/4/21,RADR,845534010,81.0,M,A,64.5,Y,0,2101900174,neg,0,21ARMI0752,MNW21-048 -S19,0,,,
SanFrancisquito,1,10/4/21,RADR,845296123,104.0,F,A,125.0,Y,0,2101900175,neg,0,,MNW21-048 -S20,0,,,
SanFrancisquito,1,10/4/21,RADR,845530620,82.0,F,A,52.5,Y,0,2101900176,pos,57671.5712239415,,MNW21-048 -S21,0,,,
SanFrancisquito,1,10/4/21,RADR,845530627,74.0,M,A,43.5,Y,0,2101900177,neg,0,21ARMI0743,MNW21-048 -S23,0,,,
SanFrancisquito,1,10/4/21,RADR,836526773,81.0,M,A,53.0,Y,0,2101900178,neg,0,,MNW21-048 -S24,0,,,
SanFrancisquito,1,10/4/21,RADR,845529787,89.0,F,A,80.0,Y,0,2101900179,neg,0,21ARMI0724,MNW21-048 -S25,0,,,
SanFrancisquito,1,10/4/21,RADR,845296294,71.0,M,A,41.5,Y,0,2101900180,pos,330.276996861897,,MNW21-048 -S26,0,,,
SanFrancisquito,1,10/4/21,RADR,845296085,83.0,F,A,55.5,Y,0,2101900181,pos,14062.37120475,,MNW21-048 -S27,0,,,
SanFrancisquito,1,10/4/21,RADR,845296001,86.0,F,A,84.0,Y,0,2101900182,neg,0,,MNW21-048 -S28,0,,,
SanFrancisquito,1,10/4/21,RADR,845530880,65.0,U,A,25.0,Y,0,2101900183,pos,12609.773056797,21ARMI0757,MNW21-048 -S32,0,,,
SanFrancisquito,1,10/4/21,RADR,845531284,82.0,F,A,68.0,Y,0,2101900184,pos,315.107024180864,,MNW21-048 -S33,0,,,
SanFrancisquito,1,10/4/21,RADR,845528585,71.0,M,A,40.0,Y,0,2101900185,neg,0,21ARMI0723,MNW21-048 -S34,0,,,
SanFrancisquito,1,10/4/21,RADR,836515890,92.0,F,A,87.5,Y,0,2101900186,neg,0,,MNW21-048 -S35,0,,,
SanFrancisquito,1,10/4/21,RADR,845534014,82.0,F,A,62.5,Y,0,2101900187,neg,0,,MNW21-048 -S37,0,,,
SanFrancisquito,1,10/4/21,RADR,845528607,47.0,U,J,10.5,Y,0,2101900188,pos,1794.76281637809,21ARMI0738,MNW21-048 -S38,0,,,
SanFrancisquito,1,10/4/21,RADR,845531089,96.0,F,A,96.5,Y,0,2101900189,pos,212.665726606897,,MNW21-048 -S39,0,,,
SanFrancisquito,1,10/4/21,RADR,845527380,58.0,U,A,20.5,Y,0,2101900190,pos,22534.7568127803,21ARMI0729,MNW21-048 -S40,0,,,
SanFrancisquito,1,10/4/21,RADR,845527016,87.0,M,A,57.5,Y,0,2101900191,pos,128176.958954472,,MNW21-048 -S42,0,,,
SanFrancisquito,1,10/4/21,RADR,845534622,83.0,F,A,56.5,Y,0,2101900192,pos,2013.82561494875,,MNW21-048 -S43,0,,,
SanFrancisquito,1,10/4/21,RADR,845527867,56.0,M,A,20.5,Y,0,2101900193,neg,0,21ARMI0746,MNW21-048 -S44,0,,,
SanFrancisquito,1,10/4/21,RADR,842789008,88.0,M,A,51.0,Y,0,2101900194,neg,0,,MNW21-048 -S45,0,,,
SanFrancisquito,1,10/4/21,RADR,845531110,86.0,F,A,66.0,Y,0,2101900195,neg,0,,MNW21-048 -S47,0,,,
SanFrancisquito,1,10/4/21,RADR,845529263,79.0,M,A,46.5,Y,0,2101900196,pos,379.793181876316,21ARMI0732,MNW21-048 -S48,0,,,
SanFrancisquito,1,10/4/21,RADR,845532366,83.0,F,A,64.5,Y,0,2101900197,neg,0,,MNW21-048 -S50,0,,,
SanFrancisquito,1,10/4/21,RADR,845535561,51.0,M,A,14.0,Y,0,2101900198,neg,0,21ARMI0735,MNW21-048 -S51,0,,,
SanFrancisquito,1,10/4/21,RADR,845532568,81.0,M,A,74.5,Y,0,2101900199,neg,0,,MNW21-048 -S52,0,,,
SanFrancisquito,1,10/4/21,RADR,845531523,94.0,F,A,88.0,Y,0,2101900200,pos,1775.30074192426,,MNW21-048 -S53,0,,,
SanFrancisquito,1,10/4/21,RADR,845527063,80.0,M,A,52.5,Y,0,2101900201,pos,220.336614754543,,MNW21-048 -S54,0,,,
SanFrancisquito,1,10/4/21,RADR,845535784,83.0,M,A,69.0,Y,0,2101900202,pos,3668.20789354324,,MNW21-048 -S56,0,,,
SanFrancisquito,1,10/4/21,RADR,845296621,83.0,F,A,88.0,Y,0,2101900203,neg,0,,MNW21-048 -S57,0,,,
SanFrancisquito,1,10/4/21,RADR,845530845,75.0,F,A,51.5,Y,0,2101900204,neg,0,,MNW21-048 -S58,0,,,
SanFrancisquito,1,10/4/21,RADR,605521281,103.0,F,A,105.0,Y,0,2101900205,pos,106.490968068174,,MNW21-048 -S59,0,,,
SanFrancisquito,1,10/4/21,RADR,845530573,82.0,M,A,60.0,Y,0,2101900207,neg,0,,MNW21-048 -S61,0,,,
SanFrancisquito,1,10/4/21,RADR,845530774,72.0,M,A,43.5,Y,0,2101900208,pos,322.492955863425,,MNW21-048 -S62,0,,,
SanFrancisquito,1,10/5/21,RADR,845532303,88.0,F,A,60.5,Y,0,2101900209,neg,0,,MNW21-048 -S65,0,,,
SanFrancisquito,1,10/5/21,RADR,845529045,82.0,F,A,59.5,Y,0,2101900210,neg,0,21ARMI0728,MNW21-048 -S66,0,,,
SanFrancisquito,1,10/5/21,RADR,845526818,58.0,M,A,17.0,Y,0,2101900211,pos,63.0566145485079,21ARMI0734,MNW21-048 -S67,0,,,
SanFrancisquito,1,10/5/21,RADR,845530832,82.0,M,A,46.0,Y,0,2101900212,pos,169491.388472267,21ARMI0758,MNW21-048 -S68,0,,,
SanFrancisquito,1,10/5/21,RADR,605531032,64.0,M,A,26.0,Y,0,2101900213,pos,708.978857218989,,MNW21-048 -S69,0,,,
SanFrancisquito,1,10/5/21,RADR,845533109,79.0,M,A,43.0,Y,0,2101900214,neg,0,,MNW21-048 -S71,0,,,
SanFrancisquito,1,10/5/21,RADR,044029371,86.0,M,A,74.0,Y,0,2101900215,neg,0,,MNW21-048 -S72,0,,,
SanFrancisquito,1,10/5/21,RADR,845531122,891.0,F,A,73.5,Y,0,2101900216,neg,0,,MNW21-048 -S73,0,,,
SanFrancisquito,1,10/5/21,RADR,845535082,80.0,M,A,59.0,Y,0,2101900217,neg,0,,MNW21-048 -S74,0,,,
SanFrancisquito,1,10/5/21,RADR,845531791,82.0,M,A,50.5,Y,0,2101900218,pos,26994.6962693495,,MNW21-048 -S75,0,,,
SanFrancisquito,1,10/5/21,RADR,605309834,86.0,F,A,86.0,Y,0,2101900219,neg,0,,MNW21-048 -S76,0,,,
SanFrancisquito,1,10/5/21,RADR,845532858,76.0,M,A,40.5,Y,0,2101900220,neg,0,,MNW21-048 -S77,0,,,
SanFrancisquito,1,10/5/21,RADR,845296015,71.0,M,A,32.0,Y,0,2101900221,neg,0,,MNW21-048 -S78,0,,,
SanFrancisquito,1,10/5/21,RADR,845531829,78.0,M,A,50.0,Y,0,2101900222,neg,0,,MNW21-048 -S79,0,,,
SanFrancisquito,1,10/5/21,RADR,845529563,84.0,F,A,71.0,Y,0,2101900223,neg,0,21ARMI0742,MNW21-048 -S80,0,,,
SanFrancisquito,1,10/5/21,RADR,845529332,75.0,M,A,43.0,Y,0,2101900224,neg,0,,MNW21-048 -S81,0,,,
SanFrancisquito,1,10/5/21,RADR,845532042,69.0,M,A,31.5,Y,0,2101900225,neg,0,,MNW21-048 -S82,0,,,
SanFrancisquito,1,10/5/21,RADR,845532357,79.0,M,A,51.0,Y,0,2101900226,pos,57.5930253521615,,MNW21-048 -S83,0,,,
SanFrancisquito,1,10/5/21,RADR,845864060,70.0,U,A,32.5,Y,0,2101900227,neg,0,21ARMI0759,MNW21-048 -S84,0,,,
SanFrancisquito,1,10/5/21,RADR,845527362,91.0,F,A,82.0,Y,0,2101900228,neg,0,,MNW21-048 -S85,0,,,
SanFrancisquito,1,10/5/21,RADR,845861816,76.0,F,A,42.5,Y,0,2101900229,neg,0,21ARMI0756,MNW21-048 -S86,0,,,
SanFrancisquito,1,10/5/21,RADR,845864044,72.0,M,A,38.5,Y,0,2101900230,neg,0,21ARMI0744,MNW21-048 -S87,0,,,
SanFrancisquito,1,10/5/21,RADR,845863864,72.0,F,A,48.5,Y,0,2101900231,neg,0,21ARMI0737,MNW21-048 -S88,0,,,
SanFrancisquito,1,10/5/21,RADR,842799272,71.0,M,A,51.0,Y,0,2101900232,neg,0,,MNW21-048 -S89,0,,,
SanFrancisquito,1,10/5/21,RADR,845527868,87.0,F,A,73.5,Y,0,2101900233,neg,0,,MNW21-048 -S90,0,,,
SanFrancisquito,1,10/5/21,RADR,845862780,91.0,F,A,68.5,Y,0,2101900234,neg,0,21ARMI0739,MNW21-048 -S91,0,,,
SanFrancisquito,1,10/5/21,RADR,845862522,57.0,F,A,19.5,Y,0,2101900235,pos,1049.0639737702,21ARMI0747,MNW21-048 -S92,0,,,
SanFrancisquito,1,10/5/21,RADR,842797016,80.0,M,A,55.0,Y,0,2101900236,pos,6322.872615723,,MNW21-048 -S93,0,,,
SanFrancisquito,1,10/5/21,RADR,605525017,75.0,M,A,51.0,Y,0,2101900237,neg,0,,MNW21-048 -S96,0,,,
SanFrancisquito,1,10/5/21,RADR,845531610,77.0,M,A,45.5,Y,0,2101900238,neg,0,,MNW21-048 -S95,0,,,
SanFrancisquito,1,10/5/21,RADR,845533581,90.0,F,A,75.0,Y,0,2101900239,pos,50.8061062460753,,MNW21-048 -S97,0,,,
SanFrancisquito,1,10/5/21,RADR,845864026,76.0,M,A,49.5,Y,0,2101900240,neg,0,21ARMI0721,MNW21-048 -S98,0,,,
SanFrancisquito,1,10/5/21,RADR,845534061,89.0,M,A,80.0,Y,0,2101900241,neg,0,,MNW21-048 -S99,0,,,
SanFrancisquito,1,10/5/21,RADR,845863786,70.0,M,A,47.0,Y,0,2101900242,neg,0,21ARMI0736,MNW21-048 -S100,0,,,
SanFrancisquito,1,10/5/21,RADR,845534020,78.0,M,A,46.5,Y,0,2101900243,neg,0,,MNW21-048 -S101,0,,,
SanFrancisquito,1,10/5/21,RADR,845530556,69.0,M,A,35.5,Y,0,2101900244,neg,0,,MNW21-048 -S102,0,,,
SanFrancisquito,1,10/5/21,RADR,650525333,82.0,F,A,49.0,Y,0,2101900245,neg,0,,JNH21-048 -S3,0,,,
SanFrancisquito,1,10/5/21,RADR,845263026,74.0,M,A,39.0,Y,0,2101900246,neg,0,,JNH21-048 -S4,0,,,
SanFrancisquito,1,10/5/21,RADR,845531848,87.0,F,A,63.0,Y,0,2101900247,neg,0,,JNH21-048 -S5,0,,,
SanFrancisquito,1,10/5/21,RADR,836525271,98.0,F,A,77.0,Y,0,2101900248,neg,0,,JNH21-048 -S9,0,,,
SanFrancisquito,1,10/5/21,RADR,836383541,86.0,M,A,51.0,Y,0,2101900249,pos,7152.87402133877,,JNH21-048 -S12,0,,,
SanFrancisquito,1,10/5/21,RADR,845295886,97.0,F,A,82.0,Y,0,2101900250,neg,0,,JNH21-048 -S15,0,,,
SanFrancisquito,1,10/5/21,RADR,836535306,75.0,M,A,43.5,Y,0,2101900251,neg,0,,JNH21-048 -S19,0,,,
SanFrancisquito,1,10/5/21,RADR,845296834,88.0,F,A,78.0,Y,0,2101900252,pos,1309.13452230993,,JNH21-048 -S20,0,,,
SanFrancisquito,1,10/5/21,RADR,845863332,63.0,F,A,26.0,Y,0,2101900253,pos,2341.13159597482,21ARMI0804,JNH21-048 -S22,0,,,
SanFrancisquito,1,10/5/21,RADR,845529850,91.0,M,A,74.0,Y,0,2101900254,pos,833.244351876384,,JNH21-048 -S25,0,,,
SanFrancisquito,1,10/5/21,RADR,845862020,90.0,M,A,70.0,Y,0,2101900255,pos,1020.85521383324,21ARMI0809,JNH21-048 -S26,0,,,
SanFrancisquito,1,10/5/21,RADR,845862098,71.0,M,A,42.5,Y,0,2101900256,pos,23.9111320674242,21ARMI0792,JNH21-048 -S28,0,,,
SanFrancisquito,1,10/5/21,RADR,845531537,91.0,M,A,56.0,Y,0,2101900258,pos,1046.92154258156,,JNH21-048 -S36,0,,,
SanFrancisquito,1,10/5/21,RADR,845296087,95.0,F,A,72.0,Y,0,2101900259,neg,0,,JNH21-048 -S41,0,,,
SanFrancisquito,1,10/5/21,RADR,845863514,75.0,F,A,52.0,Y,0,2101900260,pos,385.004738648512,21ARMI0777,JNH21-048 -S43,0,,,
SanFrancisquito,1,10/5/21,RADR,845862627,75.0,M,A,45.0,Y,0,2101900261,pos,133.79951308386,21ARMI0753,JNH21-048 -S44,0,,,
SanFrancisquito,1,10/5/21,RADR,845529800,78.0,M,A,49.0,Y,0,2101900262,pos,321.396027969508,,JNH21-048 -S45,0,,,
SanFrancisquito,1,10/5/21,RADR,845861853,84.0,M,A,58.5,Y,0,2101900263,pos,289.180460865649,21ARMI0786,JNH21-048 -S46,0,,,
SanFrancisquito,1,10/5/21,RADR,845862028,93.0,F,A,69.0,Y,0,2101900264,neg,0,21ARMI0781,JNH21-048 -S50,0,,,
SanFrancisquito,1,10/5/21,RADR,845529079,100.0,F,A,93.0,Y,0,2101900265,neg,0,,JNH21-048 -S52,0,,,
SanFrancisquito,1,10/5/21,RADR,845863125,86.0,M,A,65.0,Y,0,2101900266,pos,4183.80496971527,21ARMI0749,JNH21-048 -S54,0,,,
SanFrancisquito,1,10/5/21,RADR,845863364,81.0,M,A,61.0,Y,0,2101900267,pos,1652.71379548739,21ARMI0788,JNH21-048 -S55,0,,,
SanFrancisquito,1,10/5/21,RADR,845530779,76.0,M,A,45.0,Y,0,2101900268,neg,0,,JNH21-048 -S56,0,,,
SanFrancisquito,1,10/5/21,RADR,845263322,76.0,M,A,45.0,Y,0,2101900269,pos,191.088280973803,,JNH21-048 -S60,0,,,
SanFrancisquito,1,10/5/21,RADR,836541098,78.0,M,A,41.5,Y,0,2101900270,pos,365.573084718934,,JNH21-048 -S61,0,,,
SanFrancisquito,1,10/5/21,RADR,845863575,75.0,M,A,38.0,Y,0,2101900271,neg,0,21ARMI0798,JNH21-048 -S66,0,,,
SanFrancisquito,1,10/6/21,RADR,605310381,94.0,F,A,96.0,Y,0,2101900272,pos,4361.38182844646,,JNH21-049 -S16,0,,,
SanFrancisquito,1,10/6/21,RADR,845532616,96.0,F,A,90.0,Y,0,2101900273,pos,8355.18673561533,,JNH21-049 -S27,0,,,
SanFrancisquito,1,10/6/21,RADR,836541598,84.0,M,A,60.0,Y,0,2101900274,pos,1622.58375091555,,JNH21-049 -S28,0,,,
SanFrancisquito,1,10/6/21,RADR,845533629,83.0,M,A,52.0,Y,0,2101900275,pos,1816.91279430532,21ARMI0811,JNH21-049 -S34,0,,,
SanFrancisquito,1,10/6/21,RADR,845531831,81.0,M,A,60.0,Y,0,2101900276,pos,3039.29580319525,21ARMI0733,JNH21-049 -S36,0,,,
SanFrancisquito,1,10/6/21,RADR,845296347,72.0,M,A,46.0,Y,0,2101900277,pos,401.072428439279,,JNH21-049 -S38,0,,,
SanFrancisquito,1,10/6/21,RADR,836522009,87.0,F,A,67.0,Y,0,2101900278,pos,125754.486530279,,JNH21-049 -S42,0,,,
SanFrancisquito,1,10/6/21,RADR,836534551,86.0,M,A,87.0,Y,0,2101900279,pos,5573.96845211511,,JNH21-049 -S44,0,,,
SanFrancisquito,1,10/6/21,RADR,845527323,62.0,M,A,35.0,Y,0,2101900280,pos,475.888422860758,,JNH21-049 -S47,0,,,
SanFrancisquito,1,10/6/21,RADR,845529297,77.0,M,A,60.0,Y,0,2101900281,pos,8086.31722176109,,JNH21-049 -S57,0,,,
SanFrancisquito,1,10/6/21,RADR,845533372,84.0,F,A,54.0,Y,0,2101900282,pos,2148.50657687194,,JNH21-049 -S61,0,,,
SanFrancisquito,1,10/6/21,RADR,845530327,86.0,F,A,89.0,Y,0,2101900283,pos,2432.19715890754,21ARMI0740,JNH21-049 -S62,0,,,
SanFrancisquito,1,10/6/21,RADR,845535018,75.0,M,A,51.0,Y,0,2101900284,pos,2059.62456792634,,JNH21-049 -S65,0,,,
SanFrancisquito,1,10/7/21,RADR,845528788,65.0,M,A,30.0,Y,0,2101900285,pos,446969.767974624,,JNH21-049 -S70,0,,,
SanFrancisquito,1,10/7/21,RADR,845534373,73.0,F,A,49.0,Y,0,2101900286,neg,0,21ARMI0808,JNH21-049 -S71,0,,,
SanFrancisquito,1,10/7/21,RADR,845530348,95.0,F,A,102.0,Y,0,2101900287,pos,324.919393491639,21ARMI0776,JNH21-049 -S74,0,,,
SanFrancisquito,1,8/3/21,RADR,845530589,73.0,M,A,49.0,Y,1,2101900015,,,19ARMI1959,CJH21-022 -S20,0,,,
SanFrancisquito,1,8/6/21,RADR,845534894,79.0,F,A,62.0,Y,1,2101900143,,,21ARMI0647,CJH21-024 -S58,0,,,
SanFrancisquito,1,9/4/18,RADR,044027105,104.0,F,A,78.0,N,,,,,,KLB18-018 -S20,0,,,
SanFrancisquito,1,9/4/18,RADR,044033258,95.0,F,A,73.0,N,,,,,,KLB18-018 -S35,0,,,
SanFrancisquito,1,9/4/18,RADR,108005302,100.0,F,A,92.0,N,,,,,,KLB18-018 -S26,0,,,
SanFrancisquito,1,9/4/18,RADR,836363273,110.0,F,A,105.0,N,,,,,,KLB18-018 -S29,0,,,
SanFrancisquito,1,9/4/18,RADR,836383626,95.0,F,A,85.0,N,,,,,,KLB18-018 -S50,0,,,
SanFrancisquito,1,9/4/18,RADR,836515835,95.0,F,A,97.0,N,,,,,,KLB18-018 -S30,0,,,
SanFrancisquito,1,9/4/18,RADR,836517518,75.0,F,A,38.0,N,,,,,,KLB18-018 -S39,0,,,
SanFrancisquito,1,9/4/18,RADR,836522368,102.0,F,A,100.0,N,,,,,,KLB18-018 -S46,0,,,
SanFrancisquito,1,9/4/18,RADR,836524045,70.0,F,A,37.0,N,,,,,,KLB18-018 -S33,0,,,
SanFrancisquito,1,9/4/18,RADR,836525271,100.0,F,A,102.0,N,,,,,,KLB18-018 -S27,0,,,
SanFrancisquito,1,9/4/18,RADR,836528293,101.0,F,A,105.0,N,,,,,,KLB18-018 -S47,0,,,
SanFrancisquito,1,9/4/18,RADR,836537047,65.0,F,A,23.0,N,,,,,,KLB18-018 -S45,0,,,
SanFrancisquito,1,9/4/18,RADR,836539070,100.0,F,A,105.0,N,,,,,,KLB18-018 -S24,0,,,
SanFrancisquito,1,9/4/18,RADR,836540026,105.0,F,A,110.0,N,,,,,,KLB18-018 -S23,0,,,
SanFrancisquito,1,9/4/18,RADR,836541843,73.0,F,A,47.0,N,,,,,,KLB18-018 -S48,0,,,
SanFrancisquito,1,9/4/18,RADR,836542550,93.0,F,A,87.0,N,,,,,,KLB18-018 -S41,0,,,
SanFrancisquito,1,9/4/18,RADR,836545292,110.0,F,A,110.0,N,,,,,,KLB18-018 -S28,0,,,
SanFrancisquito,1,9/4/18,RADR,836555335,100.0,F,A,95.0,N,,,,,,KLB18-018 -S37,0,,,
SanFrancisquito,1,9/5/18,RADR,044020771,77.0,F,A,52.0,N,,,,,,ARB18-020 -S75,0,,,
SanFrancisquito,1,9/5/18,RADR,044023635,110.0,F,A,120.0,N,,,,,,KLB18-018 -S60,0,,,
SanFrancisquito,1,9/5/18,RADR,044024048,90.0,F,A,90.0,N,,,,,,KLB18-018 -S66,0,,,
SanFrancisquito,1,9/5/18,RADR,044024048,98.0,F,A,80.0,N,,,,,,ARB18-020 -S81,0,,,
SanFrancisquito,1,9/5/18,RADR,044028872,95.5,F,A,90.0,N,,,,,,Two short toes on left front foot,0,,,
SanFrancisquito,1,9/5/18,RADR,044032618,98.0,F,A,115.0,N,,,,,,ARB18-020 -S64,0,,,
SanFrancisquito,1,9/5/18,RADR,044050024,103.0,F,A,98.0,N,,,,,,KLB18-018 -S73,0,,,
SanFrancisquito,1,9/5/18,RADR,044050287,95.0,F,A,80.0,N,,,,,,ARB18-020 -S72,0,,,
SanFrancisquito,1,9/5/18,RADR,044064071,98.0,F,A,100.0,N,,,,,,KLB18-018 -S77,0,,,
SanFrancisquito,1,9/5/18,RADR,108005257,97.0,F,A,96.5,N,,,,,,ARB18-020 -S43,0,,,
SanFrancisquito,1,9/5/18,RADR,108011004,100.0,F,A,100.0,N,,,,,,ARB18-020 -S70,0,,,
SanFrancisquito,1,9/5/18,RADR,108012110,103.0,F,A,110.0,N,,,,,,ARB18-020 -S54,0,,,
SanFrancisquito,1,9/5/18,RADR,836363273,99.0,F,A,100.0,N,,,,,,ARB18-020 -S31,0,,,
SanFrancisquito,1,9/5/18,RADR,836368363,80.0,F,A,56.5,N,,,,,,ARB18-020 -S34,0,,,
SanFrancisquito,1,9/5/18,RADR,836383118,72.0,F,A,43.0,N,,,,,,KLB18-018 -S58,0,,,
SanFrancisquito,1,9/5/18,RADR,836383626,95.0,F,A,85.0,N,,,,,,ARB18-020 -S50,0,,,
SanFrancisquito,1,9/5/18,RADR,836383849,67.0,F,A,25.5,N,,,,,,ARB18-020 -S79,0,,,
SanFrancisquito,1,9/5/18,RADR,836512851,93.5,F,A,95.0,N,,,,,,ARB18-020 -S65,0,,,
SanFrancisquito,1,9/5/18,RADR,836515835,92.0,F,A,69.0,N,,,,,,ARB18-020 -S30,0,,,
SanFrancisquito,1,9/5/18,RADR,836515842,53.5,F,A,16.0,N,,,,,,ARB18-020 -S44,0,,,
SanFrancisquito,1,9/5/18,RADR,836515890,98.0,F,A,90.0,N,,,,,,KLB18-018 -S74,0,,,
SanFrancisquito,1,9/5/18,RADR,836516520,70.0,F,A,34.5,N,,,,,,ARB18-020 -S63,0,,,
SanFrancisquito,1,9/5/18,RADR,836516582,80.0,F,A,42.5,N,,,,,,ARB18-020 -S10,0,,,
SanFrancisquito,1,9/5/18,RADR,836517591,65.0,F,A,33.0,N,,,,,,KLB18-018 -S70,0,,,
SanFrancisquito,1,9/5/18,RADR,836517591,65.0,F,A,33.0,N,,,,,,ARB18-020 -S82,0,,,
SanFrancisquito,1,9/5/18,RADR,836517785,98.0,F,A,105.0,N,,,,,,ARB18-020 -S57,0,,,
SanFrancisquito,1,9/5/18,RADR,836518821,65.0,F,A,32.0,N,,,,,,KLB18-018 -S86,0,,,
SanFrancisquito,1,9/5/18,RADR,836519126,65.0,F,A,22.5,N,,,,,,ARB18-020 -S33,0,,,
SanFrancisquito,1,9/5/18,RADR,836519299,60.0,F,A,27.0,N,,,,,,KLB18-018 -S97,0,,,
SanFrancisquito,1,9/5/18,RADR,836521808,71.0,F,A,42.0,N,,,,,,KLB18-018 -S82,0,,,
SanFrancisquito,1,9/5/18,RADR,836522009,80.0,F,A,47.0,N,,,,,,KLB18-018 -S88,0,,,
SanFrancisquito,1,9/5/18,RADR,836522533,76.0,F,A,36.0,N,,,,,,ARB18-020 -S69,0,,,
SanFrancisquito,1,9/5/18,RADR,836523366,81.0,F,A,50.0,N,,,,,,ARB18-020 -S5,0,,,
SanFrancisquito,1,9/5/18,RADR,836523609,66.0,F,A,30.0,N,,,,,,KLB18-018 -S99,0,,,
SanFrancisquito,1,9/5/18,RADR,836524045,70.0,F,A,37.0,N,,,,,,ARB18-020 -S32,0,,,
SanFrancisquito,1,9/5/18,RADR,836525305,102.0,F,A,100.0,N,,,,,,ARB18-020 -S7,0,,,
SanFrancisquito,1,9/5/18,RADR,836528021,98.0,F,A,100.0,N,,,,,,ARB18-020 -S68,0,,,
SanFrancisquito,1,9/5/18,RADR,836528293,101.0,F,A,105.0,N,,,,,,ARB18-020 -S42,0,,,
SanFrancisquito,1,9/5/18,RADR,836529120,67.0,F,A,30.0,N,,,,,,ARB18-020 -S15,0,,,
SanFrancisquito,1,9/5/18,RADR,836530370,60.0,F,A,25.0,N,,,,,,KLB18-018 -S94,0,,,
SanFrancisquito,1,9/5/18,RADR,836530603,96.5,F,A,105.0,N,,,,,,ARB18-020 -S59,0,,,
SanFrancisquito,1,9/5/18,RADR,836531817,84.0,F,A,60.0,N,,,,,,KLB18-018 -S68,0,,,
SanFrancisquito,1,9/5/18,RADR,836531873,100.0,F,A,100.0,N,,,,,,KLB18-018 -S83,0,,,
SanFrancisquito,1,9/5/18,RADR,836532273,107.0,F,A,145.0,N,,,,,,ARB18-020 -S49,0,,,
SanFrancisquito,1,9/5/18,RADR,836534551,62.0,F,A,28.0,N,,,,,,KLB18-018 -S96,0,,,
SanFrancisquito,1,9/5/18,RADR,836534777,60.0,F,A,26.0,N,,,,,,KLB18-018 -S79,0,,,
SanFrancisquito,1,9/5/18,RADR,836534790,70.0,F,A,33.0,N,,,,,,KLB18-018 -S53,0,,,
SanFrancisquito,1,9/5/18,RADR,836535057,69.0,F,A,37.0,N,,,,,,ARB18-020 -S41,0,,,
SanFrancisquito,1,9/5/18,RADR,836535306,65.0,F,A,19.0,N,,,,,,KLB18-018 -S62,0,,,
SanFrancisquito,1,9/5/18,RADR,836535547,170.0,F,A,120.0,N,,,,,,ARB18-020 -S8,0,,,
SanFrancisquito,1,9/5/18,RADR,836535833,79.0,F,A,60.0,N,,,,,,ARB18-020 -S52,0,,,
SanFrancisquito,1,9/5/18,RADR,836536858,75.0,F,A,56.0,N,,,,,,KLB18-018 -S92,0,,,
SanFrancisquito,1,9/5/18,RADR,836537016,102.0,F,A,105.0,N,,,,,,ARB18-020 -S6,0,,,
SanFrancisquito,1,9/5/18,RADR,836537047,65.0,F,A,23.0,N,,,,,,ARB18-020 -S46,0,,,
SanFrancisquito,1,9/5/18,RADR,836537053,55.0,F,A,20.0,N,,,,,,KLB18-018 -S75,0,,,
SanFrancisquito,1,9/5/18,RADR,836538638,76.0,F,A,46.0,N,,,,,,Missing second toe on right foot,0,,,
SanFrancisquito,1,9/5/18,RADR,836541843,73.0,F,A,47.0,N,,,,,,ARB18-020 -S55,0,,,
SanFrancisquito,1,9/5/18,RADR,836542550,93.0,F,A,87.0,N,,,,,,ARB18-020 -S47,0,,,
SanFrancisquito,1,9/5/18,RADR,836542888,75.0,F,A,35.5,N,,,,,,ARB18-020 -S61,0,,,
SanFrancisquito,1,9/5/18,RADR,836544521,81.0,F,A,53.0,N,,,,,,ARB18-020 -S66,0,,,
SanFrancisquito,1,9/5/18,RADR,836545625,75.0,F,A,37.0,N,,,,,,ARB18-020 -S45,0,,,
SanFrancisquito,1,9/5/18,RADR,836560594,67.0,F,A,25.5,N,,,,,,ARB18-020 -S39,0,,,
SanFrancisquito,1,9/6/18,RADR,044026549,95.0,F,A,96.0,N,,,,,,LG18-036 -S42,0,,,
SanFrancisquito,1,9/6/18,RADR,044032841,101.0,F,A,140.0,N,,,,,,ARB18-020 -S147,0,,,
SanFrancisquito,1,9/6/18,RADR,044036864,71.0,F,A,28.5,N,,,,,,ARB18-020 -S104,0,,,
SanFrancisquito,1,9/6/18,RADR,044042846,69.0,F,A,34.0,N,,,,,,ARB18-020 -S100,0,,,
SanFrancisquito,1,9/6/18,RADR,044050024,97.0,F,A,84.0,N,,,,,,ARB18-020 -S88,0,,,
SanFrancisquito,1,9/6/18,RADR,044050024,101.0,F,A,94.0,N,,,,,,LG18-036 -S38,0,,,
SanFrancisquito,1,9/6/18,RADR,044064359,100.0,F,A,105.0,N,,,,,,LG18-036 -S43,0,,,
SanFrancisquito,1,9/6/18,RADR,836378037,62.0,F,A,28.0,N,,,,,,ARB18-020 -S89,0,,,
SanFrancisquito,1,9/6/18,RADR,836380817,82.5,F,A,56.0,N,,,,,,ARB18-020 -S112,0,,,
SanFrancisquito,1,9/6/18,RADR,836380817,82.5,F,A,56.0,N,,,,,,LG18-036 -S56,0,,,
SanFrancisquito,1,9/6/18,RADR,836383585,75.0,F,A,47.0,N,,,,,,LG18-036 -S54,0,,,
SanFrancisquito,1,9/6/18,RADR,836512619,67.0,F,A,34.5,N,,,,,,ARB18-020 -S119,0,,,
SanFrancisquito,1,9/6/18,RADR,836514843,87.0,F,A,84.0,N,,,,,,LG18-036 -S31,0,,,
SanFrancisquito,1,9/6/18,RADR,836515082,104.0,F,A,105.0,N,,,,,,LG18-036 -S50,0,,,
SanFrancisquito,1,9/6/18,RADR,836515890,98.0,F,A,90.0,N,,,,,,LG18-036 -S40,0,,,
SanFrancisquito,1,9/6/18,RADR,836517348,70.0,F,A,37.5,N,,,,,,ARB18-020 -S130,0,,,
SanFrancisquito,1,9/6/18,RADR,836517518,70.0,F,A,37.0,N,,,,,,LG18-036 -S27,0,,,
SanFrancisquito,1,9/6/18,RADR,836518821,65.0,F,A,32.0,N,,,,,,ARB18-020 -S106,0,,,
SanFrancisquito,1,9/6/18,RADR,836518863,67.0,F,A,37.5,N,,,,,,ARB18-020 -S124,0,,,
SanFrancisquito,1,9/6/18,RADR,836518866,90.0,F,A,68.0,N,,,,,,LG18-036 -S39,0,,,
SanFrancisquito,1,9/6/18,RADR,836519097,60.0,F,A,21.0,N,,,,,,LG18-036 -S55,0,,,
SanFrancisquito,1,9/6/18,RADR,836519120,73.0,F,A,49.0,N,,,,,,ARB18-020 -S105,0,,,
SanFrancisquito,1,9/6/18,RADR,836522041,66.0,F,A,45.0,N,,,,,,LG18-036 -S61,0,,,
SanFrancisquito,1,9/6/18,RADR,836524045,74.0,F,A,30.0,N,,,,,,LG18-036 -S20,0,,,
SanFrancisquito,1,9/6/18,RADR,836525009,66.0,F,A,33.0,N,,,,,,ARB18-020 -S128,0,,,
SanFrancisquito,1,9/6/18,RADR,836525271,100.0,F,A,102.0,N,,,,,,LG18-036 -S24,0,,,
SanFrancisquito,1,9/6/18,RADR,836525305,100.0,F,A,105.0,N,,,,,,LG18-036 -S7,0,,,
SanFrancisquito,1,9/6/18,RADR,836526789,65.0,F,A,25.8,N,,,,,,ARB18-020 -S84,0,,,
SanFrancisquito,1,9/6/18,RADR,836527840,76.0,F,A,35.8,N,,,,,,ARB18-020 -S85,0,,,
SanFrancisquito,1,9/6/18,RADR,836528016,74.0,F,A,45.0,N,,,,,,ARB18-020 -S93,0,,,
SanFrancisquito,1,9/6/18,RADR,836529009,75.0,F,A,36.0,N,,,,,,ARB18-020 -S117,0,,,
SanFrancisquito,1,9/6/18,RADR,836529365,77.0,F,A,38.0,N,,,,,,LG18-036 -S44,0,,,
SanFrancisquito,1,9/6/18,RADR,836529523,100.0,F,A,120.0,N,,,,,,LG18-036 -S15,0,,,
SanFrancisquito,1,9/6/18,RADR,836529545,70.0,F,A,30.0,N,,,,,,LG18-036 -S48,0,,,
SanFrancisquito,1,9/6/18,RADR,836530370,60.0,F,A,25.0,N,,,,,,ARB18-020 -S163,0,,,
SanFrancisquito,1,9/6/18,RADR,836531873,97.5,F,A,107.0,N,,,,,,ARB18-020 -S103,0,,,
SanFrancisquito,1,9/6/18,RADR,836532534,70.0,F,A,36.0,N,,,,,,ARB18-020 -S133,0,,,
SanFrancisquito,1,9/6/18,RADR,836533581,77.0,F,A,44.5,N,,,,,,ARB18-020 -S118,0,,,
SanFrancisquito,1,9/6/18,RADR,836534105,77.0,F,A,47.5,N,,,,,,ARB18-020 -S115,0,,,
SanFrancisquito,1,9/6/18,RADR,836534277,64.0,F,A,32.5,N,,,,,,ARB18-020 -S120,0,,,
SanFrancisquito,1,9/6/18,RADR,836534337,64.0,F,A,27.5,N,,,,,,ARB18-020 -S134,0,,,
SanFrancisquito,1,9/6/18,RADR,836534618,80.0,F,A,49.0,N,,,,,,ARB18-020 -S83,0,,,
SanFrancisquito,1,9/6/18,RADR,836535025,70.0,F,A,36.5,N,,,,,,ARB18-020 -S114,0,,,
SanFrancisquito,1,9/6/18,RADR,836536054,91.0,F,A,79.0,N,,,,,,LG18-036 -S53,0,,,
SanFrancisquito,1,9/6/18,RADR,836536350,72.0,F,A,38.0,N,,,,,,LG18-036 -S10,0,,,
SanFrancisquito,1,9/6/18,RADR,836536554,77.0,F,A,45.0,N,,,,,,ARB18-020 -S132,0,,,
SanFrancisquito,1,9/6/18,RADR,836543375,66.5,F,A,35.5,N,,,,,,ARB18-020 -S131,0,,,
SanFrancisquito,1,9/6/18,RADR,836543590,65.0,F,A,28.0,N,,,,,,LG18-036 -S22,0,,,
SanFrancisquito,1,9/6/18,RADR,836544312,80.0,F,A,45.0,N,,,,,,LG18-036 -S26,0,,,
SanFrancisquito,1,9/6/18,RADR,836577528,92.0,F,A,88.0,N,,,,,,LG18-036 -S23,0,,,
SanFrancisquito,1,9/6/18,RADR,842788833,68.0,F,A,33.5,N,,,,,,ARB18-020 -S145,0,,,
SanFrancisquito,1,9/6/18,RADR,842789070,63.0,F,A,25.5,N,,,,,,ARB18-020 -S154,0,,,
SanFrancisquito,1,9/6/18,RADR,842789539,90.0,F,A,90.0,N,,,,,,ARB18-020 -S157,0,,,
SanFrancisquito,1,9/6/18,RADR,842795022,59.0,F,A,21.0,N,,,,,,ARB18-020 -S146,0,,,
SanFrancisquito,1,9/6/18,RADR,842795625,64.0,F,A,27.0,N,,,,,,ARB18-020 -S136,0,,,
SanFrancisquito,1,9/6/18,RADR,842797604,59.0,F,A,18.0,N,,,,,,ARB18-020 -S164,0,,,
SanFrancisquito,1,9/6/18,RADR,842797818,63.0,F,A,25.5,N,,,,,,ARB18-020 -S166,0,,,
SanFrancisquito,1,9/6/18,RADR,842798362,67.0,F,A,30.5,N,,,,,,ARB18-020 -S160,0,,,
SanFrancisquito,1,9/6/18,RADR,842799050,65.0,F,A,45.0,N,,,,,,ARB18-020 -S169,0,,,
SanFrancisquito,1,9/6/18,RADR,842800370,77.0,F,A,56.5,N,,,,,,ARB18-020 -S162,0,,,
SanFrancisquito,1,9/6/18,RADR,842800546,64.0,F,A,22.5,N,,,,,,ARB18-020 -S137,0,,,
SanFrancisquito,1,9/6/18,RADR,842801345,74.0,F,A,44.5,N,,,,,,ARB18-020 -S149,0,,,
SanFrancisquito,1,9/6/18,RADR,842802357,54.0,F,A,18.5,N,,,,,,ARB18-020 -S151,0,,,
SanFrancisquito,1,9/6/18,RADR,842802357,54.0,F,A,18.5,N,,,,,,LG18-036 -S59,0,,,
SanFrancisquito,1,9/6/18,RADR,842802574,94.0,F,A,90.0,N,,,,,,ARB18-020 -S156,0,,,
SanFrancisquito,1,9/6/18,RADR,842805872,75.0,F,A,43.5,N,,,,,,ARB18-020 -S141,0,,,
SanFrancisquito,1,9/6/18,RADR,842807288,77.0,F,A,43.5,N,,,,,,ARB18-020 -S135,0,,,
SanFrancisquito,1,9/7/18,RADR,044032841,110.0,F,A,145.0,N,,,,,,LG18-036 -S64,0,,,
SanFrancisquito,1,9/7/18,RADR,836515103,90.0,F,A,79.0,N,,,,,,LG18-036 -S72,0,,,
SanFrancisquito,1,9/7/18,RADR,836519299,60.0,F,A,27.0,N,,,,,,LG18-036 -S66,0,,,
SanFrancisquito,1,9/7/18,RADR,836530365,60.0,F,A,22.0,N,,,,,,LG18-036 -S65,0,,,
SanFrancisquito,1,9/7/18,RADR,836530588,56.0,F,A,23.0,N,,,,,,LG18-036 -S67,0,,,
SanFrancisquito,1,9/7/18,RADR,836534551,62.0,F,A,28.0,N,,,,,,LG18-036 -S74,0,,,
SanFrancisquito,1,9/7/18,RADR,836545837,70.0,F,A,59.0,N,,,,,,LG18-036 -S63,0,,,
SanFrancisquito,1,9/7/18,RADR,842797782,55.0,F,A,16.5,N,,,,,,LG18-036 -S78,0,,,
SanFrancisquito,1,9/7/18,RADR,842797856,71.0,F,A,49.0,N,,,,,,LG18-036 -S77,0,,,
SanFrancisquito,1,9/7/18,RADR,842801345,74.0,F,A,44.5,N,,,,,,LG18-036 -S75,0,,,
SanFrancisquito,1,9/7/18,RADR,842802574,94.0,F,A,90.0,N,,,,,,LG18-036 -S71,0,,,
SanFrancisquito,1,7/9/19,RADR,044020771,80.0,F,A,70.0,N,,,,,,LG19-024 -S27,0,,,
SanFrancisquito,1,7/9/19,RADR,044034288,90.0,F,A,90.0,N,,,,,,LG19-024 -S4,0,,,
SanFrancisquito,1,7/9/19,RADR,836525271,104.0,F,A,105.0,N,,,,,,LG19-024 -S18,0,,,
SanFrancisquito,1,7/9/19,RADR,836539070,100.0,F,A,125.0,N,,,,,,LG19-024 -S15,0,,,
SanFrancisquito,1,7/10/19,RADR,836525271,104.0,F,A,105.0,N,,,,,,LG19-025 -S17,0,,,
SanFrancisquito,1,7/10/19,RADR,842795814,82.0,F,A,75.0,N,,,,,,LG19-025 -S22,0,,,
SanFrancisquito,1,7/10/19,RADR,845263552,93.0,F,A,91.0,N,,,,,,LG19-025 -S7,0,,,
SanFrancisquito,1,7/10/19,RADR,845263589,85.0,F,A,51.0,N,,,,,,LG19-024 -S47,0,,,
SanFrancisquito,1,9/18/19,RADR,044032618,98.0,F,A,137.0,N,,,,,,ARB19-040 -S22,0,,,
SanFrancisquito,1,9/18/19,RADR,044035879,80.0,F,A,72.0,N,,,,,,ARB19-040 -S20,0,,,
SanFrancisquito,1,9/18/19,RADR,842795814,85.0,F,A,74.0,N,,,,,,ARB19-040 -S23,0,,,
SanFrancisquito,1,9/18/19,RADR,845263562,75.0,F,A,44.5,N,,,,,,ARB19-040 -S1,0,,,
SanFrancisquito,1,9/18/19,RADR,845295884,98.0,F,A,106.0,N,,,,,,ARB19-040 -S44,0,,,
SanFrancisquito,1,9/18/19,RADR,845296087,78.0,F,A,52.0,N,,,,,18ARMI1050,ARB19-040 -S34,0,,,
SanFrancisquito,1,9/19/19,RADR,836515103,90.0,F,A,99.0,N,,,,,,ARB19-040 -S51,0,,,
SanFrancisquito,1,9/19/19,RADR,836534551,85.0,F,A,85.0,N,,,,,,ARB19-041 -S34,0,,,
SanFrancisquito,1,9/19/19,RADR,842795625,80.0,F,A,63.0,N,,,,,,ARB19-041 -S31,0,,,
SanFrancisquito,1,9/19/19,RADR,842795814,85.0,F,A,74.0,N,,,,,,ARB19-041 -S16,0,,,
SanFrancisquito,1,9/19/19,RADR,845263562,75.0,F,A,44.5,N,,,,,,ARB19-041 -S2,0,,,
SanFrancisquito,1,9/19/19,RADR,845295853,91.0,F,A,100.0,N,,,,,,ARB19-041 -S33,0,,,
SanFrancisquito,1,9/19/19,RADR,845295884,98.0,F,A,106.0,N,,,,,,ARB19-041 -S26,0,,,
SanFrancisquito,1,9/19/19,RADR,845296064,92.0,F,A,78.0,N,,,,,,ARB19-041 -S3,0,,,
SanFrancisquito,1,9/19/19,RADR,845296549,89.0,F,A,72.0,N,,,,,,ARB19-041 -S28,0,,,
SanFrancisquito,1,9/19/19,RADR,845296598,89.0,F,A,88.0,N,,,,,,ARB19-040 -S48,0,,,
SanFrancisquito,1,9/19/19,RADR,845296834,82.0,F,A,75.0,N,,,,,,ARB19-041 -S17,0,,,
SanFrancisquito,1,9/1/20,RADR,108005257,,F,A,,N,,,,,,CJH20-041 -S24,0,,,
SanFrancisquito,1,9/1/20,RADR,836525271,,F,A,,N,,,,,,CJH20-041 -S14,0,,,
SanFrancisquito,1,9/1/20,RADR,842802279,,F,A,,N,,,,,,CJH20-041 -S15,0,,,
SanFrancisquito,1,9/1/20,RADR,845263051,,F,A,,N,,,,,,CJH20-041 -S17,0,,,
SanFrancisquito,1,9/1/20,RADR,845263350,,F,A,,N,,,,,,CJH20-041 -S16,0,,,
SanFrancisquito,1,9/1/20,RADR,845531050,,F,A,,N,,,,,,CJH20-041 -S21,0,,,
SanFrancisquito,1,9/1/20,RADR,845531284,,F,A,,N,,,,,,CJH20-041 -S31,0,,,
SanFrancisquito,1,9/1/20,RADR,845534061,95.0,F,A,105.0,N,,,,,20ARMI0949,CJH20-040 -S58,0,,,
SanFrancisquito,1,9/2/20,RADR,108005257,,F,A,,N,,,,,,CJH20-042 -S15,0,,,
SanFrancisquito,1,9/2/20,RADR,836523609,,F,A,,N,,,,,,CJH20-042 -S34,0,,,
SanFrancisquito,1,9/2/20,RADR,836525271,,F,A,,N,,,,,,CJH20-042 -S7,0,,,
SanFrancisquito,1,9/2/20,RADR,842802279,,F,A,,N,,,,,,CJH20-042 -S6,0,,,
SanFrancisquito,1,9/2/20,RADR,845531050,,F,A,,N,,,,,,CJH20-042 -S11,0,,,
SanFrancisquito,1,9/2/20,RADR,845534061,,F,A,,N,,,,,,CJH20-042 -S41,0,,,
SanFrancisquito,1,11/4/20,RADR,044034288,,F,A,,N,,,,,,CJH20-046 -S5,0,,,
SanFrancisquito,1,11/4/20,RADR,605523779,,F,A,,N,,,,,,CJH20-046 -S22,0,,,
SanFrancisquito,1,11/4/20,RADR,845263382,,F,A,,N,,,,,,CJH20-046 -S20,0,,,
SanFrancisquito,1,11/5/20,RADR,044034288,,F,A,,N,,,,,,CJH20-047 -S5,0,,,
SanFrancisquito,1,11/5/20,RADR,605523779,,F,A,,N,,,,,,CJH20-047 -S22,0,,,
SanFrancisquito,1,11/5/20,RADR,842802279,,F,A,,N,,,,,,CJH20-047 -S8,0,,,
SanFrancisquito,1,11/5/20,RADR,845263382,,F,A,,N,,,,,,CJH20-047 -S15,0,,,
SanFrancisquito,1,11/5/20,RADR,845296064,,F,A,,N,,,,,,CJH20-047 -S1,0,,,
SanFrancisquito,1,11/5/20,RADR,845296532,,F,A,,N,,,,,,CJH20-047 -S19,0,,,
SanFrancisquito,1,11/5/20,RADR,845529850,,F,A,,N,,,,,,CJH20-047 -S21,0,,,
SanFrancisquito,1,8/4/21,RADR,108005257,,F,A,,N,,,,,,CJH21-023 -S28,0,,,
SanFrancisquito,1,8/4/21,RADR,836380350,,F,A,,N,,,,,,CJH21-023 -S4,0,,,
SanFrancisquito,1,8/4/21,RADR,836525271,,F,A,,N,,,,,,CJH21-023 -S18,0,,,
SanFrancisquito,1,8/4/21,RADR,845263569,,F,A,,N,,,,,,CJH21-023 -S15,0,,,
SanFrancisquito,1,8/4/21,RADR,845296532,,F,A,,N,,,,,,CJH21-023 -S30,0,,,
SanFrancisquito,1,8/4/21,RADR,845529036,,F,A,,N,,,,,,CJH21-023 -S1,0,,,
SanFrancisquito,1,8/4/21,RADR,845529850,,F,A,,N,,,,,,CJH21-023 -S32,0,,,
SanFrancisquito,1,8/4/21,RADR,845530361,,F,A,,N,,,,,,CJH21-023 -S3,0,,,
SanFrancisquito,1,8/4/21,RADR,845530620,,F,A,,N,,,,,,CJH21-023 -S25,0,,,
SanFrancisquito,1,8/4/21,RADR,845531603,,F,A,,N,,,,,,CJH21-023 -S27,0,,,
SanFrancisquito,1,8/5/21,RADR,108005257,,F,A,,N,,,,,,CJH21-024 -S29,0,,,
SanFrancisquito,1,8/5/21,RADR,836380350,,F,A,,N,,,,,,CJH21-024 -S3,0,,,
SanFrancisquito,1,8/5/21,RADR,836524257,,F,A,,N,,,,,,CJH21-024 -S14,0,,,
SanFrancisquito,1,8/5/21,RADR,842802357,,F,A,,N,,,,,,CJH21-024 -S47,0,,,
SanFrancisquito,1,8/5/21,RADR,842802574,,F,A,,N,,,,,,CJH21-024 -S4,0,,,
SanFrancisquito,1,8/5/21,RADR,845263569,,F,A,,N,,,,,,CJH21-024 -S6,0,,,
SanFrancisquito,1,8/5/21,RADR,845295872,,F,A,,N,,,,,,CJH21-024 -S10,0,,,
SanFrancisquito,1,8/5/21,RADR,845528852,,F,A,,N,,,,,,CJH21-024 -S18,0,,,
SanFrancisquito,1,8/5/21,RADR,845529850,,F,A,,N,,,,,,CJH21-024 -S36,0,,,
SanFrancisquito,1,8/5/21,RADR,845531603,,F,A,,N,,,,,,CJH21-024 -S30,0,,,
SanFrancisquito,1,8/5/21,RADR,845534622,,F,A,,N,,,,,,CJH21-024 -S44,0,,,
SanFrancisquito,1,8/5/21,RADR,845535358,,F,A,,N,,,,,,CJH21-024 -S52,0,,,
SanFrancisquito,1,8/6/21,RADR,605309834,,F,A,,N,,,,,,CJH21-024 -S72,0,,,
SanFrancisquito,1,8/6/21,RADR,836541098,,F,A,,N,,,,,,CJH21-024 -S88,0,,,
SanFrancisquito,1,8/6/21,RADR,845527362,,F,A,,N,,,,,,CJH21-024 -S76,0,,,
SanFrancisquito,1,8/6/21,RADR,845528125,,F,A,,N,,,,,,CJH21-024 -S82,0,,,
SanFrancisquito,1,8/6/21,RADR,845531122,,F,A,,N,,,,,,CJH21-024 -S57,0,,,
SanFrancisquito,1,8/6/21,RADR,845531523,,F,A,,N,,,,,,CJH21-024 -S61,0,,,
SanFrancisquito,1,8/6/21,RADR,845534061,,F,A,,N,,,,,,CJH21-024 -S86,0,,,
SanFrancisquito,1,10/5/21,RADR,845263350,,F,A,,N,,,,,,JNH21-048 -S7,0,,,
SanFrancisquito,1,10/5/21,RADR,845527362,,F,A,,N,,,,,,JNH21-048 -S47,0,,,
SanFrancisquito,1,10/5/21,RADR,845527868,,F,A,,N,,,,,,JNH21-048 -S53,0,,,
SanFrancisquito,1,10/5/21,RADR,845529036,,F,A,,N,,,,,,JNH21-048 -S8,0,,,
SanFrancisquito,1,10/5/21,RADR,845529045,,F,A,,N,,,,,,JNH21-048 -S42,0,,,
SanFrancisquito,1,10/5/21,RADR,845529787,,F,A,,N,,,,,,JNH21-048 -S21,0,,,
SanFrancisquito,1,10/5/21,RADR,845530620,,F,A,,N,,,,,,JNH21-048 -S14,0,,,
SanFrancisquito,1,10/5/21,RADR,845531089,,F,A,,N,,,,,,JNH21-048 -S27,0,,,
SanFrancisquito,1,10/5/21,RADR,845862522,,F,A,,N,,,,,,JNH21-048 -S51,0,,,
SanFrancisquito,1,10/5/21,RADR,845863864,,F,A,,N,,,,,,JNH21-048 -S57,0,,,
SanFrancisquito,1,10/6/21,RADR,845263350,,F,A,,N,,,,,,JNH21-049 -S9,0,,,
SanFrancisquito,1,10/6/21,RADR,845295886,,F,A,,N,,,,,,JNH21-049 -S12,0,,,
SanFrancisquito,1,10/6/21,RADR,845527362,,F,A,,N,,,,,,JNH21-049 -S52,0,,,
SanFrancisquito,1,10/6/21,RADR,845530361,,F,A,,N,,,,,,JNH21-049 -S1,0,,,
SanFrancisquito,1,10/6/21,RADR,845530620,,F,A,,N,,,,,,JNH21-049 -S11,0,,,
SanFrancisquito,1,10/6/21,RADR,845531089,,F,A,,N,,,,,,JNH21-049 -S19,0,,,
SanFrancisquito,1,10/6/21,RADR,845531122,,F,A,,N,,,,,,JNH21-049 -S46,0,,,
SanFrancisquito,1,10/6/21,RADR,845531523,,F,A,,N,,,,,,JNH21-049 -S32,0,,,
SanFrancisquito,1,10/6/21,RADR,845534061,,F,A,,N,,,,,,JNH21-049 -S66,0,,,
SanFrancisquito,1,10/6/21,RADR,845862522,,F,A,,N,,,,,,JNH21-049 -S63,0,,,
SanFrancisquito,1,9/4/18,RADR,044033348,80.0,M,A,57.0,N,,,,,,KLB18-018 -S32,0,,,
SanFrancisquito,1,9/4/18,RADR,044038116,84.0,M,A,67.0,N,,,,,,KLB18-018 -S42,0,,,
SanFrancisquito,1,9/4/18,RADR,044039327,,M,A,67.0,N,,,,,,KLB18-018 -S21,0,,,
SanFrancisquito,1,9/4/18,RADR,044043328,83.0,M,A,59.0,N,,,,,,KLB18-018 -S19,0,,,
SanFrancisquito,1,9/4/18,RADR,044047568,85.0,M,A,62.0,N,,,,,,"KLB18-018 -S25, 4 toe cut off",0,,,
SanFrancisquito,1,9/4/18,RADR,053545060,80.0,M,A,63.0,N,,,,,,KLB18-018 -S51,0,,,
SanFrancisquito,1,9/4/18,RADR,836381624,65.0,M,A,32.0,N,,,,,,KLB18-018 -S52,0,,,
SanFrancisquito,1,9/4/18,RADR,836513124,72.0,M,A,35.0,N,,,,,,KLB18-018 -S40,0,,,
SanFrancisquito,1,9/4/18,RADR,836516047,85.0,M,A,74.0,N,,,,,,KLB18-018 -S49,0,,,
SanFrancisquito,1,9/4/18,RADR,836520628,65.0,M,A,32.0,N,,,,,,KLB18-018 -S36,0,,,
SanFrancisquito,1,9/4/18,RADR,836537343,95.0,M,A,63.0,N,,,,,,KLB18-018 -S18,0,,,
SanFrancisquito,1,9/4/18,RADR,836543590,64.0,M,A,30.0,N,,,,,,KLB18-018 -S31,0,,,
SanFrancisquito,1,9/4/18,RADR,836545529,71.0,M,A,41.0,N,,,,,,KLB18-018 -S17,0,,,
SanFrancisquito,1,9/4/18,RADR,836545625,75.0,M,A,37.0,N,,,,,,KLB18-018 -S44,0,,,
SanFrancisquito,1,9/5/18,RADR,020835879,90.0,M,A,75.0,N,,,,,,KLB18-018 -S85,0,,,
SanFrancisquito,1,9/5/18,RADR,044032782,90.5,M,A,85.5,N,,,,,,Injury on back,0,,,
SanFrancisquito,1,9/5/18,RADR,044037020,80.0,M,A,53.0,N,,,,,,KLB18-018 -S57,0,,,
SanFrancisquito,1,9/5/18,RADR,044038116,84.0,M,A,89.0,N,,,,,,ARB18-020 -S48,0,,,
SanFrancisquito,1,9/5/18,RADR,044052095,88.0,M,A,91.5,N,,,,,,ARB18-020 -S67,0,,,
SanFrancisquito,1,9/5/18,RADR,044068360,90.0,M,A,66.0,N,,,,,,KLB18-018 -S61,0,,,
SanFrancisquito,1,9/5/18,RADR,053545060,84.0,M,A,64.5,N,,,,,,ARB18-020 -S56,0,,,
SanFrancisquito,1,9/5/18,RADR,108008536,84.5,M,A,39.3,N,,,,,,ARB18-020 -S35,0,,,
SanFrancisquito,1,9/5/18,RADR,836381624,65.0,M,A,32.0,N,,,,,,ARB18-020 -S58,0,,,
SanFrancisquito,1,9/5/18,RADR,836513519,72.5,M,A,31.5,N,,,,,,ARB18-020 -S37,0,,,
SanFrancisquito,1,9/5/18,RADR,836517009,66.0,M,A,31.5,N,,,,,,ARB18-020 -S76,0,,,
SanFrancisquito,1,9/5/18,RADR,836517785,86.0,M,A,52.5,N,,,,,,ARB18-020 -S60,0,,,
SanFrancisquito,1,9/5/18,RADR,836518619,83.0,M,A,51.5,N,,,,,,ARB18-020 -S78,0,,,
SanFrancisquito,1,9/5/18,RADR,836521368,87.0,M,A,85.0,N,,,,,,ARB18-020 -S51,0,,,
SanFrancisquito,1,9/5/18,RADR,836523633,70.0,M,A,30.0,N,,,,,,KLB18-018 -S56,0,,,
SanFrancisquito,1,9/5/18,RADR,836523633,70.0,M,A,30.0,N,,,,,,ARB18-020 -S62,0,,,
SanFrancisquito,1,9/5/18,RADR,836528057,62.0,M,A,33.0,N,,,,,,KLB18-018 -S72,0,,,
SanFrancisquito,1,9/5/18,RADR,836530322,80.0,M,A,60.0,N,,,,,,KLB18-018 -S93,0,,,
SanFrancisquito,1,9/5/18,RADR,836537343,85.0,M,A,61.0,N,,,,,,ARB18-020 -S14,0,,,
SanFrancisquito,1,9/5/18,RADR,836537798,99.0,M,A,70.5,N,,,,,,ARB18-020 -S9,0,,,
SanFrancisquito,1,9/5/18,RADR,836538827,67.0,M,A,30.0,N,,,,,,KLB18-018 -S71,0,,,
SanFrancisquito,1,9/5/18,RADR,836540118,70.0,M,A,37.0,N,,,,,,KLB18-018 -S84,0,,,
SanFrancisquito,1,9/5/18,RADR,836540794,65.0,M,A,31.0,N,,,,,,KLB18-018 -S100,0,,,
SanFrancisquito,1,9/5/18,RADR,836541033,78.0,M,A,59.0,N,,,,,,KLB18-018 -S64,0,,,
SanFrancisquito,1,9/5/18,RADR,836541778,68.0,M,A,34.0,N,,,,,,KLB18-018 -S69,0,,,
SanFrancisquito,1,9/5/18,RADR,836543310,65.0,M,A,33.0,N,,,,,,KLB18-018 -S98,0,,,
SanFrancisquito,1,9/5/18,RADR,836543316,75.0,M,A,37.0,N,,,,,,ARB18-020 -S4,0,,,
SanFrancisquito,1,9/5/18,RADR,836543595,75.0,M,A,45.0,N,,,,,,KLB18-018 -S65,0,,,
SanFrancisquito,1,9/5/18,RADR,836543618,62.0,M,A,25.0,N,,,,,,KLB18-018 -S90,0,,,
SanFrancisquito,1,9/5/18,RADR,836543889,70.0,M,A,30.0,N,,,,,,KLB18-018 -S87,0,,,
SanFrancisquito,1,9/5/18,RADR,836571085,66.0,M,A,30.5,N,,,,,,ARB18-020 -S77,0,,,
SanFrancisquito,1,9/6/18,RADR,044021028,81.0,M,A,46.0,N,,,,,,ARB18-020 -S110,0,,,
SanFrancisquito,1,9/6/18,RADR,044047568,85.0,M,A,60.0,N,,,,,,LG18-036 -S25,0,,,
SanFrancisquito,1,9/6/18,RADR,044051095,82.0,M,A,42.5,N,,,,,,ARB18-020 -S99,0,,,
SanFrancisquito,1,9/6/18,RADR,044057262,78.0,M,A,55.0,N,,,,,,ARB18-020 -S129,0,,,
SanFrancisquito,1,9/6/18,RADR,044062540,80.0,M,A,53.5,N,,,,,,ARB18-020 -S126,0,,,
SanFrancisquito,1,9/6/18,RADR,044062822,80.0,M,A,54.0,N,,,,,,LG18-036 -S19,0,,,
SanFrancisquito,1,9/6/18,RADR,108008536,84.0,M,A,47.0,N,,,,,,LG18-036 -S17,0,,,
SanFrancisquito,1,9/6/18,RADR,108015272,70.5,M,A,36.5,N,,,,,,ARB18-020 -S96,0,,,
SanFrancisquito,1,9/6/18,RADR,836380853,66.0,M,A,26.5,N,,,,,,ARB18-020 -S123,0,,,
SanFrancisquito,1,9/6/18,RADR,836381539,63.0,M,A,27.0,N,,,,,,ARB18-020 -S107,0,,,
SanFrancisquito,1,9/6/18,RADR,836383541,65.0,M,A,28.0,N,,,,,,LG18-036 -S37,0,,,
SanFrancisquito,1,9/6/18,RADR,836383846,85.0,M,A,75.0,N,,,,,,LG18-036 -S4,0,,,
SanFrancisquito,1,9/6/18,RADR,836517009,66.0,M,A,31.5,N,,,,,,LG18-036 -S32,0,,,
SanFrancisquito,1,9/6/18,RADR,836517533,70.0,M,A,37.0,N,,,,,,LG18-036 -S6,0,,,
SanFrancisquito,1,9/6/18,RADR,836521334,57.0,M,A,20.5,N,,,,,,ARB18-020 -S111,0,,,
SanFrancisquito,1,9/6/18,RADR,836521542,60.0,M,A,33.0,N,,,,,,LG18-036 -S47,0,,,
SanFrancisquito,1,9/6/18,RADR,836523517,75.0,M,A,39.5,N,,,,,,ARB18-020 -S116,0,,,
SanFrancisquito,1,9/6/18,RADR,836523517,75.0,M,A,39.5,N,,,,,,LG18-036 -S57,0,,,
SanFrancisquito,1,9/6/18,RADR,836523834,83.0,M,A,64.5,N,,,,,,ARB18-020 -S139,0,,,
SanFrancisquito,1,9/6/18,RADR,836526105,66.0,M,A,31.0,N,,,,,,ARB18-020 -S91,0,,,
SanFrancisquito,1,9/6/18,RADR,836533558,82.0,M,A,58.0,N,,,,,,ARB18-020 -S127,0,,,
SanFrancisquito,1,9/6/18,RADR,836533558,82.0,M,A,58.0,N,,,,,,LG18-036 -S60,0,,,
SanFrancisquito,1,9/6/18,RADR,836536778,83.0,M,A,59.0,N,,,,,,ARB18-020 -S165,0,,,
SanFrancisquito,1,9/6/18,RADR,836536878,66.0,M,A,31.0,N,,,,,,ARB18-020 -S121,0,,,
SanFrancisquito,1,9/6/18,RADR,836537107,74.0,M,A,46.0,N,,,,,,ARB18-020 -S94,0,,,
SanFrancisquito,1,9/6/18,RADR,836537548,61.0,M,A,30.0,N,,,,,,ARB18-020 -S95,0,,,
SanFrancisquito,1,9/6/18,RADR,836538028,65.0,M,A,30.0,N,,,,,,LG18-036 -S45,0,,,
SanFrancisquito,1,9/6/18,RADR,836539075,79.0,M,A,43.0,N,,,,,,LG18-036 -S41,0,,,
SanFrancisquito,1,9/6/18,RADR,836539371,79.5,M,A,51.5,N,,,,,,ARB18-020 -S90,0,,,
SanFrancisquito,1,9/6/18,RADR,836541098,65.0,M,A,25.0,N,,,,,,LG18-036 -S52,0,,,
SanFrancisquito,1,9/6/18,RADR,836543595,75.0,M,A,45.0,N,,,,,,LG18-036 -S36,0,,,
SanFrancisquito,1,9/6/18,RADR,836545847,65.0,M,A,25.8,N,,,,,,ARB18-020 -S109,0,,,
SanFrancisquito,1,9/6/18,RADR,836547092,87.0,M,A,54.0,N,,,,,,LG18-036 -S16,0,,,
SanFrancisquito,1,9/6/18,RADR,841561817,74.0,M,A,40.5,N,,,,,,ARB18-020 -S155,0,,,
SanFrancisquito,1,9/6/18,RADR,842788565,63.0,M,A,24.5,N,,,,,,ARB18-020 -S148,0,,,
SanFrancisquito,1,9/6/18,RADR,842793571,67.0,M,A,28.0,N,,,,,,ARB18-020 -S152,0,,,
SanFrancisquito,1,9/6/18,RADR,842794298,68.0,M,A,30.5,N,,,,,,ARB18-020 -S159,0,,,
SanFrancisquito,1,9/6/18,RADR,842795374,69.0,M,A,37.0,N,,,,,,ARB18-020 -S153,0,,,
SanFrancisquito,1,9/6/18,RADR,842796303,73.0,M,A,35.5,N,,,,,,ARB18-020 -S167,0,,,
SanFrancisquito,1,9/6/18,RADR,842796846,67.0,M,A,37.0,N,,,,,,ARB18-020 -S158,0,,,
SanFrancisquito,1,9/6/18,RADR,842797016,69.0,M,A,30.5,N,,,,,,ARB18-020 -S142,0,,,
SanFrancisquito,1,9/6/18,RADR,842797521,71.0,M,A,36.5,N,,,,,,ARB18-020 -S140,0,,,
SanFrancisquito,1,9/6/18,RADR,842799550,68.0,M,A,30.0,N,,,,,,ARB18-020 -S138,0,,,
SanFrancisquito,1,9/6/18,RADR,842799610,57.0,M,A,16.0,N,,,,,,ARB18-020 -S150,0,,,
SanFrancisquito,1,9/6/18,RADR,842804264,73.0,M,A,43.0,N,,,,,,ARB18-020 -S168,0,,,
SanFrancisquito,1,9/6/18,RADR,842804526,62.0,M,A,22.0,N,,,,,,ARB18-020 -S143,0,,,
SanFrancisquito,1,9/6/18,RADR,842806879,73.0,M,A,54.0,N,,,,,,ARB18-020 -S161,0,,,
SanFrancisquito,1,9/6/18,RADR,842807266,73.0,M,A,38.5,N,,,,,,ARB18-020 -S144,0,,,
SanFrancisquito,1,9/7/18,RADR,836525376,67.0,M,A,39.0,N,,,,,,LG18-036 -S69,0,,,
SanFrancisquito,1,9/7/18,RADR,836541098,75.0,M,A,34.0,N,,,,,,LG18-036 -S70,0,,,
SanFrancisquito,1,9/7/18,RADR,842794308,60.0,M,A,29.0,N,,,,,,LG18-036 -S73,0,,,
SanFrancisquito,1,9/7/18,RADR,842804526,62.0,M,A,22.0,N,,,,,,LG18-036 -S68,0,,,
SanFrancisquito,1,9/7/18,RADR,842805126,65.0,M,A,31.0,N,,,,,,LG18-036 -S76,0,,,
SanFrancisquito,1,7/9/19,RADR,044030584,,M,A,,N,,,,,,LG19-024 -S34,0,,,
SanFrancisquito,1,7/9/19,RADR,044032073,77.0,M,A,63.0,N,,,,,,LG19-024 -S17,0,,,
SanFrancisquito,1,7/9/19,RADR,044035772,,M,A,,N,,,,,,LG19-024 -S2,0,,,
SanFrancisquito,1,7/10/19,RADR,044035772,,M,A,,N,,,,,,LG19-025 -S5,0,,,
SanFrancisquito,1,7/10/19,RADR,836533558,83.0,M,A,70.0,N,,,,,,LG19-024 -S43,0,,,
SanFrancisquito,1,7/10/19,RADR,845263859,72.0,M,A,42.0,N,,,,,,LG19-024 -S44,0,,,
SanFrancisquito,1,7/11/19,RADR,845263038,77.0,M,A,55.0,N,,,,,,LG19-025 -S35,0,,,
SanFrancisquito,1,7/11/19,RADR,845263827,75.0,M,A,41.0,N,,,,,,LG19-025 -S34,0,,,
SanFrancisquito,1,9/18/19,RADR,845296527,72.0,M,A,41.0,N,,,,,,ARB19-040 -S14,0,,,
SanFrancisquito,1,9/19/19,RADR,842795374,74.0,M,A,65.0,N,,,,,,ARB19-041 -S27,0,,,
SanFrancisquito,1,9/1/20,RADR,044056598,,M,A,,N,,,,,,CJH20-041 -S42,0,,,
SanFrancisquito,1,9/1/20,RADR,845262825,,M,A,,N,,,,,,CJH20-041 -S13,0,,,
SanFrancisquito,1,9/2/20,RADR,044056598,,M,A,,N,,,,,,CJH20-042 -S33,0,,,
SanFrancisquito,1,9/2/20,RADR,842796060,,M,A,,N,,,,,,CJH20-042 -S32,0,,,
SanFrancisquito,1,9/2/20,RADR,845535074,,M,A,,N,,,,,,CJH20-042 -S16,0,,,
SanFrancisquito,1,11/4/20,RADR,845296080,,M,A,,N,,,,,,CJH20-046 -S27,0,,,
SanFrancisquito,1,8/4/21,RADR,841559829,,M,A,,N,,,,,,CJH21-023 -S24,0,,,
SanFrancisquito,1,8/4/21,RADR,845295972,,M,A,,N,,,,,,CJH21-023 -S14,0,,,
SanFrancisquito,1,8/4/21,RADR,845527789,,M,A,,N,,,,,,CJH21-023 -S13,0,,,
SanFrancisquito,1,8/4/21,RADR,845534639,,M,A,,N,,,,,,CJH21-023 -S22,0,,,
SanFrancisquito,1,8/5/21,RADR,605525333,,M,A,,N,,,,,,CJH21-024 -S7,0,,,
SanFrancisquito,1,8/5/21,RADR,836378037,,M,A,,N,,,,,,CJH21-024 -S11,0,,,
SanFrancisquito,1,8/5/21,RADR,845263026,,M,A,,N,,,,,,CJH21-024 -S12,0,,,
SanFrancisquito,1,8/5/21,RADR,845263127,,M,A,,N,,,,,,CJH21-024 -S2,0,,,
SanFrancisquito,1,8/5/21,RADR,845530774,77.0,M,A,46.0,N,,,,,,CJH21-023 -S44,0,,,
SanFrancisquito,1,8/5/21,RADR,845531791,,M,A,,N,,,,,,CJH21-024 -S49,0,,,
SanFrancisquito,1,8/5/21,RADR,845532615,,M,A,,N,,,,,,CJH21-024 -S13,0,,,
SanFrancisquito,1,8/5/21,RADR,845533048,,M,A,,N,,,,,,CJH21-024 -S45,0,,,
SanFrancisquito,1,8/5/21,RADR,845535596,,M,A,,N,,,,,,CJH21-024 -S35,0,,,
SanFrancisquito,1,8/5/21,RADR,845535776,,M,A,,N,,,,,,CJH21-024 -S21,0,,,
SanFrancisquito,1,8/6/21,RADR,836541598,,M,A,,N,,,,,,CJH21-024 -S73,0,,,
SanFrancisquito,1,8/6/21,RADR,845527104,,M,A,,N,,,,,,CJH21-024 -S75,0,,,
SanFrancisquito,1,8/6/21,RADR,845527323,,M,A,,N,,,,,,CJH21-024 -S74,0,,,
SanFrancisquito,1,8/6/21,RADR,845528881,,M,A,,N,,,,,,CJH21-024 -S85,0,,,
SanFrancisquito,1,8/6/21,RADR,845529539,,M,A,,N,,,,,,CJH21-024 -S65,0,,,
SanFrancisquito,1,8/6/21,RADR,845531285,,M,A,,N,,,,,,CJH21-024 -S55,0,,,
SanFrancisquito,1,8/6/21,RADR,845531600,,M,A,,N,,,,,,CJH21-024 -S64,0,,,
SanFrancisquito,1,8/6/21,RADR,845532042,,M,A,,N,,,,,,CJH21-024 -S63,0,,,
SanFrancisquito,1,8/6/21,RADR,845532858,,M,A,,N,,,,,,CJH21-024 -S87,0,,,
SanFrancisquito,1,10/4/21,RADR,845535048,77.0,M,A,51.0,N,,,,,21ARMI0731,MNW21-048 -S55,0,,,
SanFrancisquito,1,10/5/21,RADR,605518520,,M,A,,N,,,,,,JNH21-048 -S10,0,,,
SanFrancisquito,1,10/5/21,RADR,845527016,,M,A,,N,,,,,,JNH21-048 -S29,0,,,
SanFrancisquito,1,10/5/21,RADR,845528881,85.0,M,A,56.0,N,,,,,,MNW21-048 -S103,0,,,
SanFrancisquito,1,10/5/21,RADR,845528881,,M,A,,N,,,,,,JNH21-048 -S59,0,,,
SanFrancisquito,1,10/5/21,RADR,845531610,,M,A,,N,,,,,,JNH21-048 -S62,0,,,
SanFrancisquito,1,10/5/21,RADR,845532568,,M,A,,N,,,,,,JNH21-048 -S37,0,,,
SanFrancisquito,1,10/5/21,RADR,845533109,,M,A,,N,,,,,,JNH21-048 -S49,0,,,
SanFrancisquito,1,10/5/21,RADR,845535082,,M,A,,N,,,,,,JNH21-048 -S48,0,,,
SanFrancisquito,1,10/6/21,RADR,044029371,,M,A,,N,,,,,,JNH21-049 -S54,0,,,
SanFrancisquito,1,10/6/21,RADR,605521281,,M,A,,N,,,,,,JNH21-049 -S35,0,,,
SanFrancisquito,1,10/6/21,RADR,836541098,,M,A,,N,,,,,,JNH21-049 -S67,0,,,
SanFrancisquito,1,10/6/21,RADR,845296015,,M,A,,N,,,,,,JNH21-049 -S56,0,,,
SanFrancisquito,1,10/6/21,RADR,845528585,,M,A,,N,,,,,,JNH21-049 -S17,0,,,
SanFrancisquito,1,10/6/21,RADR,845528881,,M,A,,N,,,,,,JNH21-049 -S64,0,,,
SanFrancisquito,1,10/6/21,RADR,845529332,,M,A,,N,,,,,,JNH21-049 -S50,0,,,
SanFrancisquito,1,10/6/21,RADR,845530556,,M,A,,N,,,,,,JNH21-049 -S68,0,,,
SanFrancisquito,1,10/6/21,RADR,845530556,,M,A,,N,,,,,,JNH21-049 -S69,0,,,
SanFrancisquito,1,10/6/21,RADR,845530573,,M,A,,N,,,,,,JNH21-049 -S39,0,,,
SanFrancisquito,1,10/6/21,RADR,845530589,,M,A,,N,,,,,,JNH21-049 -S7,0,,,
SanFrancisquito,1,10/6/21,RADR,845530832,,M,A,,N,,,,,,JNH21-049 -S43,0,,,
SanFrancisquito,1,10/6/21,RADR,845531537,,M,A,,N,,,,,,JNH21-049 -S33,0,,,
SanFrancisquito,1,10/6/21,RADR,845532042,,M,A,,N,,,,,,JNH21-049 -S51,0,,,
SanFrancisquito,1,10/6/21,RADR,845532357,,M,A,,N,,,,,,JNH21-049 -S53,0,,,
SanFrancisquito,1,10/6/21,RADR,845533109,,M,A,,N,,,,,,JNH21-049 -S48,0,,,
SanFrancisquito,1,10/6/21,RADR,845535082,,M,A,,N,,,,,,JNH21-049 -S55,0,,,
SanFrancisquito,1,10/6/21,RADR,845535784,,M,A,,N,,,,,,JNH21-049 -S37,0,,,
SanFrancisquito,1,10/6/21,RADR,845861853,,M,A,,N,,,,,,JNH21-049 -S49,0,,,
SanFrancisquito,1,9/6/18,RADR,836527516,54.5,U,A,13.5,N,,,,,,ARB18-020 -S122,0,,,
SanFrancisquito,1,9/6/18,RADR,836532357,72.0,U,A,42.0,N,,,,,,LG18-036 -S49,0,,,
SanFrancisquito,1,10/5/21,RADR,845528907,,U,A,,N,,,,,,JNH21-048 -S13,0,,,
SanFrancisquito,1,9/1/20,RADR,836380850,,,A,,N,,,,,,CJH20-041 -S4,0,,,